    0,2016/08/15,00:00:00,20,19,11,0
    1,2016/08/15,00:00:11,20.5,18.8,11.3,0
    2,2016/08/15,00:00:21,20.3,18.6,11.2,0
    3,2016/08/15,00:00:31,20.2,18.3,11,0
    4,2016/08/15,00:00:41,20,18.6,11,0
    5,2016/08/15,00:00:51,19.6,19,11,0
    6,2016/08/15,00:01:01,19,19,11,0
    7,2016/08/15,00:01:11,19,19,11,0
    8,2016/08/15,00:01:21,19.3,19,10.7,0
    9,2016/08/15,00:01:31,20,18.3,10,0
   10,2016/08/15,00:01:41,20,18,10,0
   11,2016/08/15,00:01:51,20,18.2,10.5,0
   12,2016/08/15,00:02:01,19.5,19,10,0
   13,2016/08/15,00:02:11,19.1,19,10,0
   14,2016/08/15,00:02:21,18.1,19,9.6,0
   15,2016/08/15,00:02:32,17.6,19,9,0
   16,2016/08/15,00:02:42,17.3,19,9,0
   17,2016/08/15,00:02:52,17.6,19,9,0
   18,2016/08/15,00:03:02,17.8,19.5,9,0
   19,2016/08/15,00:03:12,18,19,9,0
   20,2016/08/15,00:03:22,18,19,9,0
   21,2016/08/15,00:03:32,18,19,9.8,0
   22,2016/08/15,00:03:42,18,19,10,0
   23,2016/08/15,00:03:52,17.5,19,10,0
   24,2016/08/15,00:04:02,17.1,19,10,0
   25,2016/08/15,00:04:12,17.5,19,10,0
   26,2016/08/15,00:04:22,17,18.3,9.1,0
   27,2016/08/15,00:04:32,17.9,18,9.8,0
   28,2016/08/15,00:04:42,18,18,10,0
   29,2016/08/15,00:04:52,18,18,10,0
   30,2016/08/15,00:05:03,18.9,17.3,10.3,0
   31,2016/08/15,00:05:13,19,17,11,0
   32,2016/08/15,00:05:23,19,17,11,0
   33,2016/08/15,00:05:33,18.5,16.3,10.1,0
   34,2016/08/15,00:05:43,18.9,16,10.5,0
   35,2016/08/15,00:05:53,19,16.7,10,0
   36,2016/08/15,00:06:03,18.5,16.5,10,0
   37,2016/08/15,00:06:13,18.4,16.3,10,0
   38,2016/08/15,00:06:23,19,16,9.6,0
   39,2016/08/15,00:06:33,18,16,9.8,0
   40,2016/08/15,00:06:43,19,16,9.5,0
   41,2016/08/15,00:06:53,19,16,9.5,0
   42,2016/08/15,00:07:03,18.5,16,10,0
   43,2016/08/15,00:07:13,18,16,10,0
   44,2016/08/15,00:07:23,18,16,9.6,0
   45,2016/08/15,00:07:34,17.5,16,9,0
   46,2016/08/15,00:07:44,17,16,9,0
   47,2016/08/15,00:07:54,17,16.7,9,0
   48,2016/08/15,00:08:04,17,17,9,0
   49,2016/08/15,00:08:14,17,17,9.9,0
   50,2016/08/15,00:08:24,17,17,10,0
   51,2016/08/15,00:08:34,17,17,10,0
   52,2016/08/15,00:08:44,17,17,10,0
   53,2016/08/15,00:08:54,16.9,17,10,0
   54,2016/08/15,00:09:04,16,16.7,10,0
   55,2016/08/15,00:09:14,16,16.2,10,0
   56,2016/08/15,00:09:24,16.6,17,10,0
   57,2016/08/15,00:09:34,16.4,17,10,0
   58,2016/08/15,00:09:44,16.6,17,10,0
   59,2016/08/15,00:09:55,17,17,9.6,0
   60,2016/08/15,00:10:05,17.1,16.2,9.5,0
   61,2016/08/15,00:10:15,18,16,9.4,0
   62,2016/08/15,00:10:25,18,15.2,9.1,0
   63,2016/08/15,00:10:35,17.3,15,9.5,0
   64,2016/08/15,00:10:45,17,15,9,0
   65,2016/08/15,00:10:55,17.8,14.2,9,0
   66,2016/08/15,00:11:05,18,14,9.9,0
   67,2016/08/15,00:11:15,18,14,9.1,0
   68,2016/08/15,00:11:25,18,13.7,9.9,0
   69,2016/08/15,00:11:35,18,13,10,0
   70,2016/08/15,00:11:45,18,13,10,0
   71,2016/08/15,00:11:55,17.7,12.2,10,0
   72,2016/08/15,00:12:05,17.8,11.2,10,0
   73,2016/08/15,00:12:15,18,11,10,0
   74,2016/08/15,00:12:26,18,10.7,10.9,0
   75,2016/08/15,00:12:36,18,10,11,0
   76,2016/08/15,00:12:46,18,9.7,11,0
   77,2016/08/15,00:12:56,18,9,11,0
   78,2016/08/15,00:13:06,18,8.7,11,0
   79,2016/08/15,00:13:16,18,8,11,0
   80,2016/08/15,00:13:26,17.7,8,11,0
   81,2016/08/15,00:13:36,17,7.2,10,0
   82,2016/08/15,00:13:46,17,7,10,0
   83,2016/08/15,00:13:56,17,6.2,10,0
   84,2016/08/15,00:14:06,17,6,10,0
   85,2016/08/15,00:14:16,17,6,10,0
   86,2016/08/15,00:14:26,17,6,10,0
   87,2016/08/15,00:14:36,17,6,10,0
   88,2016/08/15,00:14:46,16.6,5.7,10,0
   89,2016/08/15,00:14:56,16.3,5,9,0
   90,2016/08/15,00:15:07,16.5,5,9,0
   91,2016/08/15,00:15:17,16.5,5,9,0
   92,2016/08/15,00:15:27,16.6,5,9.9,0
   93,2016/08/15,00:15:37,16,5,10,0
   94,2016/08/15,00:15:47,16,5,10,0
   95,2016/08/15,00:15:57,16,5,9,0
   96,2016/08/15,00:16:07,16,5,9,0
   97,2016/08/15,00:16:17,15.6,5,9,0
   98,2016/08/15,00:16:27,15,5,9,0
   99,2016/08/15,00:16:37,14.1,5,9,0
  100,2016/08/15,00:16:47,14,5,9,0
  101,2016/08/15,00:16:57,13.1,5,9,0
  102,2016/08/15,00:17:07,13,5,9,0
  103,2016/08/15,00:17:17,12.6,5.3,9,0
  104,2016/08/15,00:17:27,11.6,6,9.5,0
  105,2016/08/15,00:17:37,10.6,6,9,0
  106,2016/08/15,00:17:47,9.6,6,10,0
  107,2016/08/15,00:17:58,9,6,9,0
  108,2016/08/15,00:18:08,9,6,9.5,0
  109,2016/08/15,00:18:18,8.1,6,9,0
  110,2016/08/15,00:18:28,8,6,9.5,0
  111,2016/08/15,00:18:38,7.1,6,10,0
  112,2016/08/15,00:18:48,7,6,10,0
  113,2016/08/15,00:18:58,6.6,6,10,0
  114,2016/08/15,00:19:08,6,5.6,10.5,0
  115,2016/08/15,00:19:18,6,5.8,11,0
  116,2016/08/15,00:19:28,6,5.1,11,0
  117,2016/08/15,00:19:38,5.1,5,11,0
  118,2016/08/15,00:19:48,5,5,11,0
  119,2016/08/15,00:19:58,5,5,10,0
  120,2016/08/15,00:20:08,5,5,10,0
  121,2016/08/15,00:20:18,5,5,10.5,0
  122,2016/08/15,00:20:28,5,5,10.5,0
  123,2016/08/15,00:20:38,5,5,11,0
  124,2016/08/15,00:20:48,5,5,11,0
  125,2016/08/15,00:20:59,5,5,11,0
  126,2016/08/15,00:21:09,4.6,5,10.9,0
  127,2016/08/15,00:21:19,4.9,5,10,0
  128,2016/08/15,00:21:29,5,5,10.5,0
  129,2016/08/15,00:21:39,5,5,10,0
  130,2016/08/15,00:21:49,5,5,10,0
  131,2016/08/15,00:21:59,5,5,10,0
  132,2016/08/15,00:22:09,5,4.6,10,0
  133,2016/08/15,00:22:19,5,4,10,0
  134,2016/08/15,00:22:29,5.9,4,10,0
  135,2016/08/15,00:22:39,6,4,10,0
  136,2016/08/15,00:22:49,6,4,9.4,0
  137,2016/08/15,00:22:59,6.4,4,9,0
  138,2016/08/15,00:23:09,7,3.6,9,0
  139,2016/08/15,00:23:19,7,3,9,0
  140,2016/08/15,00:23:29,7,3,9,0
  141,2016/08/15,00:23:39,7,3,9,0
  142,2016/08/15,00:23:49,7,3,9,0
  143,2016/08/15,00:24:00,7,3,9,0
  144,2016/08/15,00:24:10,6,3,9,0
  145,2016/08/15,00:24:20,6,3,9,0
  146,2016/08/15,00:24:30,6,3,9,0
  147,2016/08/15,00:24:40,6,3,9,0
  148,2016/08/15,00:24:50,6,3,9,0
  149,2016/08/15,00:25:00,6,3,9,0
  150,2016/08/15,00:25:10,5.5,3,9,0
  151,2016/08/15,00:25:20,5,3,9,0
  152,2016/08/15,00:25:30,5,3,8.5,0
  153,2016/08/15,00:25:40,4,3,9,0
  154,2016/08/15,00:25:50,4,3,9,0
  155,2016/08/15,00:26:00,4,2.5,9,0
  156,2016/08/15,00:26:10,4,2,9,0
  157,2016/08/15,00:26:20,3.5,2,9,0
  158,2016/08/15,00:26:30,3.4,2,9,0
  159,2016/08/15,00:26:40,4,2,9,0
  160,2016/08/15,00:26:50,3,2,9,0
  161,2016/08/15,00:27:00,3.9,2,9,0
  162,2016/08/15,00:27:11,4,2,9,0
  163,2016/08/15,00:27:21,4,2,9,0
  164,2016/08/15,00:27:31,4,1.5,8.5,0
  165,2016/08/15,00:27:41,4,1,9,0
  166,2016/08/15,00:27:51,4,1.4,9,0
  167,2016/08/15,00:28:01,4,2,9,0
  168,2016/08/15,00:28:11,4,2,9,0
  169,2016/08/15,00:28:21,4,2,9,0
  170,2016/08/15,00:28:31,4,2,8.9,0
  171,2016/08/15,00:28:41,4,2,8,0
  172,2016/08/15,00:28:51,4,2,8,0
  173,2016/08/15,00:29:01,4,2,8.1,0
  174,2016/08/15,00:29:11,4,2,8.9,0
  175,2016/08/15,00:29:21,4,2,8,0
  176,2016/08/15,00:29:31,3,2,8,0
  177,2016/08/15,00:29:41,3,2,8,0
  178,2016/08/15,00:29:51,3,2,8,0
  179,2016/08/15,00:30:01,3,2,8,0
  180,2016/08/15,00:30:11,3,2,8,0
  181,2016/08/15,00:30:21,3,2,7.3,0
  182,2016/08/15,00:30:32,3,2,7.6,0
  183,2016/08/15,00:30:42,3,2,8,0
  184,2016/08/15,00:30:52,2.5,2,8,0
  185,2016/08/15,00:31:02,2,2,8,0
  186,2016/08/15,00:31:12,2.5,2,8.6,0
  187,2016/08/15,00:31:22,2,2,9,0
  188,2016/08/15,00:31:32,2,2,8.8,0
  189,2016/08/15,00:31:42,2,2,8.6,0
  190,2016/08/15,00:31:52,2,2,9,0
  191,2016/08/15,00:32:02,2,2,9,0
  192,2016/08/15,00:32:12,2,2,9,0
  193,2016/08/15,00:32:22,2,2,9,0
  194,2016/08/15,00:32:32,2,2,9,0
  195,2016/08/15,00:32:42,2,2,9,0
  196,2016/08/15,00:32:52,2,2,9,0
  197,2016/08/15,00:33:02,2,2,8.3,0
  198,2016/08/15,00:33:12,2,2,8,0
  199,2016/08/15,00:33:22,2,2,8,0
  200,2016/08/15,00:33:32,2,2,8,0
  201,2016/08/15,00:33:43,2,2,8,0
  202,2016/08/15,00:33:53,2,2,8,0
  203,2016/08/15,00:34:03,2,2,8,0
  204,2016/08/15,00:34:13,2,2,7.3,0
  205,2016/08/15,00:34:23,2,2,7.6,0
  206,2016/08/15,00:34:33,2,2,8,0
  207,2016/08/15,00:34:43,2,2,8,0
  208,2016/08/15,00:34:53,2,3,8,0
  209,2016/08/15,00:35:03,2,3,8.5,0
  210,2016/08/15,00:35:13,2,3,8,0
  211,2016/08/15,00:35:23,2,3,8,0
  212,2016/08/15,00:35:33,2,3,8.2,0
  213,2016/08/15,00:35:43,2,3,9,0
  214,2016/08/15,00:35:53,1.4,3,9,0
  215,2016/08/15,00:36:03,1,3,8.8,0
  216,2016/08/15,00:36:13,1,3.5,8.7,0
  217,2016/08/15,00:36:23,1,4,9,0
  218,2016/08/15,00:36:33,1.5,4,9,0
  219,2016/08/15,00:36:43,2,4,9,0
  220,2016/08/15,00:36:53,2,4,8.8,0
  221,2016/08/15,00:37:04,2,4,8.7,0
  222,2016/08/15,00:37:14,2,4,9,0
  223,2016/08/15,00:37:24,2,4,9,0
  224,2016/08/15,00:37:34,2,4,8.3,0
  225,2016/08/15,00:37:44,2,4,8.5,0
  226,2016/08/15,00:37:54,2,4,8.7,0
  227,2016/08/15,00:38:04,2,4,8.8,0
  228,2016/08/15,00:38:14,2,4,8,0
  229,2016/08/15,00:38:24,2.6,4,8,0
  230,2016/08/15,00:38:34,3,4,8,0
  231,2016/08/15,00:38:44,3,4,8,0
  232,2016/08/15,00:38:54,3.5,4,8,0
  233,2016/08/15,00:39:04,3,4.1,8,0
  234,2016/08/15,00:39:14,3,4.4,8,0
  235,2016/08/15,00:39:24,3.5,4,8,0
  236,2016/08/15,00:39:34,3,4,8,0
  237,2016/08/15,00:39:44,3,4,8,0
  238,2016/08/15,00:39:54,3.1,4.1,8,0
  239,2016/08/15,00:40:04,4,5,8,0
  240,2016/08/15,00:40:14,4,5,8,0
  241,2016/08/15,00:40:24,4,4.9,8,0
  242,2016/08/15,00:40:35,4,4.6,8,0
  243,2016/08/15,00:40:45,4,5,8,0
  244,2016/08/15,00:40:55,4,5,8,0
  245,2016/08/15,00:41:05,4.6,5,8,0
  246,2016/08/15,00:41:15,5,5,8,0
  247,2016/08/15,00:41:25,5,5,8,0
  248,2016/08/15,00:41:35,5.6,5,8,0
  249,2016/08/15,00:41:45,6,4.9,8,0
  250,2016/08/15,00:41:55,5.4,4,7.7,0
  251,2016/08/15,00:42:05,5.6,4,7,0
  252,2016/08/15,00:42:15,6,4,7,0
  253,2016/08/15,00:42:25,6,4,7,0
  254,2016/08/15,00:42:35,6,4,7,0
  255,2016/08/15,00:42:45,6.1,4,7.7,0
  256,2016/08/15,00:42:55,7,4,7.7,0
  257,2016/08/15,00:43:05,6.3,4,7.7,0
  258,2016/08/15,00:43:15,6,4,8,0
  259,2016/08/15,00:43:25,6,4,8,0
  260,2016/08/15,00:43:35,6,4,7.7,0
  261,2016/08/15,00:43:45,5.3,4,7.5,0
  262,2016/08/15,00:43:55,5,4,7,0
  263,2016/08/15,00:44:05,5,4,7,0
  264,2016/08/15,00:44:15,5,4,7,0
  265,2016/08/15,00:44:26,5,4,7.8,0
  266,2016/08/15,00:44:36,5,4.1,7.2,0
  267,2016/08/15,00:44:46,5,4.8,7,0
  268,2016/08/15,00:44:56,5,4.6,7,0
  269,2016/08/15,00:45:06,5,5,7,0
  270,2016/08/15,00:45:16,5,5,7,0
  271,2016/08/15,00:45:26,5,5,7,0
  272,2016/08/15,00:45:36,5,5,7,0
  273,2016/08/15,00:45:46,5,5,7,0
  274,2016/08/15,00:45:56,5,5,7,0
  275,2016/08/15,00:46:06,5,5.6,7,0
  276,2016/08/15,00:46:16,5,5.5,7,0
  277,2016/08/15,00:46:26,5,5.5,7,0
  278,2016/08/15,00:46:36,5,5.8,7,0
  279,2016/08/15,00:46:46,5,5.5,7,0
  280,2016/08/15,00:46:56,5,5.1,7,0
  281,2016/08/15,00:47:06,5,5.8,7.3,0
  282,2016/08/15,00:47:16,5,5,7.7,0
  283,2016/08/15,00:47:26,5,5,7.5,0
  284,2016/08/15,00:47:36,5,5,7.8,0
  285,2016/08/15,00:47:46,5,5,8,0
  286,2016/08/15,00:47:56,5.2,5,8,0
  287,2016/08/15,00:48:06,6,5,8,0
  288,2016/08/15,00:48:16,6,4.5,8,0
  289,2016/08/15,00:48:27,6,5,8,0
  290,2016/08/15,00:48:37,6,5,8,0
  291,2016/08/15,00:48:47,6,5,8,0
  292,2016/08/15,00:48:57,6,5,8,0
  293,2016/08/15,00:49:07,6,5,8.3,0
  294,2016/08/15,00:49:17,6.2,5,9,0
  295,2016/08/15,00:49:27,6.3,4.8,9,0
  296,2016/08/15,00:49:37,6,4,9.5,0
  297,2016/08/15,00:49:47,6.2,4,9,0
  298,2016/08/15,00:49:57,7,4.7,9,0
  299,2016/08/15,00:50:07,7,5,9,0
  300,2016/08/15,00:50:17,7,5,9,0
  301,2016/08/15,00:50:27,6.8,5,9,0
  302,2016/08/15,00:50:37,6,5.7,9,0
  303,2016/08/15,00:50:47,6,5.8,9,0
  304,2016/08/15,00:50:57,6.2,5,9,0
  305,2016/08/15,00:51:07,7,5,9,0
  306,2016/08/15,00:51:17,7,5,8.1,0
  307,2016/08/15,00:51:27,7,5,8,0
  308,2016/08/15,00:51:37,7,5.2,8,0
  309,2016/08/15,00:51:47,6.8,6,8,0
  310,2016/08/15,00:51:57,6.7,6,7.1,0
  311,2016/08/15,00:52:07,7,6,7,0
  312,2016/08/15,00:52:18,7,6,7,0
  313,2016/08/15,00:52:28,7,5.8,7,0
  314,2016/08/15,00:52:38,6.2,5,7,0
  315,2016/08/15,00:52:48,6,5,7,0
  316,2016/08/15,00:52:58,6,4.7,7.3,0
  317,2016/08/15,00:53:08,6.2,4,8,0
  318,2016/08/15,00:53:18,7,4,8.3,0
  319,2016/08/15,00:53:28,6.2,4,9,0
  320,2016/08/15,00:53:38,6,4,9,0
  321,2016/08/15,00:53:48,6,4,9,0
  322,2016/08/15,00:53:58,6,4,9,0
  323,2016/08/15,00:54:08,5.2,4,9,0
  324,2016/08/15,00:54:18,5.7,4,9.4,0
  325,2016/08/15,00:54:28,5.2,3.2,10,0
  326,2016/08/15,00:54:38,5,3.7,10,0
  327,2016/08/15,00:54:48,5,4,10.4,0
  328,2016/08/15,00:54:58,5,4,11,0
  329,2016/08/15,00:55:08,5.2,4,11,0
  330,2016/08/15,00:55:18,5.7,4.7,11,0
  331,2016/08/15,00:55:28,5,5,11,0
  332,2016/08/15,00:55:38,5,5,11,0
  333,2016/08/15,00:55:48,5,5,10.1,0
  334,2016/08/15,00:55:58,5,5.2,10,0
  335,2016/08/15,00:56:09,5,6,10,0
  336,2016/08/15,00:56:19,5,6,10,0
  337,2016/08/15,00:56:29,5.2,6,10,0
  338,2016/08/15,00:56:39,5.5,6,10,0
  339,2016/08/15,00:56:49,5.2,6,9.1,0
  340,2016/08/15,00:56:59,5,6,9,0
  341,2016/08/15,00:57:09,5,5.7,9,0
  342,2016/08/15,00:57:19,5,5,8.6,0
  343,2016/08/15,00:57:29,5,5,8,0
  344,2016/08/15,00:57:39,5,5,8,0
  345,2016/08/15,00:57:49,5,4.7,8,0
  346,2016/08/15,00:57:59,5.3,4,7.6,0
  347,2016/08/15,00:58:09,5.5,4,7.4,0
  348,2016/08/15,00:58:19,5.2,4,7,0
  349,2016/08/15,00:58:29,5.8,4,7,0
  350,2016/08/15,00:58:39,6,4,7,0
  351,2016/08/15,00:58:49,6,3.2,7,0
  352,2016/08/15,00:58:59,5.7,3,7,0
  353,2016/08/15,00:59:09,5.3,3,7,0
  354,2016/08/15,00:59:19,5.5,3,7,0
  355,2016/08/15,00:59:29,6,3,7,0
  356,2016/08/15,00:59:39,6,3,6.5,0
  357,2016/08/15,00:59:49,6,3,7,0
  358,2016/08/15,00:59:59,6,3,7,0
  359,2016/08/15,01:00:10,6,3,7,0
  360,2016/08/15,01:00:20,6,3,6.5,0
  361,2016/08/15,01:00:30,6,3,6.4,0
  362,2016/08/15,01:00:40,6,3,7,0
  363,2016/08/15,01:00:50,6,3,7.4,0
  364,2016/08/15,01:01:00,6,3,8,0
  365,2016/08/15,01:01:10,6,3,7,0
  366,2016/08/15,01:01:20,6,3,7,0
  367,2016/08/15,01:01:30,6,3,7,0
  368,2016/08/15,01:01:40,6,3.8,7.9,0
  369,2016/08/15,01:01:50,6,4,8,0
  370,2016/08/15,01:02:00,6,4,8,0
  371,2016/08/15,01:02:10,6,3.2,8,0
  372,2016/08/15,01:02:20,6,3.8,8,0
  373,2016/08/15,01:02:30,6,3.1,8,0
  374,2016/08/15,01:02:40,6,3.5,8,0
  375,2016/08/15,01:02:50,6,3,8,0
  376,2016/08/15,01:03:00,6,3,8,0
  377,2016/08/15,01:03:10,6,3,8,0
  378,2016/08/15,01:03:20,6,3,7.5,0
  379,2016/08/15,01:03:31,6,3,7,0
  380,2016/08/15,01:03:41,6,3,7,0
  381,2016/08/15,01:03:51,6,3,7,0
  382,2016/08/15,01:04:01,6,3,7,0
  383,2016/08/15,01:04:11,5.6,3,7,0
  384,2016/08/15,01:04:21,5,3,7,0
  385,2016/08/15,01:04:31,5,3,7,0
  386,2016/08/15,01:04:41,5,3,6.5,0
  387,2016/08/15,01:04:51,4.1,3,7,0
  388,2016/08/15,01:05:01,4,3,7,0
  389,2016/08/15,01:05:11,4,2.1,7,0
  390,2016/08/15,01:05:21,4.5,2,7,0
  391,2016/08/15,01:05:31,4.5,2.8,7,0
  392,2016/08/15,01:05:41,4,3,7,0
  393,2016/08/15,01:05:51,3.1,3,7,0
  394,2016/08/15,01:06:01,3.4,3,7,0
  395,2016/08/15,01:06:11,4,3,8,0
  396,2016/08/15,01:06:21,4,2.1,8,0
  397,2016/08/15,01:06:31,4,2.3,8,0
  398,2016/08/15,01:06:41,4,2.6,8,0
  399,2016/08/15,01:06:52,4,2.9,8,0
  400,2016/08/15,01:07:02,4,3,8,0
  401,2016/08/15,01:07:12,4,3,8,0
  402,2016/08/15,01:07:22,4,3,7.9,0
  403,2016/08/15,01:07:32,3.6,3,7,0
  404,2016/08/15,01:07:42,3,3,7,0
  405,2016/08/15,01:07:52,3,3,8,0
  406,2016/08/15,01:08:02,3,2.6,8,0
  407,2016/08/15,01:08:12,3,2.4,7.9,0
  408,2016/08/15,01:08:22,3,3,7,0
  409,2016/08/15,01:08:32,2.6,3,7,0
  410,2016/08/15,01:08:42,2,3,7.4,0
  411,2016/08/15,01:08:52,2,3,7,0
  412,2016/08/15,01:09:02,2.4,3,7,0
  413,2016/08/15,01:09:12,3,3.4,7.5,0
  414,2016/08/15,01:09:22,3,3.1,7.9,0
  415,2016/08/15,01:09:32,3,3,7,0
  416,2016/08/15,01:09:42,3,3,7.5,0
  417,2016/08/15,01:09:52,3,3,7.4,0
  418,2016/08/15,01:10:02,3,3,7,0
  419,2016/08/15,01:10:12,3,3,7,0
  420,2016/08/15,01:10:23,3,3,7,0
  421,2016/08/15,01:10:33,3,3,7,0
  422,2016/08/15,01:10:43,3,3,7,0
  423,2016/08/15,01:10:53,3,3,7,0
  424,2016/08/15,01:11:03,3,3,7,0
  425,2016/08/15,01:11:13,3,2.1,7,0
  426,2016/08/15,01:11:23,3,2,6.4,0
  427,2016/08/15,01:11:33,3,2,6,0
  428,2016/08/15,01:11:43,3,2,6.9,0
  429,2016/08/15,01:11:53,2.5,2,6,0
  430,2016/08/15,01:12:03,3,2,6,0
  431,2016/08/15,01:12:13,3,2,6,0
  432,2016/08/15,01:12:23,3,2,6,0
  433,2016/08/15,01:12:33,3,2,6,0
  434,2016/08/15,01:12:43,3,2,6,0
  435,2016/08/15,01:12:53,3,2,6,0
  436,2016/08/15,01:13:03,3,2,6,0
  437,2016/08/15,01:13:13,3,2,6,0
  438,2016/08/15,01:13:23,3,2,6,0
  439,2016/08/15,01:13:34,3,2,6,0
  440,2016/08/15,01:13:44,3,2,6,0
  441,2016/08/15,01:13:54,3,2,6,0
  442,2016/08/15,01:14:04,3,2,6,0
  443,2016/08/15,01:14:14,3,2,6,0
  444,2016/08/15,01:14:24,3,2,6,0
  445,2016/08/15,01:14:34,3,2,6,0
  446,2016/08/15,01:14:44,3,2,6,0
  447,2016/08/15,01:14:54,3,2,6,0
  448,2016/08/15,01:15:04,2,2,6,0
  449,2016/08/15,01:15:14,2,2,6.1,0
  450,2016/08/15,01:15:24,2,2,7,0
  451,2016/08/15,01:15:34,2,2,7,0
  452,2016/08/15,01:15:44,2.5,2,7,0
  453,2016/08/15,01:15:54,2,2,7,0
  454,2016/08/15,01:16:04,2,2,7,0
  455,2016/08/15,01:16:14,3,2,7,0
  456,2016/08/15,01:16:24,3,2,7,0
  457,2016/08/15,01:16:34,3,2,7,0
  458,2016/08/15,01:16:45,3,2,7,0
  459,2016/08/15,01:16:55,3,2,7,0
  460,2016/08/15,01:17:05,3,2,7,0
  461,2016/08/15,01:17:15,3,2,7,0
  462,2016/08/15,01:17:25,3.5,2,7,0
  463,2016/08/15,01:17:35,3.5,3,7.1,0
  464,2016/08/15,01:17:45,4,3,7.8,0
  465,2016/08/15,01:17:55,4,2.5,7,0
  466,2016/08/15,01:18:05,4,2,7,0
  467,2016/08/15,01:18:15,3.5,2.5,7,0
  468,2016/08/15,01:18:25,4,2.5,7,0
  469,2016/08/15,01:18:35,4,2.5,7.1,0
  470,2016/08/15,01:18:45,3,2,8,0
  471,2016/08/15,01:18:55,3,3,7.8,0
  472,2016/08/15,01:19:05,2.5,3,7,0
  473,2016/08/15,01:19:15,2,3,7,0
  474,2016/08/15,01:19:25,2,3,7,0
  475,2016/08/15,01:19:35,2,3,7,0
  476,2016/08/15,01:19:45,2,3,7,0
  477,2016/08/15,01:19:55,2,3,7,0
  478,2016/08/15,01:20:06,2,3,7,0
  479,2016/08/15,01:20:16,2,3,6.5,0
  480,2016/08/15,01:20:26,2,3,7,0
  481,2016/08/15,01:20:36,2,3,7,0
  482,2016/08/15,01:20:46,2,3,7,0
  483,2016/08/15,01:20:56,2.5,3,7,0
  484,2016/08/15,01:21:06,2,3,7,0
  485,2016/08/15,01:21:16,2,3,7,0
  486,2016/08/15,01:21:26,2,3,7,0
  487,2016/08/15,01:21:36,2.5,3,7,0
  488,2016/08/15,01:21:46,3,3,7,0
  489,2016/08/15,01:21:56,3,3,7,0
  490,2016/08/15,01:22:06,3,3,7,0
  491,2016/08/15,01:22:16,3,2.9,7.2,0
  492,2016/08/15,01:22:26,3,2,7.8,0
  493,2016/08/15,01:22:36,3,2,7.2,0
  494,2016/08/15,01:22:46,3,2,7.8,0
  495,2016/08/15,01:22:56,3,2,7,0
  496,2016/08/15,01:23:06,3,2,7,0
  497,2016/08/15,01:23:16,3,2,7,0
  498,2016/08/15,01:23:26,3,3,7,0
  499,2016/08/15,01:23:37,3,3,7,0
  500,2016/08/15,01:23:47,3,3,7.2,0
  501,2016/08/15,01:23:57,3.5,3,8,0
  502,2016/08/15,01:24:07,3.5,3,8,0
  503,2016/08/15,01:24:17,4,3,7.3,0
  504,2016/08/15,01:24:27,4,3,7,0
  505,2016/08/15,01:24:37,4,3,7,0
  506,2016/08/15,01:24:47,4,3,7,0
  507,2016/08/15,01:24:57,4,3,7,0
  508,2016/08/15,01:25:07,4,3.5,7,0
  509,2016/08/15,01:25:17,4,4,7,0
  510,2016/08/15,01:25:27,4,4,7,0
  511,2016/08/15,01:25:37,4,4,7,0
  512,2016/08/15,01:25:47,4,3.9,7,0
  513,2016/08/15,01:25:57,4,3,7,0
  514,2016/08/15,01:26:07,4,3.6,6.7,0
  515,2016/08/15,01:26:17,4,4,6,0
  516,2016/08/15,01:26:27,4,3.4,6,0
  517,2016/08/15,01:26:37,4,3,6,0
  518,2016/08/15,01:26:47,4,3.6,6,0
  519,2016/08/15,01:26:57,4,4,6,0
  520,2016/08/15,01:27:07,4,4,5.5,0
  521,2016/08/15,01:27:17,4,4,6,0
  522,2016/08/15,01:27:28,4,4,6,0
  523,2016/08/15,01:27:38,4,4,6,0
  524,2016/08/15,01:27:48,4,3.4,6,0
  525,2016/08/15,01:27:58,4,3,6,0
  526,2016/08/15,01:28:08,4,3,6,0
  527,2016/08/15,01:28:18,4,3,6,0
  528,2016/08/15,01:28:28,4,3,6,0
  529,2016/08/15,01:28:38,4,3,6,0
  530,2016/08/15,01:28:48,4,3,6,0
  531,2016/08/15,01:28:58,4,2.9,6,0
  532,2016/08/15,01:29:08,4,2,6,0
  533,2016/08/15,01:29:18,4,2,6.7,0
  534,2016/08/15,01:29:28,4,2,7,0
  535,2016/08/15,01:29:38,4,2,7,0
  536,2016/08/15,01:29:48,4,2,6.2,0
  537,2016/08/15,01:29:58,4.5,2,6.7,0
  538,2016/08/15,01:30:08,4.6,2,7,0
  539,2016/08/15,01:30:18,4.3,2.1,7,0
  540,2016/08/15,01:30:28,4,3,6.5,0
  541,2016/08/15,01:30:38,4,3,7,0
  542,2016/08/15,01:30:48,4,3,7,0
  543,2016/08/15,01:30:58,4,3,7,0
  544,2016/08/15,01:31:09,4,3,7,0
  545,2016/08/15,01:31:19,4,3,7,0
  546,2016/08/15,01:31:29,4,3,7,0
  547,2016/08/15,01:31:39,4,3,7,0
  548,2016/08/15,01:31:49,4,3,7,0
  549,2016/08/15,01:31:59,3.3,3,7,0
  550,2016/08/15,01:32:09,3,3,7,0
  551,2016/08/15,01:32:19,3,3,7,0
  552,2016/08/15,01:32:29,3,3,7,0
  553,2016/08/15,01:32:39,3,3,7,0
  554,2016/08/15,01:32:49,3,3,7,0
  555,2016/08/15,01:32:59,3,3,7,0
  556,2016/08/15,01:33:09,3,3,7,0
  557,2016/08/15,01:33:19,3,3,7,0
  558,2016/08/15,01:33:29,3.6,3,7,0
  559,2016/08/15,01:33:39,4,3,7,0
  560,2016/08/15,01:33:49,4,3,6.2,0
  561,2016/08/15,01:33:59,4,3,6,0
  562,2016/08/15,01:34:09,4,2.3,6,0
  563,2016/08/15,01:34:19,4,2,6,0
  564,2016/08/15,01:34:29,4,2,6.3,0
  565,2016/08/15,01:34:40,4,2,7,0
  566,2016/08/15,01:34:50,4,2,7,0
  567,2016/08/15,01:35:00,4,2,6.5,0
  568,2016/08/15,01:35:10,4,2,7,0
  569,2016/08/15,01:35:20,4,2,6.2,0
  570,2016/08/15,01:35:30,4,2,6,0
  571,2016/08/15,01:35:40,4,2,6,0
  572,2016/08/15,01:35:50,4,2,6,0
  573,2016/08/15,01:36:00,4,2,6.8,0
  574,2016/08/15,01:36:10,3.3,2,7,0
  575,2016/08/15,01:36:20,3,2,6.6,0
  576,2016/08/15,01:36:30,3,2,6.8,0
  577,2016/08/15,01:36:40,3,2,7,0
  578,2016/08/15,01:36:50,3,2,7,0
  579,2016/08/15,01:37:00,3,2,7,0
  580,2016/08/15,01:37:10,3,2,7,0
  581,2016/08/15,01:37:20,3,2,7,0
  582,2016/08/15,01:37:30,3,2,6.1,0
  583,2016/08/15,01:37:40,3,2,6,0
  584,2016/08/15,01:37:50,3,2,6,0
  585,2016/08/15,01:38:00,3,2,6,0
  586,2016/08/15,01:38:10,3,2,6,0
  587,2016/08/15,01:38:21,3,2,6,0
  588,2016/08/15,01:38:31,3,2,6,0
  589,2016/08/15,01:38:41,3.2,2,6,0
  590,2016/08/15,01:38:51,4,2,6,0
  591,2016/08/15,01:39:01,3.2,2,6,0
  592,2016/08/15,01:39:11,3,2,6,0
  593,2016/08/15,01:39:21,3,1.7,6,0
  594,2016/08/15,01:39:31,3,1.7,6,0
  595,2016/08/15,01:39:41,3,1.5,6,0
  596,2016/08/15,01:39:51,3,2,6,0
  597,2016/08/15,01:40:01,3,2,6,0
  598,2016/08/15,01:40:11,2.2,2,6,0
  599,2016/08/15,01:40:21,2,2,6,0
  600,2016/08/15,01:40:31,2.2,2,6.4,0
  601,2016/08/15,01:40:41,2.7,2,6.6,0
  602,2016/08/15,01:40:51,2.7,2,6,0
  603,2016/08/15,01:41:01,2.2,2,6.4,0
  604,2016/08/15,01:41:11,2,2,7,0
  605,2016/08/15,01:41:21,2,2,7,0
  606,2016/08/15,01:41:31,2,2,7,0
  607,2016/08/15,01:41:41,2,2,7,0
  608,2016/08/15,01:41:51,2,2,6.1,0
  609,2016/08/15,01:42:02,2.7,2,6,0
  610,2016/08/15,01:42:12,3,2,6.5,0
  611,2016/08/15,01:42:22,3,2,6.9,0
  612,2016/08/15,01:42:32,3,2,6.1,0
  613,2016/08/15,01:42:42,3,2,6,0
  614,2016/08/15,01:42:52,3,2,6,0
  615,2016/08/15,01:43:02,2.7,2,6,0
  616,2016/08/15,01:43:12,2.5,2,6,0
  617,2016/08/15,01:43:22,2,2,6,0
  618,2016/08/15,01:43:32,2,2,6,0
  619,2016/08/15,01:43:42,2.8,2,6,0
  620,2016/08/15,01:43:52,3,2,6,0
  621,2016/08/15,01:44:02,3,2,6,0
  622,2016/08/15,01:44:12,3,2,6,0
  623,2016/08/15,01:44:22,3,2,6,0
  624,2016/08/15,01:44:32,3,2,6,0
  625,2016/08/15,01:44:42,3,2,6,0
  626,2016/08/15,01:44:52,3,2.3,6,0
  627,2016/08/15,01:45:02,3,3,6,0
  628,2016/08/15,01:45:12,2.7,3,6,0
  629,2016/08/15,01:45:23,2.3,2.7,6,0
  630,2016/08/15,01:45:33,2.5,2.8,6,0
  631,2016/08/15,01:45:43,3,3,6,0
  632,2016/08/15,01:45:53,2.2,2.7,6,0
  633,2016/08/15,01:46:03,2,2,6,0
  634,2016/08/15,01:46:13,2,2,6,0
  635,2016/08/15,01:46:23,2,2,6,0
  636,2016/08/15,01:46:33,2,2,6,0
  637,2016/08/15,01:46:43,2,2,6,0
  638,2016/08/15,01:46:53,2,2,6,0
  639,2016/08/15,01:47:03,2,2,6,0
  640,2016/08/15,01:47:13,2,2,6,0
  641,2016/08/15,01:47:23,2,2,6,0
  642,2016/08/15,01:47:33,2,2,6,0
  643,2016/08/15,01:47:43,2,2,6,0
  644,2016/08/15,01:47:53,2,2,6,0
  645,2016/08/15,01:48:03,2,2,6,0
  646,2016/08/15,01:48:13,2,2,6,0
  647,2016/08/15,01:48:23,2,2,6,0
  648,2016/08/15,01:48:33,2.8,2,6,0
  649,2016/08/15,01:48:43,2.6,2,6,0
  650,2016/08/15,01:48:53,2.5,2,6,0
  651,2016/08/15,01:49:04,2,2,6,0
  652,2016/08/15,01:49:14,2,2,6,0
  653,2016/08/15,01:49:24,2,2,5,0
  654,2016/08/15,01:49:34,2.3,2.8,6,0
  655,2016/08/15,01:49:44,3,3,6,0
  656,2016/08/15,01:49:54,2.1,3,6,0
  657,2016/08/15,01:50:04,2,3,6,0
  658,2016/08/15,01:50:14,2.3,3,6,0
  659,2016/08/15,01:50:24,3,3,6,0
  660,2016/08/15,01:50:34,3,3,6,0
  661,2016/08/15,01:50:44,3,3,6,0
  662,2016/08/15,01:50:54,2.1,3,6,0
  663,2016/08/15,01:51:04,2,3,6,0
  664,2016/08/15,01:51:14,2.8,3,6,0
  665,2016/08/15,01:51:24,3,3,6,0
  666,2016/08/15,01:51:34,3,3,6,0
  667,2016/08/15,01:51:44,3,3,6,0
  668,2016/08/15,01:51:54,3,3,6,0
  669,2016/08/15,01:52:04,2.6,3,6,0
  670,2016/08/15,01:52:14,2.5,3,6,0
  671,2016/08/15,01:52:25,2,3,6,0
  672,2016/08/15,01:52:35,2,3,6,0
  673,2016/08/15,01:52:45,2,3,6,0
  674,2016/08/15,01:52:55,2,3,6,0
  675,2016/08/15,01:53:05,2,3,6,0
  676,2016/08/15,01:53:15,2,3.8,6,0
  677,2016/08/15,01:53:25,2,4,6,0
  678,2016/08/15,01:53:35,2,4,6,0
  679,2016/08/15,01:53:45,2,4,6,0
  680,2016/08/15,01:53:55,2,4,6,0
  681,2016/08/15,01:54:05,2,4,6,0
  682,2016/08/15,01:54:15,2,4,6,0
  683,2016/08/15,01:54:25,2,4.4,6,0
  684,2016/08/15,01:54:35,2,5,6,0
  685,2016/08/15,01:54:45,2.4,5,6,0
  686,2016/08/15,01:54:55,3,5,6,0
  687,2016/08/15,01:55:05,3,5,6,0
  688,2016/08/15,01:55:15,3,5,6,0
  689,2016/08/15,01:55:25,3,5,6,0
  690,2016/08/15,01:55:35,3,5,6,0
  691,2016/08/15,01:55:46,3,5,6,0
  692,2016/08/15,01:55:56,3.4,5,6,0
  693,2016/08/15,01:56:06,4,5,6,0
  694,2016/08/15,01:56:16,4,5,6,0
  695,2016/08/15,01:56:26,4,5,6,0
  696,2016/08/15,01:56:36,4,5,6,0
  697,2016/08/15,01:56:46,4,5,6,0
  698,2016/08/15,01:56:56,4,5,6,0
  699,2016/08/15,01:57:06,4,5,6,0
  700,2016/08/15,01:57:16,4,5,6,0
  701,2016/08/15,01:57:26,4,5,6,0
  702,2016/08/15,01:57:36,4,5,6,0
  703,2016/08/15,01:57:46,4,5,5.5,0
  704,2016/08/15,01:57:56,4,5,6,0
  705,2016/08/15,01:58:06,4,5,6,0
  706,2016/08/15,01:58:16,4,5.9,6,0
  707,2016/08/15,01:58:26,3.5,6,6,0
  708,2016/08/15,01:58:36,3.4,6,6.1,0
  709,2016/08/15,01:58:46,3,6,7,0
  710,2016/08/15,01:58:57,3.5,6,7,0
  711,2016/08/15,01:59:07,3,6,7,0
  712,2016/08/15,01:59:17,3,6,7,0
  713,2016/08/15,01:59:27,3,6,6.9,0
  714,2016/08/15,01:59:37,3,6,6.6,0
  715,2016/08/15,01:59:47,3,6,7,0
  716,2016/08/15,01:59:57,3,6,7,0
  717,2016/08/15,02:00:07,3.4,6,7,0
  718,2016/08/15,02:00:17,4,6,7,0
  719,2016/08/15,02:00:27,4,6,7,0
  720,2016/08/15,02:00:37,4,6,7,0
  721,2016/08/15,02:00:47,4.4,6,7,0
  722,2016/08/15,02:00:57,4.5,6,7,0
  723,2016/08/15,02:01:07,5,6.4,7,0
  724,2016/08/15,02:01:17,5,7,6.4,0
  725,2016/08/15,02:01:27,5.4,7,6,0
  726,2016/08/15,02:01:37,6,7,6,0
  727,2016/08/15,02:01:47,6,7.9,6,0
  728,2016/08/15,02:01:57,5.5,7.5,6,0
  729,2016/08/15,02:02:07,6,8,6,0
  730,2016/08/15,02:02:17,6,8,6,0
  731,2016/08/15,02:02:28,6,8,6,0
  732,2016/08/15,02:02:38,6,8,6,0
  733,2016/08/15,02:02:48,6,8,6,0
  734,2016/08/15,02:02:58,5.5,8,6,0
  735,2016/08/15,02:03:08,5,8,6,0
  736,2016/08/15,02:03:18,5,8,6,0
  737,2016/08/15,02:03:28,5,8.5,5.8,0
  738,2016/08/15,02:03:38,5,8,5.6,0
  739,2016/08/15,02:03:48,5,8,6,0
  740,2016/08/15,02:03:58,5,8,6,0
  741,2016/08/15,02:04:08,5.5,8,6,0
  742,2016/08/15,02:04:18,6,8,6,0
  743,2016/08/15,02:04:28,6,8,6,0
  744,2016/08/15,02:04:38,6,8,6,0
  745,2016/08/15,02:04:48,6.5,8,6,0
  746,2016/08/15,02:04:58,7,8,6,0
  747,2016/08/15,02:05:08,7,8,6,0
  748,2016/08/15,02:05:18,7,8,6,0
  749,2016/08/15,02:05:28,7.5,8,6,0
  750,2016/08/15,02:05:38,7.5,8,6,0
  751,2016/08/15,02:05:49,8,7.5,6,0
  752,2016/08/15,02:05:59,8,7,6,0
  753,2016/08/15,02:06:09,8,7,5.3,0
  754,2016/08/15,02:06:19,8,7,5,0
  755,2016/08/15,02:06:29,8,7,5,0
  756,2016/08/15,02:06:39,8,6.5,5,0
  757,2016/08/15,02:06:49,8.6,6,5,0
  758,2016/08/15,02:06:59,9,6.5,5,0
  759,2016/08/15,02:07:09,9,6,5,0
  760,2016/08/15,02:07:19,9,6,5.6,0
  761,2016/08/15,02:07:29,9,6.4,6,0
  762,2016/08/15,02:07:39,9.1,6,6,0
  763,2016/08/15,02:07:49,10,6,5.3,0
  764,2016/08/15,02:07:59,10,6,5,0
  765,2016/08/15,02:08:09,10,6,5,0
  766,2016/08/15,02:08:19,10,6,5,0
  767,2016/08/15,02:08:29,10,6,5,0
  768,2016/08/15,02:08:39,10,6,5.5,0
  769,2016/08/15,02:08:49,9.4,6.5,5,0
  770,2016/08/15,02:08:59,9,7,5,0
  771,2016/08/15,02:09:09,9.6,7,5,0
  772,2016/08/15,02:09:20,9.4,7,5.7,0
  773,2016/08/15,02:09:30,9,7,6,0
  774,2016/08/15,02:09:40,9,7,6,0
  775,2016/08/15,02:09:50,9,7.5,5.3,0
  776,2016/08/15,02:10:00,9,7,5,0
  777,2016/08/15,02:10:10,8.4,8,5,0
  778,2016/08/15,02:10:20,8,8,5,0
  779,2016/08/15,02:10:30,8,8,5.2,0
  780,2016/08/15,02:10:40,8,8,5.8,0
  781,2016/08/15,02:10:50,8,8,5,0
  782,2016/08/15,02:11:00,8,8,5,0
  783,2016/08/15,02:11:10,8,7.9,5,0
  784,2016/08/15,02:11:20,8,7,5,0
  785,2016/08/15,02:11:30,8,7,5,0
  786,2016/08/15,02:11:40,7.3,6.9,5,0
  787,2016/08/15,02:11:50,7,6,5,0
  788,2016/08/15,02:12:00,7,6,5,0
  789,2016/08/15,02:12:10,7,6,5,0
  790,2016/08/15,02:12:20,7,6,5,0
  791,2016/08/15,02:12:30,7,6,5,0
  792,2016/08/15,02:12:41,7,6,5,0
  793,2016/08/15,02:12:51,7,6,5,0
  794,2016/08/15,02:13:01,7,6,5,0
  795,2016/08/15,02:13:11,7,5.5,5,0
  796,2016/08/15,02:13:21,7,5.9,5,0
  797,2016/08/15,02:13:31,7,5,5,0
  798,2016/08/15,02:13:41,7,5,5,0
  799,2016/08/15,02:13:51,7,5.6,5,0
  800,2016/08/15,02:14:01,7,5.9,5,0
  801,2016/08/15,02:14:11,7,5.1,5,0
  802,2016/08/15,02:14:21,6.8,6,5,0
  803,2016/08/15,02:14:31,6,6,5,0
  804,2016/08/15,02:14:41,6,6,5,0
  805,2016/08/15,02:14:51,6,6,5,0
  806,2016/08/15,02:15:01,6,6,5,0
  807,2016/08/15,02:15:11,6,6,5,0
  808,2016/08/15,02:15:22,6,6,5,0
  809,2016/08/15,02:15:32,6,6,5,0
  810,2016/08/15,02:15:42,5.8,6,5,0
  811,2016/08/15,02:15:52,5.2,6,5,0
  812,2016/08/15,02:16:02,6,6,5,0
  813,2016/08/15,02:16:12,6,6,5,0
  814,2016/08/15,02:16:22,6,6,5,0
  815,2016/08/15,02:16:32,6,6,5,0
  816,2016/08/15,02:16:42,6,5.8,5,0
  817,2016/08/15,02:16:52,6,5.1,5,0
  818,2016/08/15,02:17:02,6,6,5,0
  819,2016/08/15,02:17:12,6,6,5,0
  820,2016/08/15,02:17:22,6,5.3,5,0
  821,2016/08/15,02:17:32,6,5,5,0
  822,2016/08/15,02:17:43,6,4.3,5,0
  823,2016/08/15,02:17:53,6,4,5,0
  824,2016/08/15,02:18:03,6,4,5,0
  825,2016/08/15,02:18:13,6.2,4,5.8,0
  826,2016/08/15,02:18:23,6.3,4,6,0
  827,2016/08/15,02:18:33,6.2,4,6,0
  828,2016/08/15,02:18:43,7,4,6,0
  829,2016/08/15,02:18:53,7,4.6,6,0
  830,2016/08/15,02:19:03,7,5,6,0
  831,2016/08/15,02:19:13,7,5,6,0
  832,2016/08/15,02:19:23,7,5,6,0
  833,2016/08/15,02:19:33,6.8,5,6,0
  834,2016/08/15,02:19:43,6,5,5.7,0
  835,2016/08/15,02:19:53,6,5,5,0
  836,2016/08/15,02:20:04,6,5,5,0
  837,2016/08/15,02:20:14,5.3,5,5,0
  838,2016/08/15,02:20:24,5.7,5,5,0
  839,2016/08/15,02:20:34,6,5,5,0
  840,2016/08/15,02:20:44,5.2,5,5,0
  841,2016/08/15,02:20:54,5,5,5,0
  842,2016/08/15,02:21:04,5,5,4.7,0
  843,2016/08/15,02:21:14,5,4.3,4,0
  844,2016/08/15,02:21:24,5,4,4,0
  845,2016/08/15,02:21:34,5,4,4,0
  846,2016/08/15,02:21:44,5,4,4.3,0
  847,2016/08/15,02:21:54,5,4,5,0
  848,2016/08/15,02:22:04,5,4,4.5,0
  849,2016/08/15,02:22:15,5,4,4.1,0
  850,2016/08/15,02:22:25,5,4,4,0
  851,2016/08/15,02:22:35,5,4,4.3,0
  852,2016/08/15,02:22:45,5,4,5,0
  853,2016/08/15,02:22:55,5,4,5,0
  854,2016/08/15,02:23:05,4.2,4,5,0
  855,2016/08/15,02:23:15,4,4,5,0
  856,2016/08/15,02:23:25,4,4,5,0
  857,2016/08/15,02:23:35,4,4,5,0
  858,2016/08/15,02:23:45,3.7,4,5,0
  859,2016/08/15,02:23:55,3,4.5,5,0
  860,2016/08/15,02:24:05,3,4,5,0
  861,2016/08/15,02:24:15,3,4,5,0
  862,2016/08/15,02:24:26,3.8,4,5,0
  863,2016/08/15,02:24:36,4,4,5,0
  864,2016/08/15,02:24:46,4,4,5,0
  865,2016/08/15,02:24:56,4,4,5,0
  866,2016/08/15,02:25:06,4,4,5,0
  867,2016/08/15,02:25:16,4,4,4.6,0
  868,2016/08/15,02:25:26,4,4,4,0
  869,2016/08/15,02:25:36,4,4,4,0
  870,2016/08/15,02:25:46,4,4,4,0
  871,2016/08/15,02:25:56,4,4,4.8,0
  872,2016/08/15,02:26:06,4,4,5,0
  873,2016/08/15,02:26:16,4,4,5,0
  874,2016/08/15,02:26:26,4,4,5,0
  875,2016/08/15,02:26:37,3.6,4,5,0
  876,2016/08/15,02:26:47,3,4,5,0
  877,2016/08/15,02:26:57,3,3.7,5,0
  878,2016/08/15,02:27:07,3,3.7,5,0
  879,2016/08/15,02:27:17,3,4,5,0
  880,2016/08/15,02:27:27,3,4,5.4,0
  881,2016/08/15,02:27:37,3,4,6,0
  882,2016/08/15,02:27:47,3,4,6,0
  883,2016/08/15,02:27:57,3,4,6,0
  884,2016/08/15,02:28:07,3,4,6,0
  885,2016/08/15,02:28:17,3,4,6,0
  886,2016/08/15,02:28:27,3,4,6,0
  887,2016/08/15,02:28:37,3,4,6,0
  888,2016/08/15,02:28:48,3,4,6,0
  889,2016/08/15,02:28:58,3,4,6,0
  890,2016/08/15,02:29:08,3,4,6,0
  891,2016/08/15,02:29:18,3.9,4,6,0
  892,2016/08/15,02:29:28,4,4,6,0
  893,2016/08/15,02:29:38,4,4,6,0
  894,2016/08/15,02:29:48,4,4,6,0
  895,2016/08/15,02:29:58,4,4,6,0
  896,2016/08/15,02:30:08,4,4,5.6,0
  897,2016/08/15,02:30:18,4,4,5.9,0
  898,2016/08/15,02:30:28,4,4,6,0
  899,2016/08/15,02:30:38,4,4,6,0
  900,2016/08/15,02:30:48,4,4,6,0
  901,2016/08/15,02:30:59,4.4,4,6,0
  902,2016/08/15,02:31:09,5,4,6,0
  903,2016/08/15,02:31:19,5,4,6,0
  904,2016/08/15,02:31:29,5,4,6,0
  905,2016/08/15,02:31:39,5,4,6,0
  906,2016/08/15,02:31:49,4,4,6,0
  907,2016/08/15,02:31:59,4,4,6,0
  908,2016/08/15,02:32:09,4,4,6,0
  909,2016/08/15,02:32:19,4,4,6,0
  910,2016/08/15,02:32:29,4,4,6,0
  911,2016/08/15,02:32:39,4,4,6,0
  912,2016/08/15,02:32:49,4,4,5,0
  913,2016/08/15,02:32:59,4,4,5,0
  914,2016/08/15,02:33:09,3.5,3.2,5,0
  915,2016/08/15,02:33:20,3,3,5,0
  916,2016/08/15,02:33:30,3,3,5,0
  917,2016/08/15,02:33:40,3,3,5,0
  918,2016/08/15,02:33:50,3,3,5,0
  919,2016/08/15,02:34:00,3,3,5,0
  920,2016/08/15,02:34:10,2.5,3,5,0
  921,2016/08/15,02:34:20,3,3,5,0
  922,2016/08/15,02:34:30,3,3,5,0
  923,2016/08/15,02:34:40,2.9,3,5,0
  924,2016/08/15,02:34:50,2,3,5,0
  925,2016/08/15,02:35:00,2,3,5,0
  926,2016/08/15,02:35:10,3,3,5,0
  927,2016/08/15,02:35:20,3,3,5,0
  928,2016/08/15,02:35:30,3,3,5,0
  929,2016/08/15,02:35:41,3,3,5,0
  930,2016/08/15,02:35:51,3,3.3,5,0
  931,2016/08/15,02:36:01,3,4,5,0
  932,2016/08/15,02:36:11,3,4,5,0
  933,2016/08/15,02:36:21,3,4,5,0
  934,2016/08/15,02:36:31,3,4,5,0
  935,2016/08/15,02:36:41,3,4,5,0
  936,2016/08/15,02:36:51,3,4,5,0
  937,2016/08/15,02:37:01,3,4,5,0
  938,2016/08/15,02:37:11,3,4,5,0
  939,2016/08/15,02:37:21,3,4,5,0
  940,2016/08/15,02:37:31,3,4,5,0
  941,2016/08/15,02:37:41,3,3.6,5,0
  942,2016/08/15,02:37:51,3,3,5,0
  943,2016/08/15,02:38:02,3,3.8,5,0
  944,2016/08/15,02:38:12,3,3.1,5,0
  945,2016/08/15,02:38:22,3,3,5,0
  946,2016/08/15,02:38:32,3,3,5,0
  947,2016/08/15,02:38:42,3,3,5,0
  948,2016/08/15,02:38:52,3,3,5,0
  949,2016/08/15,02:39:02,3,3,5,0
  950,2016/08/15,02:39:12,3,3,5,0
  951,2016/08/15,02:39:22,3,3,5,0
  952,2016/08/15,02:39:32,3,3,5,0
  953,2016/08/15,02:39:42,3,3,4,0
  954,2016/08/15,02:39:52,3,3,4,0
  955,2016/08/15,02:40:02,3,3,4,0
  956,2016/08/15,02:40:12,3,3,4,0
  957,2016/08/15,02:40:23,3,3,5,0
  958,2016/08/15,02:40:33,3,3,4.9,0
  959,2016/08/15,02:40:43,3.5,3,4,0
  960,2016/08/15,02:40:53,3,3,4,0
  961,2016/08/15,02:41:03,3,3,4,0
  962,2016/08/15,02:41:13,3,3,4,0
  963,2016/08/15,02:41:23,3,3,4,0
  964,2016/08/15,02:41:33,3,3,4,0
  965,2016/08/15,02:41:43,3,3,4,0
  966,2016/08/15,02:41:53,3,3,4,0
  967,2016/08/15,02:42:03,3,3,4,0
  968,2016/08/15,02:42:13,3,2.5,4,0
  969,2016/08/15,02:42:23,3,3,4,0
  970,2016/08/15,02:42:33,3,3,4,0
  971,2016/08/15,02:42:44,3,3,5,0
  972,2016/08/15,02:42:54,3,3,6,0
  973,2016/08/15,02:43:04,3,3,6,0
  974,2016/08/15,02:43:14,3,3,6,0
  975,2016/08/15,02:43:24,3,3,6,0
  976,2016/08/15,02:43:34,3,3,6,0
  977,2016/08/15,02:43:44,3,3,6,0
  978,2016/08/15,02:43:54,3,3,6,0
  979,2016/08/15,02:44:04,3,3,6,0
  980,2016/08/15,02:44:14,3.3,3,6,0
  981,2016/08/15,02:44:24,4,3,6,0
  982,2016/08/15,02:44:34,3.2,3,6,0
  983,2016/08/15,02:44:44,3,3,6,0
  984,2016/08/15,02:44:54,3,3,6,0
  985,2016/08/15,02:45:05,3,3,6,0
  986,2016/08/15,02:45:15,3,3,5.9,0
  987,2016/08/15,02:45:25,3,3,5.1,0
  988,2016/08/15,02:45:35,3,3,6,0
  989,2016/08/15,02:45:45,3,3,6,0
  990,2016/08/15,02:45:55,3,3,6,0
  991,2016/08/15,02:46:05,3,3,6,0
  992,2016/08/15,02:46:15,3,3,6,0
  993,2016/08/15,02:46:25,3,3,6,0
  994,2016/08/15,02:46:35,3,3,6,0
  995,2016/08/15,02:46:45,3,3,6,0
  996,2016/08/15,02:46:55,2.5,3,6,0
  997,2016/08/15,02:47:05,3,3.9,6,0
  998,2016/08/15,02:47:16,3,4,6,0
  999,2016/08/15,02:47:26,3,4,6,0
 1000,2016/08/15,02:47:36,3,4,5.4,0
 1001,2016/08/15,02:47:46,3,4,5,0
 1002,2016/08/15,02:47:56,3,3.5,4.9,0
 1003,2016/08/15,02:48:06,3,3,4,0
 1004,2016/08/15,02:48:16,3,3,4,0
 1005,2016/08/15,02:48:26,3,3,4,0
 1006,2016/08/15,02:48:36,3,3,4,0
 1007,2016/08/15,02:48:46,3,3,4.1,0
 1008,2016/08/15,02:48:56,3,3,5,0
 1009,2016/08/15,02:49:06,3,3,4.4,0
 1010,2016/08/15,02:49:16,3,3,4,0
 1011,2016/08/15,02:49:26,3,3,4,0
 1012,2016/08/15,02:49:37,3,3,4,0
 1013,2016/08/15,02:49:47,3,3,4,0
 1014,2016/08/15,02:49:57,3,3,4,0
 1015,2016/08/15,02:50:07,3,3,4,0
 1016,2016/08/15,02:50:17,3,3,4,0
 1017,2016/08/15,02:50:27,3,3,4.6,0
 1018,2016/08/15,02:50:37,3,3,5,0
 1019,2016/08/15,02:50:47,3,3,4.8,0
 1020,2016/08/15,02:50:57,3,3,4,0
 1021,2016/08/15,02:51:07,3,3,4,0
 1022,2016/08/15,02:51:17,3,3,4.5,0
 1023,2016/08/15,02:51:27,3,3,4,0
 1024,2016/08/15,02:51:37,3,3,4,0
 1025,2016/08/15,02:51:48,3,3,4,0
 1026,2016/08/15,02:51:58,3,3,4,0
 1027,2016/08/15,02:52:08,3,3,4,0
 1028,2016/08/15,02:52:18,3,3,4,0
 1029,2016/08/15,02:52:28,3,3,4.1,0
 1030,2016/08/15,02:52:38,3,3,5,0
 1031,2016/08/15,02:52:48,3,3,4.3,0
 1032,2016/08/15,02:52:58,3,3.5,4,0
 1033,2016/08/15,02:53:08,3,4,4,0
 1034,2016/08/15,02:53:18,3,3,4,0
 1035,2016/08/15,02:53:28,3,3,4,0
 1036,2016/08/15,02:53:38,3,3,4,0
 1037,2016/08/15,02:53:48,3,3,4,0
 1038,2016/08/15,02:53:58,3,3,4,0
 1039,2016/08/15,02:54:09,3,3,4,0
 1040,2016/08/15,02:54:19,3,3,4,0
 1041,2016/08/15,02:54:29,3,3,4,0
 1042,2016/08/15,02:54:39,3,3,4,0
 1043,2016/08/15,02:54:49,3,3,4.5,0
 1044,2016/08/15,02:54:59,3,3,4,0
 1045,2016/08/15,02:55:09,3,3,4,0
 1046,2016/08/15,02:55:19,3,3,4,0
 1047,2016/08/15,02:55:29,3,3,4.7,0
 1048,2016/08/15,02:55:39,3,3,5,0
 1049,2016/08/15,02:55:49,3,3,5,0
 1050,2016/08/15,02:55:59,3,3,5,0
 1051,2016/08/15,02:56:09,3,3,5,0
 1052,2016/08/15,02:56:20,3,3,5,0
 1053,2016/08/15,02:56:30,3,3,5,0
 1054,2016/08/15,02:56:40,3,3,5,0
 1055,2016/08/15,02:56:50,3,3,5,0
 1056,2016/08/15,02:57:00,3,3,5,0
 1057,2016/08/15,02:57:10,3,3,5,0
 1058,2016/08/15,02:57:20,3,3,5,0
 1059,2016/08/15,02:57:30,3,3,5,0
 1060,2016/08/15,02:57:40,3.2,3,5,0
 1061,2016/08/15,02:57:50,4,3,5,0
 1062,2016/08/15,02:58:00,4,3,5,0
 1063,2016/08/15,02:58:10,3.8,3,5,0
 1064,2016/08/15,02:58:20,3.7,3,5.7,0
 1065,2016/08/15,02:58:30,3,3,6,0
 1066,2016/08/15,02:58:41,3.8,3,6,0
 1067,2016/08/15,02:58:51,3.7,3,6,0
 1068,2016/08/15,02:59:01,3.8,3,6,0
 1069,2016/08/15,02:59:11,3.7,3,5.3,0
 1070,2016/08/15,02:59:21,3,3,5,0
 1071,2016/08/15,02:59:31,3.5,3,5,0
 1072,2016/08/15,02:59:41,3.8,3,5,0
 1073,2016/08/15,02:59:51,4,3,5,0
 1074,2016/08/15,03:00:01,4,3,5,0
 1075,2016/08/15,03:00:11,3.2,3,5,0
 1076,2016/08/15,03:00:21,3,3,5,0
 1077,2016/08/15,03:00:31,3,3,5,0
 1078,2016/08/15,03:00:41,3,3,4.7,0
 1079,2016/08/15,03:00:51,3.8,3,4,0
 1080,2016/08/15,03:01:01,4,3,4,0
 1081,2016/08/15,03:01:12,4,3,4,0
 1082,2016/08/15,03:01:22,4,3,4,0
 1083,2016/08/15,03:01:32,3.1,3,4,0
 1084,2016/08/15,03:01:42,3.8,3,4,0
 1085,2016/08/15,03:01:52,4,3,4,0
 1086,2016/08/15,03:02:02,4,3,4,0
 1087,2016/08/15,03:02:12,4,3,4,0
 1088,2016/08/15,03:02:22,4,3,4,0
 1089,2016/08/15,03:02:32,3.6,3.1,4,0
 1090,2016/08/15,03:02:42,3,3.4,4,0
 1091,2016/08/15,03:02:52,3,3.1,4,0
 1092,2016/08/15,03:03:02,3,4,4,0
 1093,2016/08/15,03:03:12,3,4,4,0
 1094,2016/08/15,03:03:22,3,4,4,0
 1095,2016/08/15,03:03:33,3,3.8,4,0
 1096,2016/08/15,03:03:43,3,3,4,0
 1097,2016/08/15,03:03:53,3,3.1,4,0
 1098,2016/08/15,03:04:03,3.4,4,4,0
 1099,2016/08/15,03:04:13,3.5,4,4,0
 1100,2016/08/15,03:04:23,3,4,4.8,0
 1101,2016/08/15,03:04:33,3.4,4,5,0
 1102,2016/08/15,03:04:43,4,4,5,0
 1103,2016/08/15,03:04:53,4,4,5,0
 1104,2016/08/15,03:05:03,4,4,5,0
 1105,2016/08/15,03:05:13,4,4,5,0
 1106,2016/08/15,03:05:23,4,4,5,0
 1107,2016/08/15,03:05:33,4,4,5,0
 1108,2016/08/15,03:05:43,4,4,5,0
 1109,2016/08/15,03:05:54,4,4,5,0
 1110,2016/08/15,03:06:04,4,4,5,0
 1111,2016/08/15,03:06:14,4,4,5,0
 1112,2016/08/15,03:06:24,4,4,5,0
 1113,2016/08/15,03:06:34,4,4,5,0
 1114,2016/08/15,03:06:44,4,4,5,0
 1115,2016/08/15,03:06:54,4,4,4.2,0
 1116,2016/08/15,03:07:04,4,4,4.3,0
 1117,2016/08/15,03:07:14,4,4,4.7,0
 1118,2016/08/15,03:07:24,4,4,4,0
 1119,2016/08/15,03:07:34,4,4,4,0
 1120,2016/08/15,03:07:44,4,4.1,4,0
 1121,2016/08/15,03:07:54,4,5,4,0
 1122,2016/08/15,03:08:04,4,4.8,4,0
 1123,2016/08/15,03:08:15,4,4.5,4,0
 1124,2016/08/15,03:08:25,4,4,4,0
 1125,2016/08/15,03:08:35,4,4,4,0
 1126,2016/08/15,03:08:45,4,4,4.3,0
 1127,2016/08/15,03:08:55,4,4,4.6,0
 1128,2016/08/15,03:09:05,4,4,4,0
 1129,2016/08/15,03:09:15,4,4,4,0
 1130,2016/08/15,03:09:25,4,4.5,4,0
 1131,2016/08/15,03:09:35,4,4,4.5,0
 1132,2016/08/15,03:09:45,4,4,4.3,0
 1133,2016/08/15,03:09:55,4,4,5,0
 1134,2016/08/15,03:10:05,4,4,5,0
 1135,2016/08/15,03:10:15,4,4,5,0
 1136,2016/08/15,03:10:26,4,4,5,0
 1137,2016/08/15,03:10:36,4,4,5,0
 1138,2016/08/15,03:10:46,3.4,4,4.1,0
 1139,2016/08/15,03:10:56,3,4,4.3,0
 1140,2016/08/15,03:11:06,3,4,4.1,0
 1141,2016/08/15,03:11:16,3,4,4,0
 1142,2016/08/15,03:11:26,3,4,4.3,0
 1143,2016/08/15,03:11:36,3,4,4.6,0
 1144,2016/08/15,03:11:46,3,4,4,0
 1145,2016/08/15,03:11:56,3,4,4,0
 1146,2016/08/15,03:12:06,3,4,4,0
 1147,2016/08/15,03:12:16,3,4,4,0
 1148,2016/08/15,03:12:26,3,4,4,0
 1149,2016/08/15,03:12:37,3,4,4,0
 1150,2016/08/15,03:12:47,3,4,4,0
 1151,2016/08/15,03:12:57,3,4,4,0
 1152,2016/08/15,03:13:07,3,4,4,0
 1153,2016/08/15,03:13:17,3.2,4,4,0
 1154,2016/08/15,03:13:27,4,4,4,0
 1155,2016/08/15,03:13:37,4,4,4.4,0
 1156,2016/08/15,03:13:47,4,4,5,0
 1157,2016/08/15,03:13:57,4,4,4.1,0
 1158,2016/08/15,03:14:07,4,4,4,0
 1159,2016/08/15,03:14:17,4,4,4,0
 1160,2016/08/15,03:14:27,4,4,4,0
 1161,2016/08/15,03:14:37,4,4,4,0
 1162,2016/08/15,03:14:47,4,4,4,0
 1163,2016/08/15,03:14:58,4,4,4,0
 1164,2016/08/15,03:15:08,4,4,4,0
 1165,2016/08/15,03:15:18,4,4,4,0
 1166,2016/08/15,03:15:28,4,4,4,0
 1167,2016/08/15,03:15:38,4,4,4,0
 1168,2016/08/15,03:15:48,4,4,4,0
 1169,2016/08/15,03:15:58,4.7,4,4.4,0
 1170,2016/08/15,03:16:08,5,4,4.6,0
 1171,2016/08/15,03:16:18,5,4,4,0
 1172,2016/08/15,03:16:28,5,4,4,0
 1173,2016/08/15,03:16:38,5,4,4,0
 1174,2016/08/15,03:16:48,5,4.2,4,0
 1175,2016/08/15,03:16:58,5,4.5,4,0
 1176,2016/08/15,03:17:08,5,4.7,4,0
 1177,2016/08/15,03:17:19,5,4,4,0
 1178,2016/08/15,03:17:29,5,4,4,0
 1179,2016/08/15,03:17:39,4.7,4,4.9,0
 1180,2016/08/15,03:17:49,4,4.8,5,0
 1181,2016/08/15,03:17:59,4,5,5,0
 1182,2016/08/15,03:18:09,4,5,5,0
 1183,2016/08/15,03:18:19,4,5,5,0
 1184,2016/08/15,03:18:29,3.6,4.2,5,0
 1185,2016/08/15,03:18:39,3.3,4,5,0
 1186,2016/08/15,03:18:49,4,4,5,0
 1187,2016/08/15,03:18:59,3.1,4,5,0
 1188,2016/08/15,03:19:09,3.3,4,5,0
 1189,2016/08/15,03:19:19,4,3.7,5,0
 1190,2016/08/15,03:19:30,4,3,5,0
 1191,2016/08/15,03:19:40,4,3,5,0
 1192,2016/08/15,03:19:50,4,3,5,0
 1193,2016/08/15,03:20:00,4,3.3,5,0
 1194,2016/08/15,03:20:10,4,3.2,4.5,0
 1195,2016/08/15,03:20:20,4,3,4,0
 1196,2016/08/15,03:20:30,4,3.3,4,0
 1197,2016/08/15,03:20:40,4,4,4,0
 1198,2016/08/15,03:20:50,3.1,4,4,0
 1199,2016/08/15,03:21:00,3.5,4,4,0
 1200,2016/08/15,03:21:10,3,4,4.9,0
 1201,2016/08/15,03:21:20,3.9,4.3,4.5,0
 1202,2016/08/15,03:21:30,4,4.2,4,0
 1203,2016/08/15,03:21:40,4,4.3,4,0
 1204,2016/08/15,03:21:51,3,5,4,0
 1205,2016/08/15,03:22:01,3.4,5,4,0
 1206,2016/08/15,03:22:11,4,5,4,0
 1207,2016/08/15,03:22:21,4,5,4,0
 1208,2016/08/15,03:22:31,4,5,4,0
 1209,2016/08/15,03:22:41,4,5.3,4,0
 1210,2016/08/15,03:22:51,4,5.5,4.5,0
 1211,2016/08/15,03:23:01,4,5.1,5,0
 1212,2016/08/15,03:23:11,4,5,4,0
 1213,2016/08/15,03:23:21,4,5,4.5,0
 1214,2016/08/15,03:23:31,4,5,4,0
 1215,2016/08/15,03:23:41,5,5,4,0
 1216,2016/08/15,03:23:51,5,5,4,0
 1217,2016/08/15,03:24:02,4.5,5,4,0
 1218,2016/08/15,03:24:12,5,5,4,0
 1219,2016/08/15,03:24:22,5,5,4,0
 1220,2016/08/15,03:24:32,5,5,4,0
 1221,2016/08/15,03:24:42,5,5,4,0
 1222,2016/08/15,03:24:52,5,5,4,0
 1223,2016/08/15,03:25:02,5,5,4,0
 1224,2016/08/15,03:25:12,5,5,4,0
 1225,2016/08/15,03:25:22,5,5,4,0
 1226,2016/08/15,03:25:32,5,5.3,4,0
 1227,2016/08/15,03:25:42,5,6,4,0
 1228,2016/08/15,03:25:52,5,5.1,4,0
 1229,2016/08/15,03:26:02,5,5,4,0
 1230,2016/08/15,03:26:13,5,5.3,4,0
 1231,2016/08/15,03:26:23,5,6,5,0
 1232,2016/08/15,03:26:33,4.4,6,5,0
 1233,2016/08/15,03:26:43,4,6,5,0
 1234,2016/08/15,03:26:53,4,6,5,0
 1235,2016/08/15,03:27:03,4,6,5.5,0
 1236,2016/08/15,03:27:13,4,6,6,0
 1237,2016/08/15,03:27:23,4,6,6,0
 1238,2016/08/15,03:27:33,4,6,6,0
 1239,2016/08/15,03:27:43,4,6,6,0
 1240,2016/08/15,03:27:53,4,6,6,0
 1241,2016/08/15,03:28:03,4,6,6,0
 1242,2016/08/15,03:28:13,4,6,5.4,0
 1243,2016/08/15,03:28:24,4,6,5,0
 1244,2016/08/15,03:28:34,4,6,5,0
 1245,2016/08/15,03:28:44,4,6,5,0
 1246,2016/08/15,03:28:54,4,6,5.4,0
 1247,2016/08/15,03:29:04,4,6,5,0
 1248,2016/08/15,03:29:14,4,6,5,0
 1249,2016/08/15,03:29:24,4,6,5,0
 1250,2016/08/15,03:29:34,4,5.6,5,0
 1251,2016/08/15,03:29:44,4,5,5,0
 1252,2016/08/15,03:29:54,4.1,5,5,0
 1253,2016/08/15,03:30:04,5,5,5,0
 1254,2016/08/15,03:30:14,5,5,5,0
 1255,2016/08/15,03:30:24,5,5,4.5,0
 1256,2016/08/15,03:30:34,5,5,5,0
 1257,2016/08/15,03:30:45,5,5.9,5,0
 1258,2016/08/15,03:30:55,5.2,5.5,5,0
 1259,2016/08/15,03:31:05,6,6,5,0
 1260,2016/08/15,03:31:15,6,5.5,5,0
 1261,2016/08/15,03:31:25,5.5,5,5,0
 1262,2016/08/15,03:31:35,6,5.9,5,0
 1263,2016/08/15,03:31:45,6,6,5,0
 1264,2016/08/15,03:31:55,6,6,5,0
 1265,2016/08/15,03:32:05,6,6,5,0
 1266,2016/08/15,03:32:15,6,6,4.4,0
 1267,2016/08/15,03:32:25,6,6.4,4,0
 1268,2016/08/15,03:32:35,6,7,4,0
 1269,2016/08/15,03:32:45,6,6,4,0
 1270,2016/08/15,03:32:56,6,6.4,4,0
 1271,2016/08/15,03:33:06,6,7,4,0
 1272,2016/08/15,03:33:16,6,7,4,0
 1273,2016/08/15,03:33:26,6,7,4,0
 1274,2016/08/15,03:33:36,6,7,4,0
 1275,2016/08/15,03:33:46,6,7,4,0
 1276,2016/08/15,03:33:56,6,7,4,0
 1277,2016/08/15,03:34:06,6,7,4,0
 1278,2016/08/15,03:34:16,6,6,4,0
 1279,2016/08/15,03:34:26,6.3,6,4,0
 1280,2016/08/15,03:34:36,6.2,6,4,0
 1281,2016/08/15,03:34:46,6,6.4,4,0
 1282,2016/08/15,03:34:56,6,6,4,0
 1283,2016/08/15,03:35:06,6,6,4.1,0
 1284,2016/08/15,03:35:17,6,6.9,5,0
 1285,2016/08/15,03:35:27,6,7,5,0
 1286,2016/08/15,03:35:37,6,6,5,0
 1287,2016/08/15,03:35:47,6,6,5,0
 1288,2016/08/15,03:35:57,5.5,6,5,0
 1289,2016/08/15,03:36:07,5,6,5,0
 1290,2016/08/15,03:36:17,5.4,6,5,0
 1291,2016/08/15,03:36:27,6,6,5,0
 1292,2016/08/15,03:36:37,6,6,5,0
 1293,2016/08/15,03:36:47,6,6,4.8,0
 1294,2016/08/15,03:36:57,6,6,4.1,0
 1295,2016/08/15,03:37:07,6,6,4.3,0
 1296,2016/08/15,03:37:17,6,6,4,0
 1297,2016/08/15,03:37:27,6,6,4,0
 1298,2016/08/15,03:37:38,6,6,4.5,0
 1299,2016/08/15,03:37:48,6,6,4,0
 1300,2016/08/15,03:37:58,6,6,4,0
 1301,2016/08/15,03:38:08,6,6,4,0
 1302,2016/08/15,03:38:18,6.5,6,4,0
 1303,2016/08/15,03:38:28,7,6,4.1,0
 1304,2016/08/15,03:38:38,7,6,5,0
 1305,2016/08/15,03:38:48,7,6,5,0
 1306,2016/08/15,03:38:58,7,6,5,0
 1307,2016/08/15,03:39:08,7,5,5,0
 1308,2016/08/15,03:39:18,6.5,5,5,0
 1309,2016/08/15,03:39:28,6.5,5,5,0
 1310,2016/08/15,03:39:38,6.5,5,5,0
 1311,2016/08/15,03:39:49,6.9,5,5,0
 1312,2016/08/15,03:39:59,6,5,5,0
 1313,2016/08/15,03:40:09,6,5,5,0
 1314,2016/08/15,03:40:19,6,5,5,0
 1315,2016/08/15,03:40:29,6,5,4.8,0
 1316,2016/08/15,03:40:39,6,5,4,0
 1317,2016/08/15,03:40:49,6,5,4,0
 1318,2016/08/15,03:40:59,6,5,4,0
 1319,2016/08/15,03:41:09,6,5,3.3,0
 1320,2016/08/15,03:41:19,6,5,3,0
 1321,2016/08/15,03:41:29,6,5,3,0
 1322,2016/08/15,03:41:39,6,5,3.2,0
 1323,2016/08/15,03:41:49,6,5,3.5,0
 1324,2016/08/15,03:41:59,6,5,4,0
 1325,2016/08/15,03:42:10,6,5,4,0
 1326,2016/08/15,03:42:20,6,5,3.5,0
 1327,2016/08/15,03:42:30,6,5,4,0
 1328,2016/08/15,03:42:40,6,5,4,0
 1329,2016/08/15,03:42:50,6,4.4,4,0
 1330,2016/08/15,03:43:00,6,4,3.8,0
 1331,2016/08/15,03:43:10,5.8,5,3,0
 1332,2016/08/15,03:43:20,5.6,5,3,0
 1333,2016/08/15,03:43:30,5.3,4.4,3,0
 1334,2016/08/15,03:43:40,5,4,3.2,0
 1335,2016/08/15,03:43:50,5,4,4,0
 1336,2016/08/15,03:44:00,5,4,4,0
 1337,2016/08/15,03:44:11,5,4,4,0
 1338,2016/08/15,03:44:21,5,4,4,0
 1339,2016/08/15,03:44:31,5,4,4,0
 1340,2016/08/15,03:44:41,5,4,4,0
 1341,2016/08/15,03:44:51,5,4,4,0
 1342,2016/08/15,03:45:01,5,4,4,0
 1343,2016/08/15,03:45:11,5,4,4,0
 1344,2016/08/15,03:45:21,5,4,4,0
 1345,2016/08/15,03:45:31,5,4,4,0
 1346,2016/08/15,03:45:41,5,4,4,0
 1347,2016/08/15,03:45:51,5,4,4,0
 1348,2016/08/15,03:46:01,5,4,4,0
 1349,2016/08/15,03:46:12,5,4,3.7,0
 1350,2016/08/15,03:46:22,5,4,3,0
 1351,2016/08/15,03:46:32,5,4.6,3,0
 1352,2016/08/15,03:46:42,5,5,3,0
 1353,2016/08/15,03:46:52,5,5,3,0
 1354,2016/08/15,03:47:02,5,4.4,3,0
 1355,2016/08/15,03:47:12,5,4.5,3,0
 1356,2016/08/15,03:47:22,5,4,3,0
 1357,2016/08/15,03:47:32,5,4,3,0
 1358,2016/08/15,03:47:42,5,4,3,0
 1359,2016/08/15,03:47:52,5,4,3.2,0
 1360,2016/08/15,03:48:02,5,4.6,3.2,0
 1361,2016/08/15,03:48:12,5,4.4,3.7,0
 1362,2016/08/15,03:48:22,5,4.1,4,0
 1363,2016/08/15,03:48:33,5,4.9,4,0
 1364,2016/08/15,03:48:43,5.3,4,4,0
 1365,2016/08/15,03:48:53,6,4,4,0
 1366,2016/08/15,03:49:03,6,4,4,0
 1367,2016/08/15,03:49:13,6,4,4,0
 1368,2016/08/15,03:49:23,5.1,4,4,0
 1369,2016/08/15,03:49:33,5,4,4,0
 1370,2016/08/15,03:49:43,5.4,4,4,0
 1371,2016/08/15,03:49:53,6,4,4,0
 1372,2016/08/15,03:50:03,6,4,4,0
 1373,2016/08/15,03:50:13,6,4,4,0
 1374,2016/08/15,03:50:23,5.6,4,4,0
 1375,2016/08/15,03:50:33,5,4,4,0
 1376,2016/08/15,03:50:44,5,4,3.2,0
 1377,2016/08/15,03:50:54,5,4,3,0
 1378,2016/08/15,03:51:04,5,4,3,0
 1379,2016/08/15,03:51:14,5,4.1,3.8,0
 1380,2016/08/15,03:51:24,5,4.3,4,0
 1381,2016/08/15,03:51:34,4.5,4.6,4,0
 1382,2016/08/15,03:51:44,4,5,4,0
 1383,2016/08/15,03:51:54,4.9,5,4.3,0
 1384,2016/08/15,03:52:04,5,5,5,0
 1385,2016/08/15,03:52:14,4.5,4.5,5,0
 1386,2016/08/15,03:52:24,4.9,5,5,0
 1387,2016/08/15,03:52:34,4.5,5,5,0
 1388,2016/08/15,03:52:44,4,5,5,0
 1389,2016/08/15,03:52:55,4,5,5,0
 1390,2016/08/15,03:53:05,4,5,5,0
 1391,2016/08/15,03:53:15,4,5,5,0
 1392,2016/08/15,03:53:25,4,5,5,0
 1393,2016/08/15,03:53:35,4,4.3,5,0
 1394,2016/08/15,03:53:45,4.9,4,5,0
 1395,2016/08/15,03:53:55,4,4,5,0
 1396,2016/08/15,03:54:05,4,4,4.7,0
 1397,2016/08/15,03:54:15,5,4,4,0
 1398,2016/08/15,03:54:25,4.4,4,4,0
 1399,2016/08/15,03:54:35,4,4,4,0
 1400,2016/08/15,03:54:45,4.5,4,4,0
 1401,2016/08/15,03:54:55,4,4,4,0
 1402,2016/08/15,03:55:06,4,4,4,0
 1403,2016/08/15,03:55:16,4,4.5,4,0
 1404,2016/08/15,03:55:26,4.5,4,4,0
 1405,2016/08/15,03:55:36,5,4.2,3.6,0
 1406,2016/08/15,03:55:46,4.9,4.8,3,0
 1407,2016/08/15,03:55:56,4.5,4.2,3,0
 1408,2016/08/15,03:56:06,4,5,3,0
 1409,2016/08/15,03:56:16,4,5,3,0
 1410,2016/08/15,03:56:26,4.5,5,3,0
 1411,2016/08/15,03:56:36,4,5,3,0
 1412,2016/08/15,03:56:46,4,5,3,0
 1413,2016/08/15,03:56:56,4,5,3,0
 1414,2016/08/15,03:57:06,4,5,3,0
 1415,2016/08/15,03:57:17,4,5,3,0
 1416,2016/08/15,03:57:27,4,5,3,0
 1417,2016/08/15,03:57:37,4,5,3,0
 1418,2016/08/15,03:57:47,4,5,3,0
 1419,2016/08/15,03:57:57,4,5,3,0
 1420,2016/08/15,03:58:07,4,5,3,0
 1421,2016/08/15,03:58:17,4,5,3.3,0
 1422,2016/08/15,03:58:27,4,5,4,0
 1423,2016/08/15,03:58:37,4,5,4,0
 1424,2016/08/15,03:58:47,4,4.8,4,0
 1425,2016/08/15,03:58:57,4,4,4,0
 1426,2016/08/15,03:59:07,4,4.7,4,0
 1427,2016/08/15,03:59:17,4,5,4,0
 1428,2016/08/15,03:59:27,4,5,4,0
 1429,2016/08/15,03:59:38,4.5,5,4,0
 1430,2016/08/15,03:59:48,4.6,5.7,4,0
 1431,2016/08/15,03:59:58,4.5,6,4,0
 1432,2016/08/15,04:00:08,5,6,4,0
 1433,2016/08/15,04:00:18,5,6,4,0
 1434,2016/08/15,04:00:28,5,6,4,0
 1435,2016/08/15,04:00:38,5,6.2,4,0
 1436,2016/08/15,04:00:48,5,7,4,0
 1437,2016/08/15,04:00:58,5,7,4,0
 1438,2016/08/15,04:01:08,5,6.7,4,0
 1439,2016/08/15,04:01:18,5,6,4,0
 1440,2016/08/15,04:01:28,5,6.7,4,0
 1441,2016/08/15,04:01:38,5,7,4,0
 1442,2016/08/15,04:01:49,5,7,4,0
 1443,2016/08/15,04:01:59,5,7,4,0
 1444,2016/08/15,04:02:09,4.5,6.7,4,0
 1445,2016/08/15,04:02:19,5,6,4,0
 1446,2016/08/15,04:02:29,4.3,6,4,0
 1447,2016/08/15,04:02:39,4,6,4,0
 1448,2016/08/15,04:02:49,4,6,4.4,0
 1449,2016/08/15,04:02:59,4,6,5,0
 1450,2016/08/15,04:03:09,4,6,5,0
 1451,2016/08/15,04:03:19,4,6,5,0
 1452,2016/08/15,04:03:29,4,5.7,4.1,0
 1453,2016/08/15,04:03:39,4,5.7,4,0
 1454,2016/08/15,04:03:49,4.3,6,4,0
 1455,2016/08/15,04:03:59,5,6,4,0
 1456,2016/08/15,04:04:10,5,6,4,0
 1457,2016/08/15,04:04:20,5,6,4,0
 1458,2016/08/15,04:04:30,5,6,4,0
 1459,2016/08/15,04:04:40,5,6,4,0
 1460,2016/08/15,04:04:50,5,6,4,0
 1461,2016/08/15,04:05:00,5,6,4,0
 1462,2016/08/15,04:05:10,5.8,6,4,0
 1463,2016/08/15,04:05:20,6,5.2,3.5,0
 1464,2016/08/15,04:05:30,6,5,3,0
 1465,2016/08/15,04:05:40,6,5,3,0
 1466,2016/08/15,04:05:50,6,5.8,3,0
 1467,2016/08/15,04:06:00,6,6,3,0
 1468,2016/08/15,04:06:10,6,6,3,0
 1469,2016/08/15,04:06:20,6,6,3.5,0
 1470,2016/08/15,04:06:31,5.1,6,3.9,0
 1471,2016/08/15,04:06:41,5,6,4,0
 1472,2016/08/15,04:06:51,5,6.3,4,0
 1473,2016/08/15,04:07:01,5,7,4,0
 1474,2016/08/15,04:07:11,5.9,7,4,0
 1475,2016/08/15,04:07:21,6,7,4,0
 1476,2016/08/15,04:07:31,6,7,4,0
 1477,2016/08/15,04:07:41,6,7,4,0
 1478,2016/08/15,04:07:51,6,7,4,0
 1479,2016/08/15,04:08:01,6,7,4,0
 1480,2016/08/15,04:08:11,6,7,4,0
 1481,2016/08/15,04:08:21,6,7.8,4,0
 1482,2016/08/15,04:08:32,6,8,4,0
 1483,2016/08/15,04:08:42,6,8,4,0
 1484,2016/08/15,04:08:52,6.5,7.1,3.5,0
 1485,2016/08/15,04:09:02,7,7,3,0
 1486,2016/08/15,04:09:12,7,7,3,0
 1487,2016/08/15,04:09:22,7,7,3,0
 1488,2016/08/15,04:09:32,7,7,3,0
 1489,2016/08/15,04:09:42,7,7,3.5,0
 1490,2016/08/15,04:09:52,7,7,4,0
 1491,2016/08/15,04:10:02,7,7,4,0
 1492,2016/08/15,04:10:12,6.5,7,4,0
 1493,2016/08/15,04:10:22,6.5,7,3.5,0
 1494,2016/08/15,04:10:32,7,7,3,0
 1495,2016/08/15,04:10:43,7,7,3.5,0
 1496,2016/08/15,04:10:53,7,7,4,0
 1497,2016/08/15,04:11:03,7,7,4,0
 1498,2016/08/15,04:11:13,7,7,4,0
 1499,2016/08/15,04:11:23,7,7,4,0
 1500,2016/08/15,04:11:33,7,7,4,0
 1501,2016/08/15,04:11:43,7,7,4,0
 1502,2016/08/15,04:11:53,7,7,4,0
 1503,2016/08/15,04:12:03,7,7,4,0
 1504,2016/08/15,04:12:13,7,7,4,0
 1505,2016/08/15,04:12:23,7.6,7.8,4,0
 1506,2016/08/15,04:12:33,8,8,4,0
 1507,2016/08/15,04:12:44,8,8,4,0
 1508,2016/08/15,04:12:54,8,8,4,0
 1509,2016/08/15,04:13:04,8,8,4,0
 1510,2016/08/15,04:13:14,8,8,4,0
 1511,2016/08/15,04:13:24,8,8,4,0
 1512,2016/08/15,04:13:34,8,8,4,0
 1513,2016/08/15,04:13:44,8,8.9,3,0
 1514,2016/08/15,04:13:54,8,8.6,3,0
 1515,2016/08/15,04:14:04,8,8.9,3,0
 1516,2016/08/15,04:14:14,8.6,9,3,0
 1517,2016/08/15,04:14:24,8.4,9,3,0
 1518,2016/08/15,04:14:34,8,9,3,0
 1519,2016/08/15,04:14:45,8,9,3,0
 1520,2016/08/15,04:14:55,8,9,3,0
 1521,2016/08/15,04:15:05,8,9,3,0
 1522,2016/08/15,04:15:15,8,9,3,0
 1523,2016/08/15,04:15:25,7.8,9,3,0
 1524,2016/08/15,04:15:35,7.6,9,3,0
 1525,2016/08/15,04:15:45,8,9,3,0
 1526,2016/08/15,04:15:55,8,9,3,0
 1527,2016/08/15,04:16:05,8,9,4,0
 1528,2016/08/15,04:16:15,8,8.1,4,0
 1529,2016/08/15,04:16:25,8,8,4,0
 1530,2016/08/15,04:16:35,8,8,4,0
 1531,2016/08/15,04:16:46,8,8,4,0
 1532,2016/08/15,04:16:56,8,8,4,0
 1533,2016/08/15,04:17:06,8,8,4,0
 1534,2016/08/15,04:17:16,8,8,4,0
 1535,2016/08/15,04:17:26,7.5,8,4,0
 1536,2016/08/15,04:17:36,8,7.1,4,0
 1537,2016/08/15,04:17:46,8,7,4,0
 1538,2016/08/15,04:17:56,8,7,4,0
 1539,2016/08/15,04:18:06,8,7,3.4,0
 1540,2016/08/15,04:18:16,8,7,3,0
 1541,2016/08/15,04:18:26,8,7,3,0
 1542,2016/08/15,04:18:36,8,7,3,0
 1543,2016/08/15,04:18:46,8,7.4,3,0
 1544,2016/08/15,04:18:57,8,7.5,3,0
 1545,2016/08/15,04:19:07,8,7,3,0
 1546,2016/08/15,04:19:17,8,7.9,3,0
 1547,2016/08/15,04:19:27,8,8,3,0
 1548,2016/08/15,04:19:37,8,7,3,0
 1549,2016/08/15,04:19:47,8,7.9,3,0
 1550,2016/08/15,04:19:57,8,8,3,0
 1551,2016/08/15,04:20:07,8,8,3,0
 1552,2016/08/15,04:20:17,8,8.5,3,0
 1553,2016/08/15,04:20:27,8,8.9,3,0
 1554,2016/08/15,04:20:37,8,9,3,0
 1555,2016/08/15,04:20:47,8,9,3,0
 1556,2016/08/15,04:20:57,8,9,3,0
 1557,2016/08/15,04:21:08,8,9,3,0
 1558,2016/08/15,04:21:18,8.4,9,3.6,0
 1559,2016/08/15,04:21:28,9,9,4,0
 1560,2016/08/15,04:21:38,9,9,4,0
 1561,2016/08/15,04:21:48,9,9,4,0
 1562,2016/08/15,04:21:58,8.1,9,4,0
 1563,2016/08/15,04:22:08,8,9,4,0
 1564,2016/08/15,04:22:18,8,9,4,0
 1565,2016/08/15,04:22:28,8,9,4.1,0
 1566,2016/08/15,04:22:38,8,9,5,0
 1567,2016/08/15,04:22:48,7.5,9,5,0
 1568,2016/08/15,04:22:58,7,9,5,0
 1569,2016/08/15,04:23:08,7,8.5,5,0
 1570,2016/08/15,04:23:19,7,8.5,5,0
 1571,2016/08/15,04:23:29,7,9,5,0
 1572,2016/08/15,04:23:39,7,9,5,0
 1573,2016/08/15,04:23:49,7,9,4.3,0
 1574,2016/08/15,04:23:59,7,9,4,0
 1575,2016/08/15,04:24:09,7,9.5,4.5,0
 1576,2016/08/15,04:24:19,6.5,9,4.6,0
 1577,2016/08/15,04:24:29,7,9,4.8,0
 1578,2016/08/15,04:24:39,7,9,4.5,0
 1579,2016/08/15,04:24:49,6.5,9,4,0
 1580,2016/08/15,04:24:59,7,9,4,0
 1581,2016/08/15,04:25:09,6.5,9,4,0
 1582,2016/08/15,04:25:19,7,9,4,0
 1583,2016/08/15,04:25:30,7,9,4,0
 1584,2016/08/15,04:25:40,7,9,4,0
 1585,2016/08/15,04:25:50,7,9,4,0
 1586,2016/08/15,04:26:00,7,9,4,0
 1587,2016/08/15,04:26:10,8,8,4,0
 1588,2016/08/15,04:26:20,8,9,4,0
 1589,2016/08/15,04:26:30,8,8.5,4,0
 1590,2016/08/15,04:26:40,8.6,8.5,4,0
 1591,2016/08/15,04:26:50,9,9,4,0
 1592,2016/08/15,04:27:00,9,9,4,0
 1593,2016/08/15,04:27:10,9,9,3.3,0
 1594,2016/08/15,04:27:20,9,9,3,0
 1595,2016/08/15,04:27:30,9,9,3,0
 1596,2016/08/15,04:27:40,9,9,3.6,0
 1597,2016/08/15,04:27:51,9,9,3.8,0
 1598,2016/08/15,04:28:01,9,9,3,0
 1599,2016/08/15,04:28:11,9.5,8.9,3.2,0
 1600,2016/08/15,04:28:21,9,8,4,0
 1601,2016/08/15,04:28:31,9,8,3.8,0
 1602,2016/08/15,04:28:41,9,8,3,0
 1603,2016/08/15,04:28:51,8.4,8,3,0
 1604,2016/08/15,04:29:01,8,8,3.2,0
 1605,2016/08/15,04:29:11,8,8,4,0
 1606,2016/08/15,04:29:21,8.1,8,4,0
 1607,2016/08/15,04:29:31,9,7.4,4,0
 1608,2016/08/15,04:29:41,9,7,3.3,0
 1609,2016/08/15,04:29:51,9,7,3,0
 1610,2016/08/15,04:30:02,9,7,3.2,0
 1611,2016/08/15,04:30:12,8.3,7,3.3,0
 1612,2016/08/15,04:30:22,8,7,3,0
 1613,2016/08/15,04:30:32,8,7,3,0
 1614,2016/08/15,04:30:42,8,8,3,0
 1615,2016/08/15,04:30:52,8,8,3,0
 1616,2016/08/15,04:31:02,8,8,3,0
 1617,2016/08/15,04:31:12,8,8,3,0
 1618,2016/08/15,04:31:22,8,8,3,0
 1619,2016/08/15,04:31:32,8,8,3,0
 1620,2016/08/15,04:31:42,8,8,3,0
 1621,2016/08/15,04:31:52,8,8,3,0
 1622,2016/08/15,04:32:02,8,8,3,0
 1623,2016/08/15,04:32:13,8,8,3,0
 1624,2016/08/15,04:32:23,8,8,3,0
 1625,2016/08/15,04:32:33,8,8,3,0
 1626,2016/08/15,04:32:43,8,8,3,0
 1627,2016/08/15,04:32:53,8,8,3,0
 1628,2016/08/15,04:33:03,8,8,3,0
 1629,2016/08/15,04:33:13,8,8,3,0
 1630,2016/08/15,04:33:23,8,8,3,0
 1631,2016/08/15,04:33:33,8,8,3,0
 1632,2016/08/15,04:33:43,8,8.6,3,0
 1633,2016/08/15,04:33:53,8,9,3,0
 1634,2016/08/15,04:34:03,8,8.9,3,0
 1635,2016/08/15,04:34:13,8,8.6,3,0
 1636,2016/08/15,04:34:24,8,9,3,0
 1637,2016/08/15,04:34:34,7.6,9,3,0
 1638,2016/08/15,04:34:44,7.8,9,3,0
 1639,2016/08/15,04:34:54,7.6,9,3,0
 1640,2016/08/15,04:35:04,7,9,3,0
 1641,2016/08/15,04:35:14,7,9,3,0
 1642,2016/08/15,04:35:24,7.9,9,3,0
 1643,2016/08/15,04:35:34,8,9.5,3,0
 1644,2016/08/15,04:35:44,8,9,3,0
 1645,2016/08/15,04:35:54,8,9,3,0
 1646,2016/08/15,04:36:04,8,9,3,0
 1647,2016/08/15,04:36:14,8,9,3,0
 1648,2016/08/15,04:36:25,8,8.9,3,0
 1649,2016/08/15,04:36:35,7.6,8.1,3,0
 1650,2016/08/15,04:36:45,7,8.8,3,0
 1651,2016/08/15,04:36:55,7,8,3,0
 1652,2016/08/15,04:37:05,7,8,3,0
 1653,2016/08/15,04:37:15,7,7.8,3,0
 1654,2016/08/15,04:37:25,7,7.5,3,0
 1655,2016/08/15,04:37:35,7.4,7.6,3,0
 1656,2016/08/15,04:37:45,8,8,3,0
 1657,2016/08/15,04:37:55,8,8,3,0
 1658,2016/08/15,04:38:05,8,8,3,0
 1659,2016/08/15,04:38:15,8,7.3,3,0
 1660,2016/08/15,04:38:26,8,7,3,0
 1661,2016/08/15,04:38:36,8,7.6,3,0
 1662,2016/08/15,04:38:46,8,8,3,0
 1663,2016/08/15,04:38:56,8.9,8,3,0
 1664,2016/08/15,04:39:06,9,8,3,0
 1665,2016/08/15,04:39:16,9,8,3,0
 1666,2016/08/15,04:39:26,9,8,3,0
 1667,2016/08/15,04:39:36,9,8.6,3,0
 1668,2016/08/15,04:39:46,9.4,9,3,0
 1669,2016/08/15,04:39:56,10,9,3,0
 1670,2016/08/15,04:40:06,10,9,3,0
 1671,2016/08/15,04:40:16,10,9,3,0
 1672,2016/08/15,04:40:27,10,9,3,0
 1673,2016/08/15,04:40:37,9,9.6,3,0
 1674,2016/08/15,04:40:47,9,10,3,0
 1675,2016/08/15,04:40:57,9,10,3.3,0
 1676,2016/08/15,04:41:07,9,10,3.2,0
 1677,2016/08/15,04:41:17,8.9,9.3,3,0
 1678,2016/08/15,04:41:27,8,9.7,3,0
 1679,2016/08/15,04:41:37,9,10,3,0
 1680,2016/08/15,04:41:47,9,10,3,0
 1681,2016/08/15,04:41:57,9,10,3,0
 1682,2016/08/15,04:42:07,9,9.8,3,0
 1683,2016/08/15,04:42:17,8.4,9,3,0
 1684,2016/08/15,04:42:28,8.5,9,3,0
 1685,2016/08/15,04:42:38,8.4,9,3.8,0
 1686,2016/08/15,04:42:48,8,9,4,0
 1687,2016/08/15,04:42:58,8.1,9,4,0
 1688,2016/08/15,04:43:08,9,9,4,0
 1689,2016/08/15,04:43:18,9,9,4,0
 1690,2016/08/15,04:43:28,9,9.7,4,0
 1691,2016/08/15,04:43:38,9,10,4,0
 1692,2016/08/15,04:43:48,9,10,4,0
 1693,2016/08/15,04:43:58,9,10,4,0
 1694,2016/08/15,04:44:08,9,10,4,0
 1695,2016/08/15,04:44:19,9,10,4,0
 1696,2016/08/15,04:44:29,9,10,4,0
 1697,2016/08/15,04:44:39,9.7,10,4,0
 1698,2016/08/15,04:44:49,10,10,4,0
 1699,2016/08/15,04:44:59,10,10,4,0
 1700,2016/08/15,04:45:09,10,10,3.5,0
 1701,2016/08/15,04:45:19,10,10,4,0
 1702,2016/08/15,04:45:29,9.8,10,4,0
 1703,2016/08/15,04:45:39,9.7,10,4,0
 1704,2016/08/15,04:45:49,10,10,4,0
 1705,2016/08/15,04:45:59,9.8,9.2,4,0
 1706,2016/08/15,04:46:09,9,9.5,4,0
 1707,2016/08/15,04:46:19,9,9,4,0
 1708,2016/08/15,04:46:30,9,9,4,0
 1709,2016/08/15,04:46:40,9,9,4.4,0
 1710,2016/08/15,04:46:50,9,9,5,0
 1711,2016/08/15,04:47:00,9,9,5,0
 1712,2016/08/15,04:47:10,9,9,5,0
 1713,2016/08/15,04:47:20,9,9,5,0
 1714,2016/08/15,04:47:30,9,9,5,0
 1715,2016/08/15,04:47:40,9,9,4.6,0
 1716,2016/08/15,04:47:50,9,9.7,4,0
 1717,2016/08/15,04:48:00,9,10,4,0
 1718,2016/08/15,04:48:10,9,10,4.5,0
 1719,2016/08/15,04:48:20,9,10,4,0
 1720,2016/08/15,04:48:31,9,10,4,0
 1721,2016/08/15,04:48:41,9,10,4,0
 1722,2016/08/15,04:48:51,9,10,4,0
 1723,2016/08/15,04:49:01,9,10,4,0
 1724,2016/08/15,04:49:11,9,10,3.6,0
 1725,2016/08/15,04:49:21,9,10,3.4,0
 1726,2016/08/15,04:49:31,9,10.7,3.1,0
 1727,2016/08/15,04:49:41,9.9,11,3,0
 1728,2016/08/15,04:49:51,9.1,11,3,0
 1729,2016/08/15,04:50:01,9,11.7,3,0
 1730,2016/08/15,04:50:11,9,12,3,0
 1731,2016/08/15,04:50:22,9,12,3,0
 1732,2016/08/15,04:50:32,9,12,3.4,0
 1733,2016/08/15,04:50:42,9.4,12,3.1,0
 1734,2016/08/15,04:50:52,10,11.5,3,0
 1735,2016/08/15,04:51:02,10,12,3.4,0
 1736,2016/08/15,04:51:12,10,12,4,0
 1737,2016/08/15,04:51:22,10,12,4,0
 1738,2016/08/15,04:51:32,10,12.8,4,0
 1739,2016/08/15,04:51:42,10,13,4,0
 1740,2016/08/15,04:51:52,10.5,13.3,4,0
 1741,2016/08/15,04:52:02,10,13.7,4,0
 1742,2016/08/15,04:52:12,10,13,4,0
 1743,2016/08/15,04:52:23,10,13.5,4,0
 1744,2016/08/15,04:52:33,11,13,4,0
 1745,2016/08/15,04:52:43,11,13.8,4,0
 1746,2016/08/15,04:52:53,11,14,4,0
 1747,2016/08/15,04:53:03,11,14,3.5,0
 1748,2016/08/15,04:53:13,11,14,3,0
 1749,2016/08/15,04:53:23,11,14.8,3,0
 1750,2016/08/15,04:53:33,11,14.5,3,0
 1751,2016/08/15,04:53:43,11,15,3,0
 1752,2016/08/15,04:53:53,11,14.2,3,0
 1753,2016/08/15,04:54:03,11,14,3,0
 1754,2016/08/15,04:54:13,11,14,3,0
 1755,2016/08/15,04:54:24,10.4,14,3,0
 1756,2016/08/15,04:54:34,10,14,3,0
 1757,2016/08/15,04:54:44,10,14,3,0
 1758,2016/08/15,04:54:54,10.5,14.3,3,0
 1759,2016/08/15,04:55:04,10,15,3,0
 1760,2016/08/15,04:55:14,10,14.2,3,0
 1761,2016/08/15,04:55:24,10,14,3,0
 1762,2016/08/15,04:55:34,9.9,14,3,0
 1763,2016/08/15,04:55:44,9.6,14.3,3,0
 1764,2016/08/15,04:55:54,10,14.5,3,0
 1765,2016/08/15,04:56:04,10,15,3,0
 1766,2016/08/15,04:56:14,10.6,15,3,0
 1767,2016/08/15,04:56:25,11,15,3,0
 1768,2016/08/15,04:56:35,11,15,3,0
 1769,2016/08/15,04:56:45,11,14.5,3,0
 1770,2016/08/15,04:56:55,11.6,15,3,0
 1771,2016/08/15,04:57:05,12,15,3,0
 1772,2016/08/15,04:57:15,12,15.5,3,0
 1773,2016/08/15,04:57:25,12,15,3,0
 1774,2016/08/15,04:57:35,12,15,3,0
 1775,2016/08/15,04:57:45,12,15,3,0
 1776,2016/08/15,04:57:55,12.6,15,3,0
 1777,2016/08/15,04:58:05,13,15,3,0
 1778,2016/08/15,04:58:15,13.1,15,3,0
 1779,2016/08/15,04:58:26,14,15,3,0
 1780,2016/08/15,04:58:36,14,15,3,0
 1781,2016/08/15,04:58:46,14,15,3,0
 1782,2016/08/15,04:58:56,14,15,3,0
 1783,2016/08/15,04:59:06,14,15,3,0
 1784,2016/08/15,04:59:16,14,15,3,0
 1785,2016/08/15,04:59:26,14,15,3,0
 1786,2016/08/15,04:59:36,14,15,3.5,0
 1787,2016/08/15,04:59:46,14,15,4,0
 1788,2016/08/15,04:59:56,14,15,4,0
 1789,2016/08/15,05:00:06,14,14.5,4,0
 1790,2016/08/15,05:00:16,14.2,14.6,4,0
 1791,2016/08/15,05:00:26,14.2,14,4,0
 1792,2016/08/15,05:00:37,14,14.9,4,0
 1793,2016/08/15,05:00:47,13.7,15,4.5,0
 1794,2016/08/15,05:00:57,13.7,14.1,5,0
 1795,2016/08/15,05:01:07,14,14.4,5,0
 1796,2016/08/15,05:01:17,14,14.1,4.9,0
 1797,2016/08/15,05:01:27,14,14,4.5,0
 1798,2016/08/15,05:01:37,14,14,5,0
 1799,2016/08/15,05:01:47,14,14.9,4.9,0
 1800,2016/08/15,05:01:57,14,14.6,4,0
 1801,2016/08/15,05:02:07,14,13.6,4.5,0
 1802,2016/08/15,05:02:17,14,13,4.5,0
 1803,2016/08/15,05:02:27,14,13.4,4,0
 1804,2016/08/15,05:02:38,14.8,14,4,0
 1805,2016/08/15,05:02:48,15,13.1,4,0
 1806,2016/08/15,05:02:58,15,13.4,4,0
 1807,2016/08/15,05:03:08,15.3,13.6,4,0
 1808,2016/08/15,05:03:18,16,13,4,0
 1809,2016/08/15,05:03:28,15.1,13.4,4,0
 1810,2016/08/15,05:03:38,14.1,14,4,0
 1811,2016/08/15,05:03:48,14.8,14,4,0
 1812,2016/08/15,05:03:58,15,14,4,0
 1813,2016/08/15,05:04:08,15,14.4,4,0
 1814,2016/08/15,05:04:18,15,15,4,0
 1815,2016/08/15,05:04:28,15,15.4,4,0
 1816,2016/08/15,05:04:39,15,16,4,0
 1817,2016/08/15,05:04:49,15,16.9,4,0
 1818,2016/08/15,05:04:59,15,17,4,0
 1819,2016/08/15,05:05:09,14.5,16,4,0
 1820,2016/08/15,05:05:19,14,16.5,4,0
 1821,2016/08/15,05:05:29,13.5,16.9,4,0
 1822,2016/08/15,05:05:39,13,17,4,0
 1823,2016/08/15,05:05:49,13,17,4,0
 1824,2016/08/15,05:05:59,13.4,17,4,0
 1825,2016/08/15,05:06:09,14,16.5,4,0
 1826,2016/08/15,05:06:19,13,16,4,0
 1827,2016/08/15,05:06:29,14,16,4,0
 1828,2016/08/15,05:06:40,14,15.5,4,0
 1829,2016/08/15,05:06:50,14.5,15,4,0
 1830,2016/08/15,05:07:00,15,14.5,4,0
 1831,2016/08/15,05:07:10,14,14,4,0
 1832,2016/08/15,05:07:20,14.5,14,4,0
 1833,2016/08/15,05:07:30,15,14,4,0
 1834,2016/08/15,05:07:40,15,14,4,0
 1835,2016/08/15,05:07:50,15,14,4,0
 1836,2016/08/15,05:08:00,16,14,4,0
 1837,2016/08/15,05:08:10,16,13,3.4,0
 1838,2016/08/15,05:08:20,16,13,3,0
 1839,2016/08/15,05:08:30,16,13,3,0
 1840,2016/08/15,05:08:41,16,13,3,0
 1841,2016/08/15,05:08:51,15.4,13.4,3.6,0
 1842,2016/08/15,05:09:01,15,14,3.9,0
 1843,2016/08/15,05:09:11,15,13.5,3,0
 1844,2016/08/15,05:09:21,15,13,3,0
 1845,2016/08/15,05:09:31,15,13,3,0
 1846,2016/08/15,05:09:41,15,13,3,0
 1847,2016/08/15,05:09:51,15,12,3,0
 1848,2016/08/15,05:10:01,15,12,3,0
 1849,2016/08/15,05:10:11,15.1,12,3,0
 1850,2016/08/15,05:10:21,15.5,12,3,0
 1851,2016/08/15,05:10:31,15.3,12,3,0
 1852,2016/08/15,05:10:41,15,12,3.1,0
 1853,2016/08/15,05:10:52,15.5,12,4,0
 1854,2016/08/15,05:11:02,15,12,3.3,0
 1855,2016/08/15,05:11:12,15,13,3.1,0
 1856,2016/08/15,05:11:22,15,12.5,3.8,0
 1857,2016/08/15,05:11:32,15.5,12,3,0
 1858,2016/08/15,05:11:42,15,12,3,0
 1859,2016/08/15,05:11:52,15,13,3.6,0
 1860,2016/08/15,05:12:02,14.5,13,4,0
 1861,2016/08/15,05:12:12,14.3,12,4,0
 1862,2016/08/15,05:12:22,14,12,4,0
 1863,2016/08/15,05:12:32,14,12,4,0
 1864,2016/08/15,05:12:42,14,13,4,0
 1865,2016/08/15,05:12:53,13.7,13,4,0
 1866,2016/08/15,05:13:03,13.7,13,4,0
 1867,2016/08/15,05:13:13,13.7,12.5,4,0
 1868,2016/08/15,05:13:23,13,12,4,0
 1869,2016/08/15,05:13:33,13,12.5,4,0
 1870,2016/08/15,05:13:43,13,12,4,0
 1871,2016/08/15,05:13:53,12.7,11.9,4,0
 1872,2016/08/15,05:14:03,12,11.5,4.6,0
 1873,2016/08/15,05:14:13,12,12,4.3,0
 1874,2016/08/15,05:14:23,12,12,4,0
 1875,2016/08/15,05:14:33,12,12,4,0
 1876,2016/08/15,05:14:43,12,12,4,0
 1877,2016/08/15,05:14:53,12,12.5,4,0
 1878,2016/08/15,05:15:04,12,12.9,4,0
 1879,2016/08/15,05:15:14,12,12,4,0
 1880,2016/08/15,05:15:24,12.5,12,3.3,0
 1881,2016/08/15,05:15:34,12,11.4,3,0
 1882,2016/08/15,05:15:44,12.3,11,3.2,0
 1883,2016/08/15,05:15:54,12.5,11,4,0
 1884,2016/08/15,05:16:04,13,11,4,0
 1885,2016/08/15,05:16:14,12.7,11.4,4.2,0
 1886,2016/08/15,05:16:24,12.5,11.5,5,0
 1887,2016/08/15,05:16:34,12,12,4.3,0
 1888,2016/08/15,05:16:44,12,12,4,0
 1889,2016/08/15,05:16:54,12,12.5,4,0
 1890,2016/08/15,05:17:05,12,12,4,0
 1891,2016/08/15,05:17:15,11.6,12,4,0
 1892,2016/08/15,05:17:25,11.9,12,4,0
 1893,2016/08/15,05:17:35,12,11.4,4,0
 1894,2016/08/15,05:17:45,12,11,4,0
 1895,2016/08/15,05:17:55,11.5,11.5,4,0
 1896,2016/08/15,05:18:05,11.6,11,4,0
 1897,2016/08/15,05:18:15,11.9,12,4,0
 1898,2016/08/15,05:18:25,11.6,11.4,4,0
 1899,2016/08/15,05:18:35,11,11,4,0
 1900,2016/08/15,05:18:45,11.4,11,3.8,0
 1901,2016/08/15,05:18:55,11.5,11,3,0
 1902,2016/08/15,05:19:06,12,10.9,3,0
 1903,2016/08/15,05:19:16,12,10,3.7,0
 1904,2016/08/15,05:19:26,12.9,9.4,4,0
 1905,2016/08/15,05:19:36,13,9,4,0
 1906,2016/08/15,05:19:46,13,9,4,0
 1907,2016/08/15,05:19:56,13,9,4,0
 1908,2016/08/15,05:20:06,13.4,9,4.2,0
 1909,2016/08/15,05:20:16,13,9,5,0
 1910,2016/08/15,05:20:26,13.4,9,5,0
 1911,2016/08/15,05:20:36,14,9,4.7,0
 1912,2016/08/15,05:20:46,14,9,4,0
 1913,2016/08/15,05:20:56,14,9.6,4,0
 1914,2016/08/15,05:21:07,14,10,4,0
 1915,2016/08/15,05:21:17,14,10,4,0
 1916,2016/08/15,05:21:27,14,10,4,0
 1917,2016/08/15,05:21:37,14,10,4,0
 1918,2016/08/15,05:21:47,13.4,10,4,0
 1919,2016/08/15,05:21:57,13,10,4,0
 1920,2016/08/15,05:22:07,13,10.5,3.7,0
 1921,2016/08/15,05:22:17,13,10,3,0
 1922,2016/08/15,05:22:27,12.9,10.6,3,0
 1923,2016/08/15,05:22:37,12,11,3.5,0
 1924,2016/08/15,05:22:47,12.9,11,3,0
 1925,2016/08/15,05:22:57,12,11,3.7,0
 1926,2016/08/15,05:23:07,12,11,4,0
 1927,2016/08/15,05:23:17,12,11,4,0
 1928,2016/08/15,05:23:28,12,11,4,0
 1929,2016/08/15,05:23:38,12,10.8,4,0
 1930,2016/08/15,05:23:48,12,10.6,4,0
 1931,2016/08/15,05:23:58,12.6,11,4,0
 1932,2016/08/15,05:24:08,13,11,4,0
 1933,2016/08/15,05:24:18,13,11,4,0
 1934,2016/08/15,05:24:28,13,11,4,0
 1935,2016/08/15,05:24:38,12.4,11,4,0
 1936,2016/08/15,05:24:48,12,11,4,0
 1937,2016/08/15,05:24:58,12.1,11,4,0
 1938,2016/08/15,05:25:08,12.4,11,4,0
 1939,2016/08/15,05:25:18,12,11,4,0
 1940,2016/08/15,05:25:28,12,11,4,0
 1941,2016/08/15,05:25:38,12,11,4,0
 1942,2016/08/15,05:25:49,12,11,4,0
 1943,2016/08/15,05:25:59,12,11,4,0
 1944,2016/08/15,05:26:09,12,10.3,4,0
 1945,2016/08/15,05:26:19,11.8,10,4,0
 1946,2016/08/15,05:26:29,11,10,4,0
 1947,2016/08/15,05:26:39,11,9.5,4,0
 1948,2016/08/15,05:26:49,11,10,4,0
 1949,2016/08/15,05:26:59,11,10,4,0
 1950,2016/08/15,05:27:09,11,10,4,0
 1951,2016/08/15,05:27:19,11,10,4.3,0
 1952,2016/08/15,05:27:29,11,10,5,0
 1953,2016/08/15,05:27:39,11,10,5,0
 1954,2016/08/15,05:27:49,11,10,4.2,0
 1955,2016/08/15,05:28:00,11,10,4,0
 1956,2016/08/15,05:28:10,11,10,4.5,0
 1957,2016/08/15,05:28:20,11,10,4.3,0
 1958,2016/08/15,05:28:30,11,10,4.6,0
 1959,2016/08/15,05:28:40,11,10,4,0
 1960,2016/08/15,05:28:50,11,10,4.3,0
 1961,2016/08/15,05:29:00,10.2,10.7,5,0
 1962,2016/08/15,05:29:10,10.7,11,5,0
 1963,2016/08/15,05:29:20,10.7,10.8,5,0
 1964,2016/08/15,05:29:30,10,10,5,0
 1965,2016/08/15,05:29:40,10,10,5,0
 1966,2016/08/15,05:29:50,10,10.5,4.6,0
 1967,2016/08/15,05:30:00,10,10,4,0
 1968,2016/08/15,05:30:10,10,10,4,0
 1969,2016/08/15,05:30:21,10,10,4,0
 1970,2016/08/15,05:30:31,10,10.2,4,0
 1971,2016/08/15,05:30:41,10,11,4,0
 1972,2016/08/15,05:30:51,10,11,4,0
 1973,2016/08/15,05:31:01,10,11,4,0
 1974,2016/08/15,05:31:11,10,11,4,0
 1975,2016/08/15,05:31:21,10,11,4,0
 1976,2016/08/15,05:31:31,10,11,4,0
 1977,2016/08/15,05:31:41,10,11,4,0
 1978,2016/08/15,05:31:51,10,11,4,0
 1979,2016/08/15,05:32:01,10,11,4,0
 1980,2016/08/15,05:32:11,10.8,11,4,0
 1981,2016/08/15,05:32:21,10.1,11,4,0
 1982,2016/08/15,05:32:31,10,11,4,0
 1983,2016/08/15,05:32:42,10,11,4,0
 1984,2016/08/15,05:32:52,10,11,4,0
 1985,2016/08/15,05:33:02,10,11.7,4,0
 1986,2016/08/15,05:33:12,9.1,12,4,0
 1987,2016/08/15,05:33:22,9,12,4,0
 1988,2016/08/15,05:33:32,9,11.7,4,0
 1989,2016/08/15,05:33:42,9,11.5,4,0
 1990,2016/08/15,05:33:52,9,11,4,0
 1991,2016/08/15,05:34:02,9.4,11,4,0
 1992,2016/08/15,05:34:12,10,11,4,0
 1993,2016/08/15,05:34:22,10,11,4,0
 1994,2016/08/15,05:34:32,10,11,3.1,0
 1995,2016/08/15,05:34:42,10,10.7,3.9,0
 1996,2016/08/15,05:34:53,10,10,4,0
 1997,2016/08/15,05:35:03,10.4,10,4,0
 1998,2016/08/15,05:35:13,10.6,9.5,4,0
 1999,2016/08/15,05:35:23,10,9.7,4,0
 2000,2016/08/15,05:35:33,10.4,9,4,0
 2001,2016/08/15,05:35:43,11,9,4,0
 2002,2016/08/15,05:35:53,11,9,4,0
 2003,2016/08/15,05:36:03,11,9,4,0
 2004,2016/08/15,05:36:13,11,9,4,0
 2005,2016/08/15,05:36:23,10,9,4,0
 2006,2016/08/15,05:36:33,10,9,4,0
 2007,2016/08/15,05:36:43,10,9.2,4,0
 2008,2016/08/15,05:36:53,10,10,4,0
 2009,2016/08/15,05:37:04,9,10,4,0
 2010,2016/08/15,05:37:14,9,10,3.1,0
 2011,2016/08/15,05:37:24,9,10.3,3,0
 2012,2016/08/15,05:37:34,9,11,3,0
 2013,2016/08/15,05:37:44,9,11,3,0
 2014,2016/08/15,05:37:54,9,10.7,3.9,0
 2015,2016/08/15,05:38:04,9,10.5,4,0
 2016,2016/08/15,05:38:14,9,10,4,0
 2017,2016/08/15,05:38:24,9,10,4,0
 2018,2016/08/15,05:38:34,9,10,4,0
 2019,2016/08/15,05:38:44,9.5,10,4,0
 2020,2016/08/15,05:38:54,10,10,3.5,0
 2021,2016/08/15,05:39:04,10,10,3,0
 2022,2016/08/15,05:39:14,9.5,9.7,3,0
 2023,2016/08/15,05:39:25,10,9.5,3,0
 2024,2016/08/15,05:39:35,10.5,9,3,0
 2025,2016/08/15,05:39:45,11,9,3,0
 2026,2016/08/15,05:39:55,11,9,3,0
 2027,2016/08/15,05:40:05,11,9,3,0
 2028,2016/08/15,05:40:15,11,9,3,0
 2029,2016/08/15,05:40:25,11.5,9,3,0
 2030,2016/08/15,05:40:35,11,9,3,0
 2031,2016/08/15,05:40:45,11,9.8,3,0
 2032,2016/08/15,05:40:55,11.6,10,3,0
 2033,2016/08/15,05:41:05,12,10,3,0
 2034,2016/08/15,05:41:15,12,10,3.4,0
 2035,2016/08/15,05:41:25,12,10,4,0
 2036,2016/08/15,05:41:36,12,10,4,0
 2037,2016/08/15,05:41:46,12,10,4,0
 2038,2016/08/15,05:41:56,11.4,10,4,0
 2039,2016/08/15,05:42:06,11.1,10,4,0
 2040,2016/08/15,05:42:16,11.4,10,4,0
 2041,2016/08/15,05:42:26,10.5,10,4,0
 2042,2016/08/15,05:42:36,10.9,10,4,0
 2043,2016/08/15,05:42:46,10,10,4,0
 2044,2016/08/15,05:42:56,10,10,4,0
 2045,2016/08/15,05:43:06,10.1,10,4,0
 2046,2016/08/15,05:43:16,11,9.1,4,0
 2047,2016/08/15,05:43:26,10.4,9,4,0
 2048,2016/08/15,05:43:36,9.4,9,3,0
 2049,2016/08/15,05:43:46,9,9,3,0
 2050,2016/08/15,05:43:57,9.6,8.1,3,0
 2051,2016/08/15,05:44:07,10,8,3,0
 2052,2016/08/15,05:44:17,10,8,3,0
 2053,2016/08/15,05:44:27,10.6,8,3,0
 2054,2016/08/15,05:44:37,10.3,8,3,0
 2055,2016/08/15,05:44:47,10,8,3,0
 2056,2016/08/15,05:44:57,10,8,3,0
 2057,2016/08/15,05:45:07,10,8,3.5,0
 2058,2016/08/15,05:45:17,10,8,4,0
 2059,2016/08/15,05:45:27,10,8,4,0
 2060,2016/08/15,05:45:37,10,8,4,0
 2061,2016/08/15,05:45:47,10,8,4,0
 2062,2016/08/15,05:45:57,10,8,3.5,0
 2063,2016/08/15,05:46:07,10,8,4,0
 2064,2016/08/15,05:46:18,10,8,4,0
 2065,2016/08/15,05:46:28,10,8,4,0
 2066,2016/08/15,05:46:38,9.2,8.9,4,0
 2067,2016/08/15,05:46:48,9,9,4,0
 2068,2016/08/15,05:46:58,9,9,4,0
 2069,2016/08/15,05:47:08,9,9,4,0
 2070,2016/08/15,05:47:18,9,9,4,0
 2071,2016/08/15,05:47:28,9,9,3.4,0
 2072,2016/08/15,05:47:38,9,9.9,3,0
 2073,2016/08/15,05:47:48,9,9.6,3,0
 2074,2016/08/15,05:47:58,9,9.9,3,0
 2075,2016/08/15,05:48:08,9,10,3,0
 2076,2016/08/15,05:48:19,9,10,3,0
 2077,2016/08/15,05:48:29,9,9.6,3.4,0
 2078,2016/08/15,05:48:39,9,9.9,3,0
 2079,2016/08/15,05:48:49,9.3,10,3.5,0
 2080,2016/08/15,05:48:59,9.1,10,4,0
 2081,2016/08/15,05:49:09,9,10,4,0
 2082,2016/08/15,05:49:19,9,10,4,0
 2083,2016/08/15,05:49:29,9,10,4,0
 2084,2016/08/15,05:49:39,9,10,4,0
 2085,2016/08/15,05:49:49,9.9,10.5,4,0
 2086,2016/08/15,05:49:59,10,10,4,0
 2087,2016/08/15,05:50:09,10,10,4,0
 2088,2016/08/15,05:50:19,10,10,4,0
 2089,2016/08/15,05:50:30,10,10,4,0
 2090,2016/08/15,05:50:40,10,10,4,0
 2091,2016/08/15,05:50:50,10,9.5,4,0
 2092,2016/08/15,05:51:00,10,10,4,0
 2093,2016/08/15,05:51:10,10,9.6,4,0
 2094,2016/08/15,05:51:20,9.5,9,4,0
 2095,2016/08/15,05:51:30,9,9,4,0
 2096,2016/08/15,05:51:40,9.5,9,5,0
 2097,2016/08/15,05:51:50,10,9,5,0
 2098,2016/08/15,05:52:00,10,9,5,0
 2099,2016/08/15,05:52:10,10.5,9,5,0
 2100,2016/08/15,05:52:20,10,9,5,0
 2101,2016/08/15,05:52:31,10,9,5,0
 2102,2016/08/15,05:52:41,10,9,5,0
 2103,2016/08/15,05:52:51,10,9,5,0
 2104,2016/08/15,05:53:01,10,9,5,0
 2105,2016/08/15,05:53:11,10,9,5,0
 2106,2016/08/15,05:53:21,10,9.5,5,0
 2107,2016/08/15,05:53:31,10,9,5,0
 2108,2016/08/15,05:53:41,10,9,5,0
 2109,2016/08/15,05:53:51,11,9,5,0
 2110,2016/08/15,05:54:01,11,9,4.9,0
 2111,2016/08/15,05:54:11,10.4,9,4.5,0
 2112,2016/08/15,05:54:21,9.4,9,4,0
 2113,2016/08/15,05:54:32,9,9,4,0
 2114,2016/08/15,05:54:42,9,9,4,0
 2115,2016/08/15,05:54:52,9,9,3.9,0
 2116,2016/08/15,05:55:02,9,9,3,0
 2117,2016/08/15,05:55:12,9.1,9,3.6,0
 2118,2016/08/15,05:55:22,10,9,4,0
 2119,2016/08/15,05:55:32,10,9,4,0
 2120,2016/08/15,05:55:42,10,9,4,0
 2121,2016/08/15,05:55:52,10,9,4,0
 2122,2016/08/15,05:56:02,9.8,10,3.4,0
 2123,2016/08/15,05:56:12,9,10.5,3,0
 2124,2016/08/15,05:56:22,9,11,3.1,0
 2125,2016/08/15,05:56:32,9.5,10.5,4,0
 2126,2016/08/15,05:56:43,9.6,10.5,4,0
 2127,2016/08/15,05:56:53,10,11,4,0
 2128,2016/08/15,05:57:03,10,11,4,0
 2129,2016/08/15,05:57:13,10,11,4,0
 2130,2016/08/15,05:57:23,10,11,4,0
 2131,2016/08/15,05:57:33,10,11,4,0
 2132,2016/08/15,05:57:43,9.8,11,4,0
 2133,2016/08/15,05:57:53,9,11,4,0
 2134,2016/08/15,05:58:03,9,10.5,4,0
 2135,2016/08/15,05:58:13,9,10,4,0
 2136,2016/08/15,05:58:23,9.7,10.5,4,0
 2137,2016/08/15,05:58:33,10,10,4,0
 2138,2016/08/15,05:58:43,10,10,4,0
 2139,2016/08/15,05:58:54,10,10,4,0
 2140,2016/08/15,05:59:04,10,10,3.8,0
 2141,2016/08/15,05:59:14,10,10,3,0
 2142,2016/08/15,05:59:24,9.7,10,3,0
 2143,2016/08/15,05:59:34,9,10,3,0
 2144,2016/08/15,05:59:44,9.8,10,3,0
 2145,2016/08/15,05:59:54,9.5,9.5,3,0
 2146,2016/08/15,06:00:04,10,10,3,0
 2147,2016/08/15,06:00:14,10,10,3,0
 2148,2016/08/15,06:00:24,10,10,3,0
 2149,2016/08/15,06:00:34,10,10,3,0
 2150,2016/08/15,06:00:44,10,9.9,3,0
 2151,2016/08/15,06:00:55,10,9.5,3,0
 2152,2016/08/15,06:01:05,10,10,3,0
 2153,2016/08/15,06:01:15,10,10,3,0
 2154,2016/08/15,06:01:25,10,10,3.7,0
 2155,2016/08/15,06:01:35,10,10,4,0
 2156,2016/08/15,06:01:45,10,10,4,0
 2157,2016/08/15,06:01:55,10,10,4,0
 2158,2016/08/15,06:02:05,10.3,10.5,4,0
 2159,2016/08/15,06:02:15,10.7,11,4,0
 2160,2016/08/15,06:02:25,10.8,11.9,4,0
 2161,2016/08/15,06:02:35,11,11,4.2,0
 2162,2016/08/15,06:02:45,10.7,11,5,0
 2163,2016/08/15,06:02:55,10.5,11,4.3,0
 2164,2016/08/15,06:03:06,10,11.5,4.5,0
 2165,2016/08/15,06:03:16,10,12,4,0
 2166,2016/08/15,06:03:26,10,12,4,0
 2167,2016/08/15,06:03:36,9.6,12,4,0
 2168,2016/08/15,06:03:46,9.8,12,4,0
 2169,2016/08/15,06:03:56,9.6,12,4,0
 2170,2016/08/15,06:04:06,9.3,12,4,0
 2171,2016/08/15,06:04:16,10,13,4,0
 2172,2016/08/15,06:04:26,10,12.4,3.5,0
 2173,2016/08/15,06:04:36,10,12,4,0
 2174,2016/08/15,06:04:46,10,11.5,4,0
 2175,2016/08/15,06:04:56,10,11.4,4,0
 2176,2016/08/15,06:05:07,10,11,3.8,0
 2177,2016/08/15,06:05:17,10,12,3,0
 2178,2016/08/15,06:05:27,10,12,3,0
 2179,2016/08/15,06:05:37,10,12,3,0
 2180,2016/08/15,06:05:47,10,12,3,0
 2181,2016/08/15,06:05:57,10.3,12,3,0
 2182,2016/08/15,06:06:07,11,12,3,0
 2183,2016/08/15,06:06:17,10.1,12,3,0
 2184,2016/08/15,06:06:27,10.8,11.4,3,0
 2185,2016/08/15,06:06:37,11,11,3,0
 2186,2016/08/15,06:06:47,11,11,3,0
 2187,2016/08/15,06:06:57,11,11,3,0
 2188,2016/08/15,06:07:07,11,11,3.7,0
 2189,2016/08/15,06:07:18,11,11,3.2,0
 2190,2016/08/15,06:07:28,11,11,3,0
 2191,2016/08/15,06:07:38,11.4,11,3,0
 2192,2016/08/15,06:07:48,11.5,11,3,0
 2193,2016/08/15,06:07:58,12,11,3,0
 2194,2016/08/15,06:08:08,12.4,10.9,3,0
 2195,2016/08/15,06:08:18,12.5,10.5,3,0
 2196,2016/08/15,06:08:28,12,10,3,0
 2197,2016/08/15,06:08:38,12,10,3,0
 2198,2016/08/15,06:08:48,12.4,10,3,0
 2199,2016/08/15,06:08:58,13,10,3,0
 2200,2016/08/15,06:09:08,12,10,3,0
 2201,2016/08/15,06:09:19,12,10,3,0
 2202,2016/08/15,06:09:29,13,10,3,0
 2203,2016/08/15,06:09:39,13,10,3,0
 2204,2016/08/15,06:09:49,13,10,3,0
 2205,2016/08/15,06:09:59,13,9.3,3,0
 2206,2016/08/15,06:10:09,13,9.6,3,0
 2207,2016/08/15,06:10:19,13,10,3,0
 2208,2016/08/15,06:10:29,13,10,3,0
 2209,2016/08/15,06:10:39,12,10,3,0
 2210,2016/08/15,06:10:49,13,10,3,0
 2211,2016/08/15,06:10:59,12.5,10,3,0
 2212,2016/08/15,06:11:09,13,10,3,0
 2213,2016/08/15,06:11:19,13,10,3,0
 2214,2016/08/15,06:11:30,12,10.6,3,0
 2215,2016/08/15,06:11:40,13,10.3,3,0
 2216,2016/08/15,06:11:50,12,10.6,3,0
 2217,2016/08/15,06:12:00,12,11,3,0
 2218,2016/08/15,06:12:10,12,11,3,0
 2219,2016/08/15,06:12:20,12,11.6,3,0
 2220,2016/08/15,06:12:30,12,12,3,0
 2221,2016/08/15,06:12:40,12,12,3,0
 2222,2016/08/15,06:12:50,12,11.5,3,0
 2223,2016/08/15,06:13:00,12,11.5,3,0
 2224,2016/08/15,06:13:10,11.9,11.3,3,0
 2225,2016/08/15,06:13:20,11,11.1,3,0
 2226,2016/08/15,06:13:31,11,12,3,0
 2227,2016/08/15,06:13:41,11,12,3,0
 2228,2016/08/15,06:13:51,11,12,3,0
 2229,2016/08/15,06:14:01,11,12,3,0
 2230,2016/08/15,06:14:11,11,12,3,0
 2231,2016/08/15,06:14:21,11.6,12,3,0
 2232,2016/08/15,06:14:31,12,11.5,3.8,0
 2233,2016/08/15,06:14:41,12,11.3,4,0
 2234,2016/08/15,06:14:51,12,11,4,0
 2235,2016/08/15,06:15:01,12,11,4,0
 2236,2016/08/15,06:15:11,12,11,4,0
 2237,2016/08/15,06:15:21,12,11,4,0
 2238,2016/08/15,06:15:31,12,11,4,0
 2239,2016/08/15,06:15:42,12,11.7,4,0
 2240,2016/08/15,06:15:52,12,11.3,4,0
 2241,2016/08/15,06:16:02,12,11,4,0
 2242,2016/08/15,06:16:12,12,11,4,0
 2243,2016/08/15,06:16:22,12,10.5,4,0
 2244,2016/08/15,06:16:32,12,11,4,0
 2245,2016/08/15,06:16:42,12,11,4,0
 2246,2016/08/15,06:16:52,12,11.7,4,0
 2247,2016/08/15,06:17:02,12,12,3.1,0
 2248,2016/08/15,06:17:12,11.3,11.3,3,0
 2249,2016/08/15,06:17:22,11,11.2,3,0
 2250,2016/08/15,06:17:32,11,11.8,3.8,0
 2251,2016/08/15,06:17:43,11,11,4,0
 2252,2016/08/15,06:17:53,11,11,4,0
 2253,2016/08/15,06:18:03,11,11,4,0
 2254,2016/08/15,06:18:13,11.8,10.3,4,0
 2255,2016/08/15,06:18:23,11.7,10,4,0
 2256,2016/08/15,06:18:33,11,10,4,0
 2257,2016/08/15,06:18:43,11,10,4,0
 2258,2016/08/15,06:18:53,11,10,4,0
 2259,2016/08/15,06:19:03,11,10,4,0
 2260,2016/08/15,06:19:13,11,9.7,4,0
 2261,2016/08/15,06:19:23,11,9,3.6,0
 2262,2016/08/15,06:19:33,11.3,9,3,0
 2263,2016/08/15,06:19:44,12,9,3,0
 2264,2016/08/15,06:19:54,12,9,3,0
 2265,2016/08/15,06:20:04,12,9,3.9,0
 2266,2016/08/15,06:20:14,12,9,4,0
 2267,2016/08/15,06:20:24,12,9,4,0
 2268,2016/08/15,06:20:34,12,9,4,0
 2269,2016/08/15,06:20:44,12,9,4,0
 2270,2016/08/15,06:20:54,12,9,4,0
 2271,2016/08/15,06:21:04,12.3,9,4,0
 2272,2016/08/15,06:21:14,12.1,9,4.5,0
 2273,2016/08/15,06:21:24,12,9,4.9,0
 2274,2016/08/15,06:21:34,12,9,5,0
 2275,2016/08/15,06:21:44,12,9,5,0
 2276,2016/08/15,06:21:55,12,9.2,5,0
 2277,2016/08/15,06:22:05,11.6,9.2,5,0
 2278,2016/08/15,06:22:15,11,9,5,0
 2279,2016/08/15,06:22:25,11,9,5,0
 2280,2016/08/15,06:22:35,11.5,9,4.1,0
 2281,2016/08/15,06:22:45,12,9.2,4,0
 2282,2016/08/15,06:22:55,11,9.7,4,0
 2283,2016/08/15,06:23:05,11.5,9,4,0
 2284,2016/08/15,06:23:15,12,9,4,0
 2285,2016/08/15,06:23:25,12,9,4,0
 2286,2016/08/15,06:23:35,11.5,9,4,0
 2287,2016/08/15,06:23:45,12,9,3.1,0
 2288,2016/08/15,06:23:56,11.5,9.3,3,0
 2289,2016/08/15,06:24:06,12,10,3,0
 2290,2016/08/15,06:24:16,12,10,3.5,0
 2291,2016/08/15,06:24:26,13,10,3,0
 2292,2016/08/15,06:24:36,13,10,3.9,0
 2293,2016/08/15,06:24:46,13,10,4,0
 2294,2016/08/15,06:24:56,12.4,10,3.5,0
 2295,2016/08/15,06:25:06,12,10,3,0
 2296,2016/08/15,06:25:16,12,10,3.9,0
 2297,2016/08/15,06:25:26,12,10,3,0
 2298,2016/08/15,06:25:36,12,10,3.9,0
 2299,2016/08/15,06:25:46,12,10,4,0
 2300,2016/08/15,06:25:56,12,10,4,0
 2301,2016/08/15,06:26:07,12,10,4,0
 2302,2016/08/15,06:26:17,11.9,10,4,0
 2303,2016/08/15,06:26:27,11,10,4,0
 2304,2016/08/15,06:26:37,11,9.2,4,0
 2305,2016/08/15,06:26:47,11,9.5,4,0
 2306,2016/08/15,06:26:57,10.8,9,4,0
 2307,2016/08/15,06:27:07,10.1,9,3,0
 2308,2016/08/15,06:27:17,11,9,3.4,0
 2309,2016/08/15,06:27:27,11,9,4,0
 2310,2016/08/15,06:27:37,11,8.2,4,0
 2311,2016/08/15,06:27:47,11,8.8,4,0
 2312,2016/08/15,06:27:57,11,9,4,0
 2313,2016/08/15,06:28:08,11,9,4,0
 2314,2016/08/15,06:28:18,10.3,9,4,0
 2315,2016/08/15,06:28:28,10,9,4,0
 2316,2016/08/15,06:28:38,10,9,4,0
 2317,2016/08/15,06:28:48,10,9,4,0
 2318,2016/08/15,06:28:58,10,9,4,0
 2319,2016/08/15,06:29:08,10.2,9,4,0
 2320,2016/08/15,06:29:18,10.8,9,4,0
 2321,2016/08/15,06:29:28,10.2,9,4,0
 2322,2016/08/15,06:29:38,11,9.3,4,0
 2323,2016/08/15,06:29:48,11,10,4,0
 2324,2016/08/15,06:29:58,10.3,10,4,0
 2325,2016/08/15,06:30:08,10.2,10,4,0
 2326,2016/08/15,06:30:19,11,10,4,0
 2327,2016/08/15,06:30:29,11,10,4,0
 2328,2016/08/15,06:30:39,11,10.3,4,0
 2329,2016/08/15,06:30:49,11,10.1,4,0
 2330,2016/08/15,06:30:59,11,10,4,0
 2331,2016/08/15,06:31:09,11.2,10,4,0
 2332,2016/08/15,06:31:19,12,10,4,0
 2333,2016/08/15,06:31:29,11.7,10,4,0
 2334,2016/08/15,06:31:39,11,10,4,0
 2335,2016/08/15,06:31:49,11,10,4,0
 2336,2016/08/15,06:31:59,11,10,3.5,0
 2337,2016/08/15,06:32:09,10.2,9.6,3.5,0
 2338,2016/08/15,06:32:20,10,9,4,0
 2339,2016/08/15,06:32:30,10,9,4,0
 2340,2016/08/15,06:32:40,10,9,4,0
 2341,2016/08/15,06:32:50,10,8.6,4,0
 2342,2016/08/15,06:33:00,9.2,8,3.5,0
 2343,2016/08/15,06:33:10,9.3,7.6,4,0
 2344,2016/08/15,06:33:20,10,7,3,0
 2345,2016/08/15,06:33:30,9.7,7,3,0
 2346,2016/08/15,06:33:40,9,7.9,3.5,0
 2347,2016/08/15,06:33:50,9,8,4,0
 2348,2016/08/15,06:34:00,9,8,4.5,0
 2349,2016/08/15,06:34:10,9,8,5,0
 2350,2016/08/15,06:34:21,9.3,8,5,0
 2351,2016/08/15,06:34:31,9.2,8,5,0
 2352,2016/08/15,06:34:41,9,8,5,0
 2353,2016/08/15,06:34:51,9.5,8.4,5,0
 2354,2016/08/15,06:35:01,9,9,5,0
 2355,2016/08/15,06:35:11,9,9,5,0
 2356,2016/08/15,06:35:21,9,9.9,5,0
 2357,2016/08/15,06:35:31,9,10.4,5,0
 2358,2016/08/15,06:35:41,9,11,5,0
 2359,2016/08/15,06:35:51,8.1,11,5,0
 2360,2016/08/15,06:36:01,8,11.9,5.5,0
 2361,2016/08/15,06:36:12,8,11.1,5.4,0
 2362,2016/08/15,06:36:22,8,11.4,5,0
 2363,2016/08/15,06:36:32,8,12,5,0
 2364,2016/08/15,06:36:42,8,12,5,0
 2365,2016/08/15,06:36:52,8.5,12,5,0
 2366,2016/08/15,06:37:02,8,12,5,0
 2367,2016/08/15,06:37:12,8.4,12.5,4.9,0
 2368,2016/08/15,06:37:22,8.5,12.9,4,0
 2369,2016/08/15,06:37:32,9,13,4,0
 2370,2016/08/15,06:37:42,9,13,4,0
 2371,2016/08/15,06:37:52,9,12.1,4,0
 2372,2016/08/15,06:38:02,9,12,4,0
 2373,2016/08/15,06:38:12,9,12,4,0
 2374,2016/08/15,06:38:23,9.4,12,4,0
 2375,2016/08/15,06:38:33,10,12,4,0
 2376,2016/08/15,06:38:43,10,12,4,0
 2377,2016/08/15,06:38:53,10,12,4,0
 2378,2016/08/15,06:39:03,10.4,12,4,0
 2379,2016/08/15,06:39:13,10,12,4,0
 2380,2016/08/15,06:39:23,10,12,4,0
 2381,2016/08/15,06:39:33,9.9,12,4,0
 2382,2016/08/15,06:39:43,9,12,4.6,0
 2383,2016/08/15,06:39:53,9.4,12,5,0
 2384,2016/08/15,06:40:03,9,12,5,0
 2385,2016/08/15,06:40:13,9,12,5,0
 2386,2016/08/15,06:40:24,9.5,12,5.1,0
 2387,2016/08/15,06:40:34,10,12,6,0
 2388,2016/08/15,06:40:44,10.6,12,6,0
 2389,2016/08/15,06:40:54,11,12,5.9,0
 2390,2016/08/15,06:41:04,11,12,5.6,0
 2391,2016/08/15,06:41:14,11,12,6,0
 2392,2016/08/15,06:41:24,11.1,12.4,6,0
 2393,2016/08/15,06:41:34,12,12.5,5.4,0
 2394,2016/08/15,06:41:44,12.1,12.4,5.6,0
 2395,2016/08/15,06:41:54,13,12.5,5.5,0
 2396,2016/08/15,06:42:04,13.6,12,6,0
 2397,2016/08/15,06:42:14,14,12,6,0
 2398,2016/08/15,06:42:25,14,12,5.9,0
 2399,2016/08/15,06:42:35,14,12.4,5,0
 2400,2016/08/15,06:42:45,14,12,5,0
 2401,2016/08/15,06:42:55,13.8,12,5,0
 2402,2016/08/15,06:43:05,13,12.5,5,0
 2403,2016/08/15,06:43:15,13,13,4.3,0
 2404,2016/08/15,06:43:25,13,13,4,0
 2405,2016/08/15,06:43:35,13,13,4.1,0
 2406,2016/08/15,06:43:45,13,13,5,0
 2407,2016/08/15,06:43:55,13,13,4.3,0
 2408,2016/08/15,06:44:05,13,13,4,0
 2409,2016/08/15,06:44:15,13,13,4,0
 2410,2016/08/15,06:44:26,13,13,3.8,0
 2411,2016/08/15,06:44:36,12.3,13.5,3.6,0
 2412,2016/08/15,06:44:46,12.2,14,4,0
 2413,2016/08/15,06:44:56,13,14,4,0
 2414,2016/08/15,06:45:06,13,14,4,0
 2415,2016/08/15,06:45:16,13.5,14,4,0
 2416,2016/08/15,06:45:26,13.8,14,4,0
 2417,2016/08/15,06:45:36,14,14,4,0
 2418,2016/08/15,06:45:46,14,14,4.6,0
 2419,2016/08/15,06:45:56,14,14,5,0
 2420,2016/08/15,06:46:06,14,14,5,0
 2421,2016/08/15,06:46:16,14,14,5,0
 2422,2016/08/15,06:46:26,14,14,5,0
 2423,2016/08/15,06:46:37,13.7,14,5,0
 2424,2016/08/15,06:46:47,13.5,13.5,5,0
 2425,2016/08/15,06:46:57,13,13,5,0
 2426,2016/08/15,06:47:07,13,13,5,0
 2427,2016/08/15,06:47:17,13,13,5,0
 2428,2016/08/15,06:47:27,13,12.9,5,0
 2429,2016/08/15,06:47:37,12.6,12.5,5,0
 2430,2016/08/15,06:47:47,12.8,12.4,5,0
 2431,2016/08/15,06:47:57,13,12,5,0
 2432,2016/08/15,06:48:07,13,12,5,0
 2433,2016/08/15,06:48:17,13.4,12,5,0
 2434,2016/08/15,06:48:27,14,12,5,0
 2435,2016/08/15,06:48:37,14,12,4.8,0
 2436,2016/08/15,06:48:47,14,12,4,0
 2437,2016/08/15,06:48:58,14.4,12,4,0
 2438,2016/08/15,06:49:08,15,11.4,4,0
 2439,2016/08/15,06:49:18,15.9,11,4,0
 2440,2016/08/15,06:49:28,16.4,11,4,0
 2441,2016/08/15,06:49:38,17,11,4.2,0
 2442,2016/08/15,06:49:48,17,11,5,0
 2443,2016/08/15,06:49:58,17,11,5,0
 2444,2016/08/15,06:50:08,17,11,5,0
 2445,2016/08/15,06:50:18,16,11,5,0
 2446,2016/08/15,06:50:28,16,11,5,0
 2447,2016/08/15,06:50:38,16,11,4.8,0
 2448,2016/08/15,06:50:48,15.5,11,4,0
 2449,2016/08/15,06:50:58,15.9,11,4,0
 2450,2016/08/15,06:51:08,15.5,11,4,0
 2451,2016/08/15,06:51:19,16,11,4,0
 2452,2016/08/15,06:51:29,16,10.4,4,0
 2453,2016/08/15,06:51:39,15,10.5,4,0
 2454,2016/08/15,06:51:49,14.5,11,4,0
 2455,2016/08/15,06:51:59,14,11,4,0
 2456,2016/08/15,06:52:09,14,11,4.5,0
 2457,2016/08/15,06:52:19,14,11,4,0
 2458,2016/08/15,06:52:29,14.5,11,4,0
 2459,2016/08/15,06:52:39,15,11,4,0
 2460,2016/08/15,06:52:49,15,11,4,0
 2461,2016/08/15,06:52:59,15,11,4,0
 2462,2016/08/15,06:53:09,14.4,11,4,0
 2463,2016/08/15,06:53:19,14,11.1,4,0
 2464,2016/08/15,06:53:30,14,12,4,0
 2465,2016/08/15,06:53:40,14,11.4,4,0
 2466,2016/08/15,06:53:50,13.5,11,4,0
 2467,2016/08/15,06:54:00,13.4,11.1,4.7,0
 2468,2016/08/15,06:54:10,13,11.4,4.7,0
 2469,2016/08/15,06:54:20,14,11,4.2,0
 2470,2016/08/15,06:54:30,13.4,11,5,0
 2471,2016/08/15,06:54:40,13,11,4.2,0
 2472,2016/08/15,06:54:50,12.4,11,4,0
 2473,2016/08/15,06:55:00,12,10.5,4,0
 2474,2016/08/15,06:55:10,12,11,4,0
 2475,2016/08/15,06:55:20,12,10.9,4.7,0
 2476,2016/08/15,06:55:30,12,10.5,5,0
 2477,2016/08/15,06:55:40,12,10.1,5,0
 2478,2016/08/15,06:55:51,12,10.4,5,0
 2479,2016/08/15,06:56:01,12,10,5,0
 2480,2016/08/15,06:56:11,12,10,5,0
 2481,2016/08/15,06:56:21,12,10.6,5,0
 2482,2016/08/15,06:56:31,12,11,5,0
 2483,2016/08/15,06:56:41,12,11,5.7,0
 2484,2016/08/15,06:56:51,12,11,5.7,0
 2485,2016/08/15,06:57:01,11.8,11,5.5,0
 2486,2016/08/15,06:57:11,11.1,11,5.7,0
 2487,2016/08/15,06:57:21,12,11,5.7,0
 2488,2016/08/15,06:57:31,11.3,11,5,0
 2489,2016/08/15,06:57:41,11,11,5,0
 2490,2016/08/15,06:57:51,11,11,5,0
 2491,2016/08/15,06:58:02,11,11,5,0
 2492,2016/08/15,06:58:12,11,11.5,5,0
 2493,2016/08/15,06:58:22,10.5,11.5,5,0
 2494,2016/08/15,06:58:32,11,11,5,0
 2495,2016/08/15,06:58:42,11,11,5,0
 2496,2016/08/15,06:58:52,11,11,5,0
 2497,2016/08/15,06:59:02,11,11,5,0
 2498,2016/08/15,06:59:12,11,11,5,0
 2499,2016/08/15,06:59:22,11,11,5,0
 2500,2016/08/15,06:59:32,11,11,5,0
 2501,2016/08/15,06:59:42,11,11.1,5,0
 2502,2016/08/15,06:59:52,11,11.8,5,0
 2503,2016/08/15,07:00:02,11,11.6,5,0
 2504,2016/08/15,07:00:13,11.3,12,5,0
 2505,2016/08/15,07:00:23,12,12,5,0
 2506,2016/08/15,07:00:33,12,12,5,0
 2507,2016/08/15,07:00:43,12,12,5,0
 2508,2016/08/15,07:00:53,12,12,5,0
 2509,2016/08/15,07:01:03,12,12,5,0
 2510,2016/08/15,07:01:13,11.7,12,4.7,0
 2511,2016/08/15,07:01:23,11,12,4,0
 2512,2016/08/15,07:01:33,11,12,4,0
 2513,2016/08/15,07:01:43,11,11.3,4,0
 2514,2016/08/15,07:01:53,11,11,4,0
 2515,2016/08/15,07:02:03,11,11,4,0
 2516,2016/08/15,07:02:13,10.7,10.8,4,0
 2517,2016/08/15,07:02:24,10,10.2,4,0
 2518,2016/08/15,07:02:34,10,10.5,4,0
 2519,2016/08/15,07:02:44,10,10.3,4,0
 2520,2016/08/15,07:02:54,10,10,4,0
 2521,2016/08/15,07:03:04,10,10,3.1,0
 2522,2016/08/15,07:03:14,10,10,3.3,0
 2523,2016/08/15,07:03:24,10,10,4,0
 2524,2016/08/15,07:03:34,10,10.2,4,0
 2525,2016/08/15,07:03:44,10.3,10.3,4,0
 2526,2016/08/15,07:03:54,11,10,4,0
 2527,2016/08/15,07:04:04,11,10,4,0
 2528,2016/08/15,07:04:14,11,10.7,4,0
 2529,2016/08/15,07:04:24,11,11,4.3,0
 2530,2016/08/15,07:04:35,11,11,4.6,0
 2531,2016/08/15,07:04:45,11,11,4.3,0
 2532,2016/08/15,07:04:55,11,11,5,0
 2533,2016/08/15,07:05:05,11,11,5,0
 2534,2016/08/15,07:05:15,11,11,5,0
 2535,2016/08/15,07:05:25,10.6,11,5,0
 2536,2016/08/15,07:05:35,10,11,5,0
 2537,2016/08/15,07:05:45,10,11,5,0
 2538,2016/08/15,07:05:55,10,11,5,0
 2539,2016/08/15,07:06:05,10,11,4.6,0
 2540,2016/08/15,07:06:15,10,11,4.8,0
 2541,2016/08/15,07:06:25,9.6,11,5.3,0
 2542,2016/08/15,07:06:35,9,11,5.1,0
 2543,2016/08/15,07:06:45,9,10.2,5,0
 2544,2016/08/15,07:06:55,9,10.5,5,0
 2545,2016/08/15,07:07:06,9.5,10,5,0
 2546,2016/08/15,07:07:16,9.9,10.7,5,0
 2547,2016/08/15,07:07:26,10,10.7,5,0
 2548,2016/08/15,07:07:36,10,10,5,0
 2549,2016/08/15,07:07:46,10,9.5,5,0
 2550,2016/08/15,07:07:56,10,10,5,0
 2551,2016/08/15,07:08:06,10,10,5,0
 2552,2016/08/15,07:08:16,10,10,5.4,0
 2553,2016/08/15,07:08:26,10,10,6,0
 2554,2016/08/15,07:08:36,10,10,6,0
 2555,2016/08/15,07:08:46,10,10,6,0
 2556,2016/08/15,07:08:56,10,10,5.6,0
 2557,2016/08/15,07:09:06,11,10,5.4,0
 2558,2016/08/15,07:09:16,11,10,6,0
 2559,2016/08/15,07:09:27,11,10,6,0
 2560,2016/08/15,07:09:37,11,10,6,0
 2561,2016/08/15,07:09:47,11,10,6,0
 2562,2016/08/15,07:09:57,11,10,6,0
 2563,2016/08/15,07:10:07,11,10,6,0
 2564,2016/08/15,07:10:17,11,10,6,0
 2565,2016/08/15,07:10:27,11.6,10,6,0
 2566,2016/08/15,07:10:37,12,9.7,6,0
 2567,2016/08/15,07:10:47,12,9,6,0
 2568,2016/08/15,07:10:57,11.9,9.5,6,0
 2569,2016/08/15,07:11:07,11.6,9,5.6,0
 2570,2016/08/15,07:11:17,12,9,5,0
 2571,2016/08/15,07:11:27,11.9,9.3,5,0
 2572,2016/08/15,07:11:37,11,9.2,5,0
 2573,2016/08/15,07:11:48,11,9,5,0
 2574,2016/08/15,07:11:58,11,9,5,0
 2575,2016/08/15,07:12:08,10.5,9,4.5,0
 2576,2016/08/15,07:12:18,11,9,4,0
 2577,2016/08/15,07:12:28,11.5,8.2,4,0
 2578,2016/08/15,07:12:38,11.1,8,4,0
 2579,2016/08/15,07:12:48,11.3,8,4,0
 2580,2016/08/15,07:12:58,11,8.3,4,0
 2581,2016/08/15,07:13:08,10.3,9,3.5,0
 2582,2016/08/15,07:13:18,10.2,9,4,0
 2583,2016/08/15,07:13:28,11,9,4,0
 2584,2016/08/15,07:13:38,11,9,4,0
 2585,2016/08/15,07:13:48,11,9,4,0
 2586,2016/08/15,07:13:58,11,9,4,0
 2587,2016/08/15,07:14:09,11,9.3,4,0
 2588,2016/08/15,07:14:19,11,10,4,0
 2589,2016/08/15,07:14:29,11,10,4,0
 2590,2016/08/15,07:14:39,11,10,4,0
 2591,2016/08/15,07:14:49,10.8,10,4,0
 2592,2016/08/15,07:14:59,10.2,10.3,4,0
 2593,2016/08/15,07:15:09,10.8,11,4,0
 2594,2016/08/15,07:15:19,10.2,11.3,4,0
 2595,2016/08/15,07:15:29,11,11.6,4,0
 2596,2016/08/15,07:15:39,11,11,3.5,0
 2597,2016/08/15,07:15:49,11,11.3,3,0
 2598,2016/08/15,07:15:59,11,11.1,3,0
 2599,2016/08/15,07:16:09,11,11.3,3,0
 2600,2016/08/15,07:16:19,11,12,3,0
 2601,2016/08/15,07:16:30,11,11.6,3,0
 2602,2016/08/15,07:16:40,11.2,11,3,0
 2603,2016/08/15,07:16:50,12,11,3.5,0
 2604,2016/08/15,07:17:00,11.5,11.3,4,0
 2605,2016/08/15,07:17:10,12,12,4,0
 2606,2016/08/15,07:17:20,12.3,12,4,0
 2607,2016/08/15,07:17:30,12.7,11.6,4,0
 2608,2016/08/15,07:17:40,12.3,11,4,0
 2609,2016/08/15,07:17:50,13,11,4,0
 2610,2016/08/15,07:18:00,13,11.3,4,0
 2611,2016/08/15,07:18:10,13,12,4,0
 2612,2016/08/15,07:18:20,13,11.6,4,0
 2613,2016/08/15,07:18:30,13,11,5,0
 2614,2016/08/15,07:18:40,13,11,5,0
 2615,2016/08/15,07:18:51,13,10.6,4,0
 2616,2016/08/15,07:19:01,13,10.8,4.5,0
 2617,2016/08/15,07:19:11,12.6,11,4,0
 2618,2016/08/15,07:19:21,12,11,4,0
 2619,2016/08/15,07:19:31,12,10.1,3.5,0
 2620,2016/08/15,07:19:41,12,10,3,0
 2621,2016/08/15,07:19:51,12,10,3,0
 2622,2016/08/15,07:20:01,12,10,3.5,0
 2623,2016/08/15,07:20:11,12,10,4,0
 2624,2016/08/15,07:20:21,12,10,4,0
 2625,2016/08/15,07:20:31,11.6,10,4,0
 2626,2016/08/15,07:20:41,11.5,10,4,0
 2627,2016/08/15,07:20:51,11,9.5,4,0
 2628,2016/08/15,07:21:01,11.4,10,3.5,0
 2629,2016/08/15,07:21:12,12,10,3.5,0
 2630,2016/08/15,07:21:22,12,10,4,0
 2631,2016/08/15,07:21:32,12,10,4,0
 2632,2016/08/15,07:21:42,12,10,4,0
 2633,2016/08/15,07:21:52,12.9,10,4,0
 2634,2016/08/15,07:22:02,12.6,10.4,4,0
 2635,2016/08/15,07:22:12,12,10.6,4,0
 2636,2016/08/15,07:22:22,12,10,4,0
 2637,2016/08/15,07:22:32,12,10,3.4,0
 2638,2016/08/15,07:22:42,11.5,10,3,0
 2639,2016/08/15,07:22:52,11.5,10,4,0
 2640,2016/08/15,07:23:02,12,10,4,0
 2641,2016/08/15,07:23:12,12,10.9,4,0
 2642,2016/08/15,07:23:22,12,11.9,4,0
 2643,2016/08/15,07:23:33,12,11.5,4,0
 2644,2016/08/15,07:23:43,12,11.5,4,0
 2645,2016/08/15,07:23:53,12,12,4,0
 2646,2016/08/15,07:24:03,12,11.1,4,0
 2647,2016/08/15,07:24:13,12,11,4,0
 2648,2016/08/15,07:24:23,12,11.4,4,0
 2649,2016/08/15,07:24:33,11.5,11.1,4,0
 2650,2016/08/15,07:24:43,11.5,11,4,0
 2651,2016/08/15,07:24:53,12,11,4,0
 2652,2016/08/15,07:25:03,12,11.9,4,0
 2653,2016/08/15,07:25:13,12,12,5,0
 2654,2016/08/15,07:25:23,12,12,4.5,0
 2655,2016/08/15,07:25:33,11.4,11.5,4.9,0
 2656,2016/08/15,07:25:43,12,11,4.6,0
 2657,2016/08/15,07:25:54,12,11,5,0
 2658,2016/08/15,07:26:04,12,11,5.1,0
 2659,2016/08/15,07:26:14,12.5,11,6,0
 2660,2016/08/15,07:26:24,12,11,6,0
 2661,2016/08/15,07:26:34,13,11,6,0
 2662,2016/08/15,07:26:44,12,11,6,0
 2663,2016/08/15,07:26:54,12,11,6,0
 2664,2016/08/15,07:27:04,12,11,6,0
 2665,2016/08/15,07:27:14,12.5,11.5,6,0
 2666,2016/08/15,07:27:24,13,11,6,0
 2667,2016/08/15,07:27:34,12.4,11,6,0
 2668,2016/08/15,07:27:44,12,11,6,0
 2669,2016/08/15,07:27:54,12,11,6,0
 2670,2016/08/15,07:28:05,12,11,6,0
 2671,2016/08/15,07:28:15,11.4,11,6,0
 2672,2016/08/15,07:28:25,11,11,5.9,0
 2673,2016/08/15,07:28:35,11.5,11,5,0
 2674,2016/08/15,07:28:45,11,11,5,0
 2675,2016/08/15,07:28:55,11,11,4.9,0
 2676,2016/08/15,07:29:05,11,11,4.6,0
 2677,2016/08/15,07:29:15,11,11,5,0
 2678,2016/08/15,07:29:25,11,11,5,0
 2679,2016/08/15,07:29:35,11,11,5,0
 2680,2016/08/15,07:29:45,11,11,5,0
 2681,2016/08/15,07:29:55,11,11,5,0
 2682,2016/08/15,07:30:05,11,11,4.3,0
 2683,2016/08/15,07:30:16,11,11,4,0
 2684,2016/08/15,07:30:26,11,11,4,0
 2685,2016/08/15,07:30:36,10.4,11,4,0
 2686,2016/08/15,07:30:46,11,11.5,4,0
 2687,2016/08/15,07:30:56,11.1,12,4,0
 2688,2016/08/15,07:31:06,11.5,12,4,0
 2689,2016/08/15,07:31:16,12,12,4,0
 2690,2016/08/15,07:31:26,12,12,4,0
 2691,2016/08/15,07:31:36,12,12,4,0
 2692,2016/08/15,07:31:46,12,11.5,4,0
 2693,2016/08/15,07:31:56,12,11,4,0
 2694,2016/08/15,07:32:06,11.8,11,4,0
 2695,2016/08/15,07:32:16,11.7,11.5,4,0
 2696,2016/08/15,07:32:26,12,11.5,4,0
 2697,2016/08/15,07:32:37,12,11,4,0
 2698,2016/08/15,07:32:47,12,11,4,0
 2699,2016/08/15,07:32:57,11.2,11,4,0
 2700,2016/08/15,07:33:07,11,11,4,0
 2701,2016/08/15,07:33:17,11,11,4.6,0
 2702,2016/08/15,07:33:27,11,11.5,5,0
 2703,2016/08/15,07:33:37,11,11,5,0
 2704,2016/08/15,07:33:47,11,11,5,0
 2705,2016/08/15,07:33:57,11,11.5,5,0
 2706,2016/08/15,07:34:07,11,12,5,0
 2707,2016/08/15,07:34:17,11,12,5,0
 2708,2016/08/15,07:34:27,11,12,4.8,0
 2709,2016/08/15,07:34:37,11,12,4,0
 2710,2016/08/15,07:34:48,11,12,4,0
 2711,2016/08/15,07:34:58,11,11.9,4.7,0
 2712,2016/08/15,07:35:08,11.5,11.5,5,0
 2713,2016/08/15,07:35:18,11.8,12,5,0
 2714,2016/08/15,07:35:28,12.3,12,5,0
 2715,2016/08/15,07:35:38,12.2,12,5,0
 2716,2016/08/15,07:35:48,12.3,11.9,4.3,0
 2717,2016/08/15,07:35:58,13,11,4,0
 2718,2016/08/15,07:36:08,13,11,4,0
 2719,2016/08/15,07:36:18,13,11.9,4,0
 2720,2016/08/15,07:36:28,13,11,4.2,0
 2721,2016/08/15,07:36:38,13,11,5,0
 2722,2016/08/15,07:36:48,13,11,5.7,0
 2723,2016/08/15,07:36:58,13,11,6,0
 2724,2016/08/15,07:37:09,13.3,11,6,0
 2725,2016/08/15,07:37:19,14,11,5.3,0
 2726,2016/08/15,07:37:29,14,11,5,0
 2727,2016/08/15,07:37:39,13.5,11.5,5,0
 2728,2016/08/15,07:37:49,13.1,11.9,5,0
 2729,2016/08/15,07:37:59,13,11.5,5,0
 2730,2016/08/15,07:38:09,13,11.5,5,0
 2731,2016/08/15,07:38:19,12.6,12,4.8,0
 2732,2016/08/15,07:38:29,12,12,4.2,0
 2733,2016/08/15,07:38:39,12.5,12,5,0
 2734,2016/08/15,07:38:49,12.9,12,5,0
 2735,2016/08/15,07:38:59,12.1,12,5,0
 2736,2016/08/15,07:39:09,12,12,5,0
 2737,2016/08/15,07:39:20,12,12,4.2,0
 2738,2016/08/15,07:39:30,12,12,4,0
 2739,2016/08/15,07:39:40,11.1,11.5,4,0
 2740,2016/08/15,07:39:50,11,12,4.7,0
 2741,2016/08/15,07:40:00,11,12,5,0
 2742,2016/08/15,07:40:10,11,12,5,0
 2743,2016/08/15,07:40:20,11.4,12,5,0
 2744,2016/08/15,07:40:30,12,12,5,0
 2745,2016/08/15,07:40:40,12,12,5.7,0
 2746,2016/08/15,07:40:50,12,12,6,0
 2747,2016/08/15,07:41:00,12,12,6,0
 2748,2016/08/15,07:41:10,12.5,12,5.7,0
 2749,2016/08/15,07:41:20,13,12,5,0
 2750,2016/08/15,07:41:30,12.4,12,5,0
 2751,2016/08/15,07:41:41,12,12,5,0
 2752,2016/08/15,07:41:51,12.5,12,5,0
 2753,2016/08/15,07:42:01,12,12,5,0
 2754,2016/08/15,07:42:11,12.1,12,5,0
 2755,2016/08/15,07:42:21,13,11.9,5,0
 2756,2016/08/15,07:42:31,13,11,5,0
 2757,2016/08/15,07:42:41,12.9,11,4.2,0
 2758,2016/08/15,07:42:51,12,11,4.2,0
 2759,2016/08/15,07:43:01,12,11.1,5,0
 2760,2016/08/15,07:43:11,12,12,5,0
 2761,2016/08/15,07:43:21,12,12,5,0
 2762,2016/08/15,07:43:31,12,11.8,5,0
 2763,2016/08/15,07:43:41,12,11.6,5,0
 2764,2016/08/15,07:43:52,12,12,5,0
 2765,2016/08/15,07:44:02,12,12,5,0
 2766,2016/08/15,07:44:12,12,12,5,0
 2767,2016/08/15,07:44:22,12,12,5,0
 2768,2016/08/15,07:44:32,12.1,12,5,0
 2769,2016/08/15,07:44:42,13,12.1,5,0
 2770,2016/08/15,07:44:52,13,13,5,0
 2771,2016/08/15,07:45:02,12.3,13,5,0
 2772,2016/08/15,07:45:12,12.6,13,5,0
 2773,2016/08/15,07:45:22,13.6,13.1,5,0
 2774,2016/08/15,07:45:32,14,13.3,4.2,0
 2775,2016/08/15,07:45:42,14,13.5,4,0
 2776,2016/08/15,07:45:52,14.2,13,4,0
 2777,2016/08/15,07:46:03,15,13.6,4,0
 2778,2016/08/15,07:46:13,15,13.3,4,0
 2779,2016/08/15,07:46:23,15,13,4,0
 2780,2016/08/15,07:46:33,15,13,4,0
 2781,2016/08/15,07:46:43,15.7,12.3,4,0
 2782,2016/08/15,07:46:53,15.3,12.6,4,0
 2783,2016/08/15,07:47:03,15,13,4,0
 2784,2016/08/15,07:47:13,15,13,4,0
 2785,2016/08/15,07:47:23,15,12.3,4,0
 2786,2016/08/15,07:47:33,15.7,12,4,0
 2787,2016/08/15,07:47:43,15.8,12,4,0
 2788,2016/08/15,07:47:53,15,11.3,4,0
 2789,2016/08/15,07:48:03,15,10.8,4,0
 2790,2016/08/15,07:48:14,15,10,4,0
 2791,2016/08/15,07:48:24,15,10,4,0
 2792,2016/08/15,07:48:34,14.3,10,4,0
 2793,2016/08/15,07:48:44,14,10.5,4,0
 2794,2016/08/15,07:48:54,14,10.7,4,0
 2795,2016/08/15,07:49:04,14,11,4,0
 2796,2016/08/15,07:49:14,14,11,4,0
 2797,2016/08/15,07:49:24,14,10.8,4,0
 2798,2016/08/15,07:49:34,14,10.7,4,0
 2799,2016/08/15,07:49:44,13.2,11,4,0
 2800,2016/08/15,07:49:54,13,11,4,0
 2801,2016/08/15,07:50:04,13,11,4,0
 2802,2016/08/15,07:50:14,13,10.8,4,0
 2803,2016/08/15,07:50:25,13,10,4,0
 2804,2016/08/15,07:50:35,13,10.2,4,0
 2805,2016/08/15,07:50:45,13,10.3,4,0
 2806,2016/08/15,07:50:55,13.5,10.7,4,0
 2807,2016/08/15,07:51:05,13.5,11,4.3,0
 2808,2016/08/15,07:51:15,13,10.8,5,0
 2809,2016/08/15,07:51:25,13.8,10,5,0
 2810,2016/08/15,07:51:35,14,10,5,0
 2811,2016/08/15,07:51:45,14.3,10,5,0
 2812,2016/08/15,07:51:55,15,10,5,0
 2813,2016/08/15,07:52:05,14.6,10,5,0
 2814,2016/08/15,07:52:15,14.9,10,5,0
 2815,2016/08/15,07:52:25,15,10,5,0
 2816,2016/08/15,07:52:35,15,10,5,0
 2817,2016/08/15,07:52:46,15.5,10,5,0
 2818,2016/08/15,07:52:56,15,10.7,5,0
 2819,2016/08/15,07:53:06,15,11,5,0
 2820,2016/08/15,07:53:16,15,11,5,0
 2821,2016/08/15,07:53:26,14.1,11,5,0
 2822,2016/08/15,07:53:36,14.9,11.2,5,0
 2823,2016/08/15,07:53:46,15,12,5,0
 2824,2016/08/15,07:53:56,14.5,12,5,0
 2825,2016/08/15,07:54:06,14,12.5,5,0
 2826,2016/08/15,07:54:16,13.5,12.2,5,0
 2827,2016/08/15,07:54:26,13,13,5,0
 2828,2016/08/15,07:54:36,13.4,13,5,0
 2829,2016/08/15,07:54:46,14,13,5,0
 2830,2016/08/15,07:54:57,13.5,13,5,0
 2831,2016/08/15,07:55:07,13,13,5,0
 2832,2016/08/15,07:55:17,13,13,5.9,0
 2833,2016/08/15,07:55:27,13,13,6,0
 2834,2016/08/15,07:55:37,13,12.7,6,0
 2835,2016/08/15,07:55:47,13,12.5,5.1,0
 2836,2016/08/15,07:55:57,13,12,5,0
 2837,2016/08/15,07:56:07,13,12,5.9,0
 2838,2016/08/15,07:56:17,13,11.7,6,0
 2839,2016/08/15,07:56:27,13,11.2,5.1,0
 2840,2016/08/15,07:56:37,13,11.2,5,0
 2841,2016/08/15,07:56:47,13,11,5.4,0
 2842,2016/08/15,07:56:57,13,11,6,0
 2843,2016/08/15,07:57:08,13,11,6,0
 2844,2016/08/15,07:57:18,13,11,5.1,0
 2845,2016/08/15,07:57:28,13,11,5,0
 2846,2016/08/15,07:57:38,13,11,5,0
 2847,2016/08/15,07:57:48,13,11,5.4,0
 2848,2016/08/15,07:57:58,13.5,11,6,0
 2849,2016/08/15,07:58:08,13,10.5,6,0
 2850,2016/08/15,07:58:18,13,11,6,0
 2851,2016/08/15,07:58:28,14,10.7,6,0
 2852,2016/08/15,07:58:38,14,10,6,0
 2853,2016/08/15,07:58:48,14,10.5,5.5,0
 2854,2016/08/15,07:58:58,14,10,5.4,0
 2855,2016/08/15,07:59:08,14,10.3,5.5,0
 2856,2016/08/15,07:59:18,14,11,5.5,0
 2857,2016/08/15,07:59:29,14,11,5,0
 2858,2016/08/15,07:59:39,13.9,11,5,0
 2859,2016/08/15,07:59:49,13.1,11,5,0
 2860,2016/08/15,07:59:59,14,11,5,0
 2861,2016/08/15,08:00:09,14,11,5,0
 2862,2016/08/15,08:00:19,14,11,4.5,0
 2863,2016/08/15,08:00:29,14,11.3,4,0
 2864,2016/08/15,08:00:39,14,12,4,0
 2865,2016/08/15,08:00:49,14.2,12,4,0
 2866,2016/08/15,08:00:59,14.3,12,4,0
 2867,2016/08/15,08:01:09,14,12,4,0
 2868,2016/08/15,08:01:19,14,12,4,0
 2869,2016/08/15,08:01:29,14,12,4,0
 2870,2016/08/15,08:01:39,14,12,4,0
 2871,2016/08/15,08:01:50,14,12,4.9,0
 2872,2016/08/15,08:02:00,14,12.3,5,0
 2873,2016/08/15,08:02:10,14,13,5,0
 2874,2016/08/15,08:02:20,14.2,12.1,5,0
 2875,2016/08/15,08:02:30,15,12,5,0
 2876,2016/08/15,08:02:40,14.3,12,5,0
 2877,2016/08/15,08:02:50,14,12.5,5,0
 2878,2016/08/15,08:03:00,14,12.3,6,0
 2879,2016/08/15,08:03:10,14,12.1,6,0
 2880,2016/08/15,08:03:20,14,12.3,6,0
 2881,2016/08/15,08:03:30,13.7,13,6,0
 2882,2016/08/15,08:03:40,13.7,13.3,6,0
 2883,2016/08/15,08:03:50,14,14,6,0
 2884,2016/08/15,08:04:00,14,14,6,0
 2885,2016/08/15,08:04:11,14,13.1,6,0
 2886,2016/08/15,08:04:21,14,13.8,5,0
 2887,2016/08/15,08:04:31,14,13.6,5,0
 2888,2016/08/15,08:04:41,14,13.3,5,0
 2889,2016/08/15,08:04:51,14,14,5,0
 2890,2016/08/15,08:05:01,14,14,5,0
 2891,2016/08/15,08:05:11,14,14,5,0
 2892,2016/08/15,08:05:21,14,13.1,5,0
 2893,2016/08/15,08:05:31,14.8,13,5,0
 2894,2016/08/15,08:05:41,14.2,13,5,0
 2895,2016/08/15,08:05:51,14,13,5,0
 2896,2016/08/15,08:06:01,14.3,12.6,5,0
 2897,2016/08/15,08:06:11,15,12,4.5,0
 2898,2016/08/15,08:06:22,15,12,6,0
 2899,2016/08/15,08:06:32,15,12,6,0
 2900,2016/08/15,08:06:42,15,12.5,6,0
 2901,2016/08/15,08:06:52,15.8,12.4,6,0
 2902,2016/08/15,08:07:02,15.1,13,6,0
 2903,2016/08/15,08:07:12,15,12.6,5.9,0
 2904,2016/08/15,08:07:22,15,12.4,5,0
 2905,2016/08/15,08:07:32,15,13,5,0
 2906,2016/08/15,08:07:42,15,13.4,6,0
 2907,2016/08/15,08:07:52,15,14,6,0
 2908,2016/08/15,08:08:02,14.6,14,6,0
 2909,2016/08/15,08:08:12,14.8,13.1,6,0
 2910,2016/08/15,08:08:22,14.6,13.9,6,0
 2911,2016/08/15,08:08:32,14.8,13.1,6,0
 2912,2016/08/15,08:08:43,14.1,13.9,5.9,0
 2913,2016/08/15,08:08:53,14,13.1,5,0
 2914,2016/08/15,08:09:03,14,13,5,0
 2915,2016/08/15,08:09:13,14,13,5,0
 2916,2016/08/15,08:09:23,14,13,5,0
 2917,2016/08/15,08:09:33,14.9,13,6,0
 2918,2016/08/15,08:09:43,15,13,5.9,0
 2919,2016/08/15,08:09:53,15.4,13,5,0
 2920,2016/08/15,08:10:03,16,13,5,0
 2921,2016/08/15,08:10:13,16,12.6,5,0
 2922,2016/08/15,08:10:23,16,12,5,0
 2923,2016/08/15,08:10:33,16.4,12.4,4.4,0
 2924,2016/08/15,08:10:43,17,13,4,0
 2925,2016/08/15,08:10:54,17,13,4,0
 2926,2016/08/15,08:11:04,16.6,13,4,0
 2927,2016/08/15,08:11:14,16,13,4,0
 2928,2016/08/15,08:11:24,16.4,13,4.5,0
 2929,2016/08/15,08:11:34,17,13,4.5,0
 2930,2016/08/15,08:11:44,17,13,4,0
 2931,2016/08/15,08:11:54,17,13,4.1,0
 2932,2016/08/15,08:12:04,16.5,13,5,0
 2933,2016/08/15,08:12:14,16,13,5,0
 2934,2016/08/15,08:12:24,16.5,13,5,0
 2935,2016/08/15,08:12:34,16,13,5.6,0
 2936,2016/08/15,08:12:44,16,13,6,0
 2937,2016/08/15,08:12:54,15.5,13,6,0
 2938,2016/08/15,08:13:04,15,13,6,0
 2939,2016/08/15,08:13:15,15,13,6.6,0
 2940,2016/08/15,08:13:25,15.4,13,7,0
 2941,2016/08/15,08:13:35,16,13,7,0
 2942,2016/08/15,08:13:45,15,13,6.4,0
 2943,2016/08/15,08:13:55,15,13,6,0
 2944,2016/08/15,08:14:05,15,13,6,0
 2945,2016/08/15,08:14:15,14.4,13,6,0
 2946,2016/08/15,08:14:25,14,12,6,0
 2947,2016/08/15,08:14:35,13.9,12,6,0
 2948,2016/08/15,08:14:45,13,12,6,0
 2949,2016/08/15,08:14:55,13.5,12,6,0
 2950,2016/08/15,08:15:05,14,12,5.4,0
 2951,2016/08/15,08:15:15,13.9,12,5,0
 2952,2016/08/15,08:15:25,13.5,11.5,5,0
 2953,2016/08/15,08:15:36,13.4,11.5,5,0
 2954,2016/08/15,08:15:46,13,11,4.4,0
 2955,2016/08/15,08:15:56,13,11.5,4,0
 2956,2016/08/15,08:16:06,13,12,4,0
 2957,2016/08/15,08:16:16,13,12,4,0
 2958,2016/08/15,08:16:26,13,12,4,0
 2959,2016/08/15,08:16:36,13,12,4,0
 2960,2016/08/15,08:16:46,13,12.5,4,0
 2961,2016/08/15,08:16:56,13.1,13,4,0
 2962,2016/08/15,08:17:06,13.9,13.5,4,0
 2963,2016/08/15,08:17:16,13,14,4,0
 2964,2016/08/15,08:17:26,12.4,14,4,0
 2965,2016/08/15,08:17:36,12.6,13,4.6,0
 2966,2016/08/15,08:17:47,12.9,14,5,0
 2967,2016/08/15,08:17:57,12,14,5,0
 2968,2016/08/15,08:18:07,12.1,15,5,0
 2969,2016/08/15,08:18:17,13,14.5,5,0
 2970,2016/08/15,08:18:27,13,14,5,0
 2971,2016/08/15,08:18:37,13,13.5,5,0
 2972,2016/08/15,08:18:47,13,14,5.1,0
 2973,2016/08/15,08:18:57,13,13.5,6,0
 2974,2016/08/15,08:19:07,13,13.5,6,0
 2975,2016/08/15,08:19:17,13,14,6.1,0
 2976,2016/08/15,08:19:27,13,14,6.8,0
 2977,2016/08/15,08:19:37,13,13.5,6,0
 2978,2016/08/15,08:19:47,13,13.5,6,0
 2979,2016/08/15,08:19:57,13,14,6,0
 2980,2016/08/15,08:20:08,13,13,6,0
 2981,2016/08/15,08:20:18,13,13,6,0
 2982,2016/08/15,08:20:28,13,13,6,0
 2983,2016/08/15,08:20:38,13,13,6,0
 2984,2016/08/15,08:20:48,13,13,6.1,0
 2985,2016/08/15,08:20:58,13,13,6.3,0
 2986,2016/08/15,08:21:08,13,13,6.4,0
 2987,2016/08/15,08:21:18,13.5,13,6.7,0
 2988,2016/08/15,08:21:28,13.7,13,6.8,0
 2989,2016/08/15,08:21:38,14.7,13,6.2,0
 2990,2016/08/15,08:21:48,14.5,13,6.8,0
 2991,2016/08/15,08:21:58,15,13,6,0
 2992,2016/08/15,08:22:08,15,13,6.7,0
 2993,2016/08/15,08:22:19,15.5,12.4,7,0
 2994,2016/08/15,08:22:29,15.8,12,7,0
 2995,2016/08/15,08:22:39,16.3,12.4,7,0
 2996,2016/08/15,08:22:49,17,12,7.2,0
 2997,2016/08/15,08:22:59,16.5,12,8,0
 2998,2016/08/15,08:23:09,16.1,12,8,0
 2999,2016/08/15,08:23:19,16,12,8,0
 3000,2016/08/15,08:23:29,15.1,12,7.3,0
 3001,2016/08/15,08:23:39,15.9,12,7.2,0
 3002,2016/08/15,08:23:49,16,12,8,0
 3003,2016/08/15,08:23:59,15.6,11.5,8,0
 3004,2016/08/15,08:24:09,15,11.4,8,0
 3005,2016/08/15,08:24:19,15,11,8.2,0
 3006,2016/08/15,08:24:29,15,11,9,0
 3007,2016/08/15,08:24:40,15,11,9,0
 3008,2016/08/15,08:24:50,14.1,11.5,9,0
 3009,2016/08/15,08:25:00,13.1,12,9,0
 3010,2016/08/15,08:25:10,13,12,9,0
 3011,2016/08/15,08:25:20,13,12,8.3,0
 3012,2016/08/15,08:25:30,13,12.5,8.7,0
 3013,2016/08/15,08:25:40,13,12,9,0
 3014,2016/08/15,08:25:50,13,12.6,9,0
 3015,2016/08/15,08:26:00,13.5,13,9.7,0
 3016,2016/08/15,08:26:10,13,13,9.7,0
 3017,2016/08/15,08:26:20,13,13,9,0
 3018,2016/08/15,08:26:30,13,13,9,0
 3019,2016/08/15,08:26:40,13,13,9,0
 3020,2016/08/15,08:26:51,13.5,13.1,9.7,0
 3021,2016/08/15,08:27:01,13.4,14,10,0
 3022,2016/08/15,08:27:11,14,14,10,0
 3023,2016/08/15,08:27:21,14,13.4,10,0
 3024,2016/08/15,08:27:31,14.9,13.6,10,0
 3025,2016/08/15,08:27:41,15,14,10,0
 3026,2016/08/15,08:27:51,15,14,9.7,0
 3027,2016/08/15,08:28:01,15,14,9,0
 3028,2016/08/15,08:28:11,15,14,8.2,0
 3029,2016/08/15,08:28:21,15,13.5,8,0
 3030,2016/08/15,08:28:31,15,14,8,0
 3031,2016/08/15,08:28:41,15,14,8,0
 3032,2016/08/15,08:28:51,15,14,8.7,0
 3033,2016/08/15,08:29:01,14,13.9,9,0
 3034,2016/08/15,08:29:12,14,13,9,0
 3035,2016/08/15,08:29:22,13.5,13,9,0
 3036,2016/08/15,08:29:32,14,12.4,9,0
 3037,2016/08/15,08:29:42,14,12,9.2,0
 3038,2016/08/15,08:29:52,13.9,12,10,0
 3039,2016/08/15,08:30:02,13,12,10,0
 3040,2016/08/15,08:30:12,13,11.3,10,0
 3041,2016/08/15,08:30:22,13,11,10,0
 3042,2016/08/15,08:30:32,13,11,10.8,0
 3043,2016/08/15,08:30:42,13,11.6,11,0
 3044,2016/08/15,08:30:52,13,12,11,0
 3045,2016/08/15,08:31:02,13,12,11,0
 3046,2016/08/15,08:31:12,13.5,12,11.8,0
 3047,2016/08/15,08:31:23,14,12.6,12,0
 3048,2016/08/15,08:31:33,14.1,13,12,0
 3049,2016/08/15,08:31:43,14.4,13.1,12.3,0
 3050,2016/08/15,08:31:53,14,14,13,0
 3051,2016/08/15,08:32:03,14,14,13,0
 3052,2016/08/15,08:32:13,14.6,14,13,0
 3053,2016/08/15,08:32:23,15,14,13.3,0
 3054,2016/08/15,08:32:33,15,14,13.7,0
 3055,2016/08/15,08:32:43,15,14,13.5,0
 3056,2016/08/15,08:32:53,15,14,13,0
 3057,2016/08/15,08:33:03,15,14,13,0
 3058,2016/08/15,08:33:13,14.5,13.3,13.3,0
 3059,2016/08/15,08:33:23,14.8,13.6,13.2,0
 3060,2016/08/15,08:33:34,14,13.3,13,0
 3061,2016/08/15,08:33:44,14,13,13,0
 3062,2016/08/15,08:33:54,14,13,13,0
 3063,2016/08/15,08:34:04,14,13,13,0
 3064,2016/08/15,08:34:14,14,12.3,12.2,0
 3065,2016/08/15,08:34:24,14.7,12,11.7,0
 3066,2016/08/15,08:34:34,14.3,12,11,0
 3067,2016/08/15,08:34:44,14,12,11,0
 3068,2016/08/15,08:34:54,14,12.7,9.9,0
 3069,2016/08/15,08:35:04,13.2,13,9.3,0
 3070,2016/08/15,08:35:14,13,13,9.5,0
 3071,2016/08/15,08:35:24,13,13,10,0
 3072,2016/08/15,08:35:34,13.7,13,10,0
 3073,2016/08/15,08:35:45,14,13,9.6,0
 3074,2016/08/15,08:35:55,14,12.3,9.8,0
 3075,2016/08/15,08:36:05,14,12,10,0
 3076,2016/08/15,08:36:15,14,12.5,10,0
 3077,2016/08/15,08:36:25,14,12,10,0
 3078,2016/08/15,08:36:35,13.5,12.7,9.5,0
 3079,2016/08/15,08:36:45,13.6,13,10,0
 3080,2016/08/15,08:36:55,13,13,10.5,0
 3081,2016/08/15,08:37:05,13.5,13,11.2,0
 3082,2016/08/15,08:37:15,13.9,13,12,0
 3083,2016/08/15,08:37:25,14,13,12,0
 3084,2016/08/15,08:37:35,14,12.8,12,0
 3085,2016/08/15,08:37:45,14,12.7,12.5,0
 3086,2016/08/15,08:37:55,14.9,13,12,0
 3087,2016/08/15,08:38:06,15,12.5,12.8,0
 3088,2016/08/15,08:38:16,14.5,13,13,0
 3089,2016/08/15,08:38:26,14,13,13,0
 3090,2016/08/15,08:38:36,14.9,13,13.3,0
 3091,2016/08/15,08:38:46,15,13,14,0
 3092,2016/08/15,08:38:56,15,13,14,0
 3093,2016/08/15,08:39:06,15,13,14,0
 3094,2016/08/15,08:39:16,15,13,14.8,0
 3095,2016/08/15,08:39:26,15,12.2,14.1,0
 3096,2016/08/15,08:39:36,15,12.2,13.1,0
 3097,2016/08/15,08:39:46,14.5,13,13,0
 3098,2016/08/15,08:39:56,14.5,12.2,13,0
 3099,2016/08/15,08:40:06,14.5,12.2,13,0
 3100,2016/08/15,08:40:17,15,13,13,0
 3101,2016/08/15,08:40:27,14,13.2,13,0
 3102,2016/08/15,08:40:37,14,13.7,12.5,0
 3103,2016/08/15,08:40:47,14,13.5,13,0
 3104,2016/08/15,08:40:57,14,13.7,13,0
 3105,2016/08/15,08:41:07,14,13.5,13,0
 3106,2016/08/15,08:41:17,14,13.2,12.6,0
 3107,2016/08/15,08:41:27,14,13.2,12.4,0
 3108,2016/08/15,08:41:37,14,14,13,0
 3109,2016/08/15,08:41:47,14,13.2,13,0
 3110,2016/08/15,08:41:57,14,13.7,13,0
 3111,2016/08/15,08:42:07,14,14,13.4,0
 3112,2016/08/15,08:42:18,14,13.5,13.1,0
 3113,2016/08/15,08:42:28,14,13.2,13,0
 3114,2016/08/15,08:42:38,14,13,13,0
 3115,2016/08/15,08:42:48,14,13,13,0
 3116,2016/08/15,08:42:58,14,12.7,13.4,0
 3117,2016/08/15,08:43:08,14,12.7,14,0
 3118,2016/08/15,08:43:18,14,13,14,0
 3119,2016/08/15,08:43:28,14,12.2,14,0
 3120,2016/08/15,08:43:38,14,12,14,0
 3121,2016/08/15,08:43:48,14,12,14,0
 3122,2016/08/15,08:43:58,14,12,13.5,0
 3123,2016/08/15,08:44:08,14.1,12,13.1,0
 3124,2016/08/15,08:44:19,15,12,13,0
 3125,2016/08/15,08:44:29,15.6,11.2,13,0
 3126,2016/08/15,08:44:39,15.8,11.8,13,0
 3127,2016/08/15,08:44:49,15.1,11.7,13,0
 3128,2016/08/15,08:44:59,16,11,13.9,0
 3129,2016/08/15,08:45:09,16,11,14,0
 3130,2016/08/15,08:45:19,16,11,14,0
 3131,2016/08/15,08:45:29,16,11,13,0
 3132,2016/08/15,08:45:39,16,10.2,13,0
 3133,2016/08/15,08:45:49,16,10,13,0
 3134,2016/08/15,08:45:59,16.1,10,13,0
 3135,2016/08/15,08:46:09,16.3,10.5,13,0
 3136,2016/08/15,08:46:19,16,10,14.4,0
 3137,2016/08/15,08:46:30,16,10,15,0
 3138,2016/08/15,08:46:40,16,10,15,0
 3139,2016/08/15,08:46:50,16,10,14,0
 3140,2016/08/15,08:47:00,16,10,14,0
 3141,2016/08/15,08:47:10,16,10,14.4,0
 3142,2016/08/15,08:47:20,16.2,10,15,0
 3143,2016/08/15,08:47:30,16.2,10,14,0
 3144,2016/08/15,08:47:40,16,10,14.5,0
 3145,2016/08/15,08:47:50,16,10,14.4,0
 3146,2016/08/15,08:48:00,16,10,15,0
 3147,2016/08/15,08:48:10,16,10.8,14.5,0
 3148,2016/08/15,08:48:20,16,11,14,0
 3149,2016/08/15,08:48:31,15.2,10.6,14.9,0
 3150,2016/08/15,08:48:41,15,10.3,15,0
 3151,2016/08/15,08:48:51,14.7,11,13.6,0
 3152,2016/08/15,08:49:01,14,11,13,0
 3153,2016/08/15,08:49:11,13.7,11,13,0
 3154,2016/08/15,08:49:21,13.3,10.6,13,0
 3155,2016/08/15,08:49:31,13.2,10.8,13,0
 3156,2016/08/15,08:49:41,13,11,12.5,0
 3157,2016/08/15,08:49:51,12.2,10.1,12,0
 3158,2016/08/15,08:50:01,12,10,12.5,0
 3159,2016/08/15,08:50:11,12.8,10,13,0
 3160,2016/08/15,08:50:21,12.2,10,13,0
 3161,2016/08/15,08:50:32,12.3,9.6,13,0
 3162,2016/08/15,08:50:42,12.7,9,13.5,0
 3163,2016/08/15,08:50:52,12.8,9,13.5,0
 3164,2016/08/15,08:51:02,13,9,13,0
 3165,2016/08/15,08:51:12,13.9,9,13,0
 3166,2016/08/15,08:51:22,14,9,13,0
 3167,2016/08/15,08:51:32,14,9,13,0
 3168,2016/08/15,08:51:42,13.1,8.1,13.5,0
 3169,2016/08/15,08:51:52,13,8.8,14,0
 3170,2016/08/15,08:52:02,13,8.1,13.5,0
 3171,2016/08/15,08:52:12,13,8.3,13,0
 3172,2016/08/15,08:52:22,13.9,9,13.5,0
 3173,2016/08/15,08:52:33,13,9,14,0
 3174,2016/08/15,08:52:43,13,8.5,14,0
 3175,2016/08/15,08:52:53,13,8.6,13,0
 3176,2016/08/15,08:53:03,13,8.3,14,0
 3177,2016/08/15,08:53:13,13,8.6,13.5,0
 3178,2016/08/15,08:53:23,12,8,13.5,0
 3179,2016/08/15,08:53:33,12,8,14,0
 3180,2016/08/15,08:53:43,12,8,14,0
 3181,2016/08/15,08:53:53,12,8,14,0
 3182,2016/08/15,08:54:03,12,8,13.9,0
 3183,2016/08/15,08:54:13,12,8,13,0
 3184,2016/08/15,08:54:23,12,8,13,0
 3185,2016/08/15,08:54:34,12,8.5,13,0
 3186,2016/08/15,08:54:44,12,8.5,13,0
 3187,2016/08/15,08:54:54,12,8.4,12.9,0
 3188,2016/08/15,08:55:04,12,9,11.4,0
 3189,2016/08/15,08:55:14,12,9,11,0
 3190,2016/08/15,08:55:24,12,9,11,0
 3191,2016/08/15,08:55:34,12,9,11,0
 3192,2016/08/15,08:55:44,12,9,11,0
 3193,2016/08/15,08:55:54,11.4,9,10.9,0
 3194,2016/08/15,08:56:04,11,9,10.5,0
 3195,2016/08/15,08:56:14,11,9,10,0
 3196,2016/08/15,08:56:24,11.1,9.4,10.5,0
 3197,2016/08/15,08:56:34,11.4,9.1,11,0
 3198,2016/08/15,08:56:45,11.6,9,11.5,0
 3199,2016/08/15,08:56:55,12,9,11.5,0
 3200,2016/08/15,08:57:05,12,9,12,0
 3201,2016/08/15,08:57:15,12,9,12,0
 3202,2016/08/15,08:57:25,11.4,8.6,12,0
 3203,2016/08/15,08:57:35,11,8,12,0
 3204,2016/08/15,08:57:45,11,8,12.5,0
 3205,2016/08/15,08:57:55,11,8,12.4,0
 3206,2016/08/15,08:58:05,11,8,12,0
 3207,2016/08/15,08:58:15,11,8,12.9,0
 3208,2016/08/15,08:58:25,11,8.4,12.1,0
 3209,2016/08/15,08:58:35,11.6,8.5,12.4,0
 3210,2016/08/15,08:58:45,11.3,8,12,0
 3211,2016/08/15,08:58:56,10.8,8,12,0
 3212,2016/08/15,08:59:06,10.6,8,12,0
 3213,2016/08/15,08:59:16,11,8.9,12,0
 3214,2016/08/15,08:59:26,10.3,9,12,0
 3215,2016/08/15,08:59:36,10,9,12,0
 3216,2016/08/15,08:59:46,10.1,9,12,0
 3217,2016/08/15,08:59:56,11,9.4,12,0
 3218,2016/08/15,09:00:06,11,9,12,0
 3219,2016/08/15,09:00:16,11,9,12.1,0
 3220,2016/08/15,09:00:26,11.7,9,13,0
 3221,2016/08/15,09:00:36,12,9,13,0
 3222,2016/08/15,09:00:46,12,9,13.1,0
 3223,2016/08/15,09:00:56,12,9,13.5,0
 3224,2016/08/15,09:01:07,12,9,13.5,0
 3225,2016/08/15,09:01:17,12.7,9,14.5,0
 3226,2016/08/15,09:01:27,13,9,13.9,0
 3227,2016/08/15,09:01:37,12.7,9,13.6,0
 3228,2016/08/15,09:01:47,12,9,13.9,0
 3229,2016/08/15,09:01:57,12,8,13,0
 3230,2016/08/15,09:02:07,11.7,8.9,13,0
 3231,2016/08/15,09:02:17,11,8.5,13,0
 3232,2016/08/15,09:02:27,11,8.5,13,0
 3233,2016/08/15,09:02:37,11,8.5,13,0
 3234,2016/08/15,09:02:47,11,8.5,13,0
 3235,2016/08/15,09:02:57,10.2,9,12.4,0
 3236,2016/08/15,09:03:07,10,10,12.6,0
 3237,2016/08/15,09:03:18,9.5,10,12.3,0
 3238,2016/08/15,09:03:28,9.5,10,12.5,0
 3239,2016/08/15,09:03:38,9.2,10,12,0
 3240,2016/08/15,09:03:48,9,10,11.3,0
 3241,2016/08/15,09:03:58,9,10,11.6,0
 3242,2016/08/15,09:04:08,9,10,11.5,0
 3243,2016/08/15,09:04:18,9,10,12,0
 3244,2016/08/15,09:04:28,9,10,12,0
 3245,2016/08/15,09:04:38,9.3,10,11.5,0
 3246,2016/08/15,09:04:48,10,10,11.8,0
 3247,2016/08/15,09:04:58,10.4,10,11.8,0
 3248,2016/08/15,09:05:08,10.5,10,12.3,0
 3249,2016/08/15,09:05:18,11,10,12,0
 3250,2016/08/15,09:05:28,11,10,12.1,0
 3251,2016/08/15,09:05:39,11,9,12.2,0
 3252,2016/08/15,09:05:49,11,9,11,0
 3253,2016/08/15,09:05:59,11,9,11.1,0
 3254,2016/08/15,09:06:09,11,9,12,0
 3255,2016/08/15,09:06:19,11,9,12,0
 3256,2016/08/15,09:06:29,11,9,12,0
 3257,2016/08/15,09:06:39,11,9,12,0
 3258,2016/08/15,09:06:49,11,9,12,0
 3259,2016/08/15,09:06:59,11.4,9.5,12,0
 3260,2016/08/15,09:07:09,12,10,12,0
 3261,2016/08/15,09:07:19,11.5,10,12,0
 3262,2016/08/15,09:07:29,11,9.4,11.8,0
 3263,2016/08/15,09:07:39,11,9,11.1,0
 3264,2016/08/15,09:07:49,11,9,12,0
 3265,2016/08/15,09:08:00,11,9,11.8,0
 3266,2016/08/15,09:08:10,11,9,11.2,0
 3267,2016/08/15,09:08:20,11.5,9,12,0
 3268,2016/08/15,09:08:30,12,9,11.8,0
 3269,2016/08/15,09:08:40,12.5,9,11.7,0
 3270,2016/08/15,09:08:50,13,10,11.8,0
 3271,2016/08/15,09:09:00,13,10,11.7,0
 3272,2016/08/15,09:09:10,13,10,12,0
 3273,2016/08/15,09:09:20,13,10,11.8,0
 3274,2016/08/15,09:09:30,12.4,10,11.5,0
 3275,2016/08/15,09:09:40,12,10,11.2,0
 3276,2016/08/15,09:09:50,12,10.4,12,0
 3277,2016/08/15,09:10:00,12,10.5,11.3,0
 3278,2016/08/15,09:10:11,12,11,11.5,0
 3279,2016/08/15,09:10:21,12,11,11.5,0
 3280,2016/08/15,09:10:31,12,11.5,11.2,0
 3281,2016/08/15,09:10:41,12,11.4,11.8,0
 3282,2016/08/15,09:10:51,12,11,11.2,0
 3283,2016/08/15,09:11:01,11.4,11,11.5,0
 3284,2016/08/15,09:11:11,11.4,10.9,11.8,0
 3285,2016/08/15,09:11:21,11,10,11,0
 3286,2016/08/15,09:11:31,11,10,11.7,0
 3287,2016/08/15,09:11:41,11,10,11.3,0
 3288,2016/08/15,09:11:51,11,10,11,0
 3289,2016/08/15,09:12:01,11,10,11,0
 3290,2016/08/15,09:12:11,11,9.9,11,0
 3291,2016/08/15,09:12:22,11,9,11,0
 3292,2016/08/15,09:12:32,11,9,11,0
 3293,2016/08/15,09:12:42,11.5,9,11,0
 3294,2016/08/15,09:12:52,11.5,9,11,0
 3295,2016/08/15,09:13:02,11.9,9,11.5,0
 3296,2016/08/15,09:13:12,11.5,9,11,0
 3297,2016/08/15,09:13:22,11.4,9,11,0
 3298,2016/08/15,09:13:32,11,9,10.7,0
 3299,2016/08/15,09:13:42,11,9,10.7,0
 3300,2016/08/15,09:13:52,11.1,9.1,11,0
 3301,2016/08/15,09:14:02,12,10,10.5,0
 3302,2016/08/15,09:14:12,11.3,10,10.7,0
 3303,2016/08/15,09:14:22,11,10,10.7,0
 3304,2016/08/15,09:14:33,11.6,10.5,11,0
 3305,2016/08/15,09:14:43,12,10,11.7,0
 3306,2016/08/15,09:14:53,12,10.6,11.2,0
 3307,2016/08/15,09:15:03,11.5,11,11,0
 3308,2016/08/15,09:15:13,11.3,11,11.7,0
 3309,2016/08/15,09:15:23,11,11.5,11.2,0
 3310,2016/08/15,09:15:33,11,11.5,11,0
 3311,2016/08/15,09:15:43,11,11.6,11.2,0
 3312,2016/08/15,09:15:53,11,11.9,11.5,0
 3313,2016/08/15,09:16:03,11,11.1,12,0
 3314,2016/08/15,09:16:13,10.8,11.9,12,0
 3315,2016/08/15,09:16:23,10,11.5,12,0
 3316,2016/08/15,09:16:33,10.7,11,12,0
 3317,2016/08/15,09:16:44,11,11,12,0
 3318,2016/08/15,09:16:54,11,11,11.7,0
 3319,2016/08/15,09:17:04,11,11,11,0
 3320,2016/08/15,09:17:14,11,11,10.2,0
 3321,2016/08/15,09:17:24,11,11,10,0
 3322,2016/08/15,09:17:34,11,11,10.8,0
 3323,2016/08/15,09:17:44,11,11,10.5,0
 3324,2016/08/15,09:17:54,11,11,11,0
 3325,2016/08/15,09:18:04,11,11,11,0
 3326,2016/08/15,09:18:14,11,11,11,0
 3327,2016/08/15,09:18:24,11,11,10.2,0
 3328,2016/08/15,09:18:34,11,11,10,0
 3329,2016/08/15,09:18:44,11,11,10,0
 3330,2016/08/15,09:18:54,11,11,10.8,0
 3331,2016/08/15,09:19:05,11,11,11,0
 3332,2016/08/15,09:19:15,11.8,11.5,11,0
 3333,2016/08/15,09:19:25,12,11,11.3,0
 3334,2016/08/15,09:19:35,12,11,12,0
 3335,2016/08/15,09:19:45,12,11,12.8,0
 3336,2016/08/15,09:19:55,12,11,13.3,0
 3337,2016/08/15,09:20:05,12.3,11,13.2,0
 3338,2016/08/15,09:20:15,13,11.5,13,0
 3339,2016/08/15,09:20:25,13,11,13,0
 3340,2016/08/15,09:20:35,13,11,13,0
 3341,2016/08/15,09:20:45,13,11,13,0
 3342,2016/08/15,09:20:55,13,11,13,0
 3343,2016/08/15,09:21:05,13,11,13,0
 3344,2016/08/15,09:21:16,13.8,11,13,0
 3345,2016/08/15,09:21:26,14,11.7,13,0
 3346,2016/08/15,09:21:36,14,11.8,13,0
 3347,2016/08/15,09:21:46,13.1,11,13,0
 3348,2016/08/15,09:21:56,13,11,13,0
 3349,2016/08/15,09:22:06,13,11,13,0
 3350,2016/08/15,09:22:16,13,10.3,12.1,0
 3351,2016/08/15,09:22:26,13,10.5,12,0
 3352,2016/08/15,09:22:36,13,10.7,12,0
 3353,2016/08/15,09:22:46,13,10.3,12,0
 3354,2016/08/15,09:22:56,13,10,12,0
 3355,2016/08/15,09:23:06,13,10,12.8,0
 3356,2016/08/15,09:23:17,13,10,13,0
 3357,2016/08/15,09:23:27,13.4,10,13,0
 3358,2016/08/15,09:23:37,14,10.2,12.5,0
 3359,2016/08/15,09:23:47,13.5,10.3,12.1,0
 3360,2016/08/15,09:23:57,13,10,12.8,0
 3361,2016/08/15,09:24:07,12.5,10,13,0
 3362,2016/08/15,09:24:17,12.5,10,13,0
 3363,2016/08/15,09:24:27,13,10,13,0
 3364,2016/08/15,09:24:37,13,10,13,0
 3365,2016/08/15,09:24:47,13,10.7,13,0
 3366,2016/08/15,09:24:57,12.4,11,13,0
 3367,2016/08/15,09:25:07,12,10.5,13.8,0
 3368,2016/08/15,09:25:18,12,11,14.3,0
 3369,2016/08/15,09:25:28,12,11,14.1,0
 3370,2016/08/15,09:25:38,11.9,11,13.1,0
 3371,2016/08/15,09:25:48,11,11.7,13.3,0
 3372,2016/08/15,09:25:58,11,12,14,0
 3373,2016/08/15,09:26:08,11,12,14,0
 3374,2016/08/15,09:26:18,11,12,14.3,0
 3375,2016/08/15,09:26:28,11,12,15,0
 3376,2016/08/15,09:26:38,11,12,15,0
 3377,2016/08/15,09:26:48,10.4,12,14.1,0
 3378,2016/08/15,09:26:58,10.1,12.5,14,0
 3379,2016/08/15,09:27:08,10.4,12,14,0
 3380,2016/08/15,09:27:19,10.6,12,14,0
 3381,2016/08/15,09:27:29,11,12,14.4,0
 3382,2016/08/15,09:27:39,11,12,14.1,0
 3383,2016/08/15,09:27:49,11,12,14,0
 3384,2016/08/15,09:27:59,11,12.7,14.9,0
 3385,2016/08/15,09:28:09,11,12.7,15,0
 3386,2016/08/15,09:28:19,11,12,14.1,0
 3387,2016/08/15,09:28:29,11.2,12,13.5,0
 3388,2016/08/15,09:28:39,12,12,15.8,0
 3389,2016/08/15,09:28:49,11.5,11.7,15.6,0
 3390,2016/08/15,09:28:59,12,11.7,15,0
 3391,2016/08/15,09:29:09,12,12,15,0
 3392,2016/08/15,09:29:19,12,11.7,15,0
 3393,2016/08/15,09:29:30,12,11,15.9,0
 3394,2016/08/15,09:29:40,12,11,16.9,0
 3395,2016/08/15,09:29:50,12.2,11,17,0
 3396,2016/08/15,09:30:00,12.3,10.7,16.6,0
 3397,2016/08/15,09:30:10,12.2,10.2,16,0
 3398,2016/08/15,09:30:20,12.5,11,16,0
 3399,2016/08/15,09:30:30,13,10.2,15.6,0
 3400,2016/08/15,09:30:40,13,10.3,15,0
 3401,2016/08/15,09:30:50,13,11,15.4,0
 3402,2016/08/15,09:31:00,13,11,16,0
 3403,2016/08/15,09:31:10,13,10.7,15.1,0
 3404,2016/08/15,09:31:20,13,10,14,0
 3405,2016/08/15,09:31:31,13,10,13.5,0
 3406,2016/08/15,09:31:41,13.2,9.7,13.4,0
 3407,2016/08/15,09:31:51,14,9.5,14,0
 3408,2016/08/15,09:32:01,14,9.3,14.5,0
 3409,2016/08/15,09:32:11,14,10,13,0
 3410,2016/08/15,09:32:21,13.2,10,13.9,0
 3411,2016/08/15,09:32:31,13,10,14,0
 3412,2016/08/15,09:32:41,13.4,9.7,13.5,0
 3413,2016/08/15,09:32:51,13,9,13.5,0
 3414,2016/08/15,09:33:01,13.3,9,13,0
 3415,2016/08/15,09:33:11,13.1,8.2,13.5,0
 3416,2016/08/15,09:33:21,13.3,8.5,13,0
 3417,2016/08/15,09:33:31,14,8,13,0
 3418,2016/08/15,09:33:41,14,8,13,0
 3419,2016/08/15,09:33:52,14,8.3,13.9,0
 3420,2016/08/15,09:34:02,14,8.2,14.4,0
 3421,2016/08/15,09:34:12,13.6,8,14,0
 3422,2016/08/15,09:34:22,13,8,14,0
 3423,2016/08/15,09:34:32,13,8,13,0
 3424,2016/08/15,09:34:42,13,8,13,0
 3425,2016/08/15,09:34:52,13,8,12.5,0
 3426,2016/08/15,09:35:02,13,8.5,13,0
 3427,2016/08/15,09:35:12,12.1,8.8,13,0
 3428,2016/08/15,09:35:22,12.9,9,13,0
 3429,2016/08/15,09:35:32,13,9.3,13.4,0
 3430,2016/08/15,09:35:42,13,9.1,14,0
 3431,2016/08/15,09:35:52,13,9,14,0
 3432,2016/08/15,09:36:03,13,9.8,13.5,0
 3433,2016/08/15,09:36:13,13,10,13,0
 3434,2016/08/15,09:36:23,13,10,13,0
 3435,2016/08/15,09:36:33,13,10,13.5,0
 3436,2016/08/15,09:36:43,13,10,13.5,0
 3437,2016/08/15,09:36:53,12,10,13,0
 3438,2016/08/15,09:37:03,12.9,10,13,0
 3439,2016/08/15,09:37:13,12,10,13.5,0
 3440,2016/08/15,09:37:23,12,10,13,0
 3441,2016/08/15,09:37:33,12,10,13,0
 3442,2016/08/15,09:37:43,12,10,12.5,0
 3443,2016/08/15,09:37:53,12,10.8,12,0
 3444,2016/08/15,09:38:04,11,10.6,11.5,0
 3445,2016/08/15,09:38:14,11,10.8,11,0
 3446,2016/08/15,09:38:24,11,10.5,12,0
 3447,2016/08/15,09:38:34,11,11,11,0
 3448,2016/08/15,09:38:44,11,11,11,0
 3449,2016/08/15,09:38:54,11,11,11,0
 3450,2016/08/15,09:39:04,11,11,11,0
 3451,2016/08/15,09:39:14,11,11,11,0
 3452,2016/08/15,09:39:24,11.9,11,11,0
 3453,2016/08/15,09:39:34,11,11.8,11,0
 3454,2016/08/15,09:39:44,11.5,12,10.5,0
 3455,2016/08/15,09:39:54,11.5,12,11,0
 3456,2016/08/15,09:40:04,12,12,11.5,0
 3457,2016/08/15,09:40:14,12,11.6,11.5,0
 3458,2016/08/15,09:40:25,12,11,12,0
 3459,2016/08/15,09:40:35,12,10.5,12.5,0
 3460,2016/08/15,09:40:45,12.5,11,13,0
 3461,2016/08/15,09:40:55,13,11,13,0
 3462,2016/08/15,09:41:05,13,10.1,14,0
 3463,2016/08/15,09:41:15,13,10,14.5,0
 3464,2016/08/15,09:41:25,13.5,10,14,0
 3465,2016/08/15,09:41:35,13.5,10,14,0
 3466,2016/08/15,09:41:45,14,10,14,0
 3467,2016/08/15,09:41:55,14,9.1,14,0
 3468,2016/08/15,09:42:05,14,9,15,0
 3469,2016/08/15,09:42:15,14,9,15,0
 3470,2016/08/15,09:42:25,14,9,15,0
 3471,2016/08/15,09:42:36,14.6,8.6,14.5,0
 3472,2016/08/15,09:42:46,14.8,8.9,14.5,0
 3473,2016/08/15,09:42:56,14.2,9,14.9,0
 3474,2016/08/15,09:43:06,14.8,9,13.9,0
 3475,2016/08/15,09:43:16,14,9,13,0
 3476,2016/08/15,09:43:26,14,8.5,13.4,0
 3477,2016/08/15,09:43:36,13.3,9,13,0
 3478,2016/08/15,09:43:46,13,9,13.5,0
 3479,2016/08/15,09:43:56,12.3,9,14,0
 3480,2016/08/15,09:44:06,13,9,13.4,0
 3481,2016/08/15,09:44:16,13,9.4,13.5,0
 3482,2016/08/15,09:44:26,13,10,14,0
 3483,2016/08/15,09:44:36,13,10,15,0
 3484,2016/08/15,09:44:46,13.7,10,15,0
 3485,2016/08/15,09:44:57,13.8,9.5,15,0
 3486,2016/08/15,09:45:07,13,10,15,0
 3487,2016/08/15,09:45:17,13,10,15,0
 3488,2016/08/15,09:45:27,13,10,15.1,0
 3489,2016/08/15,09:45:37,12.3,10,15.5,0
 3490,2016/08/15,09:45:47,12.5,10,16,0
 3491,2016/08/15,09:45:57,12.7,10,16,0
 3492,2016/08/15,09:46:07,13,10,15.9,0
 3493,2016/08/15,09:46:17,13,10,15,0
 3494,2016/08/15,09:46:27,13,10,15,0
 3495,2016/08/15,09:46:37,12.6,10,15,0
 3496,2016/08/15,09:46:47,12,9.5,15,0
 3497,2016/08/15,09:46:57,12,9,14.9,0
 3498,2016/08/15,09:47:08,12,9.4,14,0
 3499,2016/08/15,09:47:18,12,10,14,0
 3500,2016/08/15,09:47:28,12.8,9.5,14,0
 3501,2016/08/15,09:47:38,13,9.9,14,0
 3502,2016/08/15,09:47:48,13.3,10,14,0
 3503,2016/08/15,09:47:58,14,9.5,13.9,0
 3504,2016/08/15,09:48:08,14,9.9,13,0
 3505,2016/08/15,09:48:18,14.9,9.5,13.1,0
 3506,2016/08/15,09:48:28,15,9,13.4,0
 3507,2016/08/15,09:48:38,15,8,13.1,0
 3508,2016/08/15,09:48:48,15,8.4,14,0
 3509,2016/08/15,09:48:58,15,9,14,0
 3510,2016/08/15,09:49:08,15,9.4,13.5,0
 3511,2016/08/15,09:49:19,15,10,13.9,0
 3512,2016/08/15,09:49:29,15,10,13,0
 3513,2016/08/15,09:49:39,14.6,9.5,13,0
 3514,2016/08/15,09:49:49,14,9,13.4,0
 3515,2016/08/15,09:49:59,13.1,9.5,13,0
 3516,2016/08/15,09:50:09,12.6,9,13.6,0
 3517,2016/08/15,09:50:19,12,9,14.5,0
 3518,2016/08/15,09:50:29,12,9,14.1,0
 3519,2016/08/15,09:50:39,11.5,9,14.8,0
 3520,2016/08/15,09:50:49,11,9,14,0
 3521,2016/08/15,09:50:59,11,9,14.1,0
 3522,2016/08/15,09:51:09,11,9.5,15,0
 3523,2016/08/15,09:51:19,10.5,10,14.5,0
 3524,2016/08/15,09:51:30,10,10,14.3,0
 3525,2016/08/15,09:51:40,10,10,14,0
 3526,2016/08/15,09:51:50,10,10,14.5,0
 3527,2016/08/15,09:52:00,10.5,9.5,14.6,0
 3528,2016/08/15,09:52:10,11,10,15,0
 3529,2016/08/15,09:52:20,11,9.5,14.3,0
 3530,2016/08/15,09:52:30,11,10,14,0
 3531,2016/08/15,09:52:40,11,10,14,0
 3532,2016/08/15,09:52:50,11,10,13.3,0
 3533,2016/08/15,09:53:00,11,10,13,0
 3534,2016/08/15,09:53:10,12,10,13,0
 3535,2016/08/15,09:53:20,12,10,13,0
 3536,2016/08/15,09:53:30,12,10,13.1,0
 3537,2016/08/15,09:53:41,12,9.5,14,0
 3538,2016/08/15,09:53:51,12,9,14,0
 3539,2016/08/15,09:54:01,12,9,14.1,0
 3540,2016/08/15,09:54:11,12.4,8.4,15,0
 3541,2016/08/15,09:54:21,12,8,15,0
 3542,2016/08/15,09:54:31,12,8,15,0
 3543,2016/08/15,09:54:41,12,8,14.8,0
 3544,2016/08/15,09:54:51,12,8.5,14.2,0
 3545,2016/08/15,09:55:01,12,9,14.3,0
 3546,2016/08/15,09:55:11,12,9,14,0
 3547,2016/08/15,09:55:21,12,9,14,0
 3548,2016/08/15,09:55:31,12,8.9,14,0
 3549,2016/08/15,09:55:41,12,8,14,0
 3550,2016/08/15,09:55:52,12,8,14,0
 3551,2016/08/15,09:56:02,12,8.9,13.8,0
 3552,2016/08/15,09:56:12,12,8.5,13,0
 3553,2016/08/15,09:56:22,12,9,13,0
 3554,2016/08/15,09:56:32,11.3,9,13,0
 3555,2016/08/15,09:56:42,11.1,9,13,0
 3556,2016/08/15,09:56:52,11.3,10,12.8,0
 3557,2016/08/15,09:57:02,11,9.4,12,0
 3558,2016/08/15,09:57:12,10.3,9,12,0
 3559,2016/08/15,09:57:22,10,9.5,12,0
 3560,2016/08/15,09:57:32,10,9,12,0
 3561,2016/08/15,09:57:42,10,9,11.3,0
 3562,2016/08/15,09:57:52,10,9.5,11.2,0
 3563,2016/08/15,09:58:03,10,9.5,11.3,0
 3564,2016/08/15,09:58:13,10,9.4,11.7,0
 3565,2016/08/15,09:58:23,10.7,9,11.8,0
 3566,2016/08/15,09:58:33,11,9,11,0
 3567,2016/08/15,09:58:43,11.2,9,10.8,0
 3568,2016/08/15,09:58:53,12,9,10.7,0
 3569,2016/08/15,09:59:03,12.7,9,11,0
 3570,2016/08/15,09:59:13,13,9.1,11,0
 3571,2016/08/15,09:59:23,13.2,9.4,11.7,0
 3572,2016/08/15,09:59:33,14,9.1,12,0
 3573,2016/08/15,09:59:43,14,9.9,12.7,0
 3574,2016/08/15,09:59:53,14,9,13,0
 3575,2016/08/15,10:00:04,14,9.6,13,0
 3576,2016/08/15,10:00:14,14.7,10,13,0
 3577,2016/08/15,10:00:24,15,9.4,13,0
 3578,2016/08/15,10:00:34,15.7,9.1,13,0
 3579,2016/08/15,10:00:44,16,10,13,0
 3580,2016/08/15,10:00:54,15.2,10,13.2,0
 3581,2016/08/15,10:01:04,15,10,14,0
 3582,2016/08/15,10:01:14,15,10,14,0
 3583,2016/08/15,10:01:24,15,10,14,0
 3584,2016/08/15,10:01:34,14.2,10,14,0
 3585,2016/08/15,10:01:44,13.2,10,14,0
 3586,2016/08/15,10:01:54,13,10.1,13.7,0
 3587,2016/08/15,10:02:05,13,11,13,0
 3588,2016/08/15,10:02:15,13,11,13,0
 3589,2016/08/15,10:02:25,13.8,11,13.2,0
 3590,2016/08/15,10:02:35,14,10.4,13.2,0
 3591,2016/08/15,10:02:45,13.7,10.5,13.7,0
 3592,2016/08/15,10:02:55,13,10,14,0
 3593,2016/08/15,10:03:05,13.8,10.5,14,0
 3594,2016/08/15,10:03:15,14,10,14,0
 3595,2016/08/15,10:03:25,14,10.5,14,0
 3596,2016/08/15,10:03:35,14.8,10.6,13.7,0
 3597,2016/08/15,10:03:45,14.1,10.3,13,0
 3598,2016/08/15,10:03:56,14.3,10,13,0
 3599,2016/08/15,10:04:06,15,9.8,13,0
 3600,2016/08/15,10:04:16,15,8.8,12.2,0
 3601,2016/08/15,10:04:26,15,8,12,0
 3602,2016/08/15,10:04:36,15,8,12,0
 3603,2016/08/15,10:04:46,15,8,12,0
 3604,2016/08/15,10:04:56,15,8,11.7,0
 3605,2016/08/15,10:05:06,15,8,11.8,0
 3606,2016/08/15,10:05:16,15,8,12,0
 3607,2016/08/15,10:05:26,14.5,8,12,0
 3608,2016/08/15,10:05:36,14,8,11.2,0
 3609,2016/08/15,10:05:46,13,8,11,0
 3610,2016/08/15,10:05:57,13,8,11.3,0
 3611,2016/08/15,10:06:07,12.5,8,12,0
 3612,2016/08/15,10:06:17,12,8.6,12,0
 3613,2016/08/15,10:06:27,12,9,12,0
 3614,2016/08/15,10:06:37,12,9.1,12.8,0
 3615,2016/08/15,10:06:47,11,10,13,0
 3616,2016/08/15,10:06:57,11,10,13,0
 3617,2016/08/15,10:07:07,11.5,10,13.5,0
 3618,2016/08/15,10:07:17,11,10.1,13,0
 3619,2016/08/15,10:07:27,11,10.8,13.8,0
 3620,2016/08/15,10:07:37,11,10.5,14,0
 3621,2016/08/15,10:07:47,11,10,13.2,0
 3622,2016/08/15,10:07:58,11,10,13.3,0
 3623,2016/08/15,10:08:08,11,10.7,13.7,0
 3624,2016/08/15,10:08:18,11,11,13.3,0
 3625,2016/08/15,10:08:28,11,11,13.2,0
 3626,2016/08/15,10:08:38,11,11,13,0
 3627,2016/08/15,10:08:48,11,11,13.8,0
 3628,2016/08/15,10:08:58,12,11,14,0
 3629,2016/08/15,10:09:08,12,10.3,13.1,0
 3630,2016/08/15,10:09:18,12,10,13.3,0
 3631,2016/08/15,10:09:28,11.4,10,13.1,0
 3632,2016/08/15,10:09:38,11,10,13,0
 3633,2016/08/15,10:09:48,11,10,13,0
 3634,2016/08/15,10:09:59,11,10,13,0
 3635,2016/08/15,10:10:09,11,10,12.5,0
 3636,2016/08/15,10:10:19,11,10,13,0
 3637,2016/08/15,10:10:29,11,10,13,0
 3638,2016/08/15,10:10:39,11.6,10,13.8,0
 3639,2016/08/15,10:10:49,12,9.8,14,0
 3640,2016/08/15,10:10:59,12.1,9.5,14,0
 3641,2016/08/15,10:11:09,12.8,9.5,14.3,0
 3642,2016/08/15,10:11:19,12,9,14.1,0
 3643,2016/08/15,10:11:29,12,9.7,14.8,0
 3644,2016/08/15,10:11:39,12.1,10,15,0
 3645,2016/08/15,10:11:50,13,10,15,0
 3646,2016/08/15,10:12:00,13,9.3,15,0
 3647,2016/08/15,10:12:10,13,9,15,0
 3648,2016/08/15,10:12:20,12.5,9,15,0
 3649,2016/08/15,10:12:30,12.3,9,15,0
 3650,2016/08/15,10:12:40,12,9,15,0
 3651,2016/08/15,10:12:50,12.2,9,14.6,0
 3652,2016/08/15,10:13:00,12.3,9,14,0
 3653,2016/08/15,10:13:10,11.8,8.5,13.5,0
 3654,2016/08/15,10:13:20,11,8.2,14,0
 3655,2016/08/15,10:13:30,10.8,8,13.6,0
 3656,2016/08/15,10:13:40,10,8,13.4,0
 3657,2016/08/15,10:13:51,10.2,8.2,13.1,0
 3658,2016/08/15,10:14:01,10.3,8.7,13,0
 3659,2016/08/15,10:14:11,10,8.2,13,0
 3660,2016/08/15,10:14:21,9.5,8.2,13.9,0
 3661,2016/08/15,10:14:31,10,8,13.1,0
 3662,2016/08/15,10:14:41,10.8,8.7,13,0
 3663,2016/08/15,10:14:51,10.7,8.2,13,0
 3664,2016/08/15,10:15:01,10.5,8.2,13.4,0
 3665,2016/08/15,10:15:11,10,8.7,14.9,0
 3666,2016/08/15,10:15:21,10,8.7,15,0
 3667,2016/08/15,10:15:31,10,9,14.1,0
 3668,2016/08/15,10:15:42,10.3,9,14.5,0
 3669,2016/08/15,10:15:52,11,9,14,0
 3670,2016/08/15,10:16:02,11,9,14,0
 3671,2016/08/15,10:16:12,11,9,14,0
 3672,2016/08/15,10:16:22,10.4,8.2,14,0
 3673,2016/08/15,10:16:32,11,8,14,0
 3674,2016/08/15,10:16:42,11,8,14,0
 3675,2016/08/15,10:16:52,11,8,13.6,0
 3676,2016/08/15,10:17:02,10.6,8.2,13,0
 3677,2016/08/15,10:17:12,10,8.5,13,0
 3678,2016/08/15,10:17:22,10,9,13,0
 3679,2016/08/15,10:17:32,10,9,13,0
 3680,2016/08/15,10:17:43,10,9,13,0
 3681,2016/08/15,10:17:53,10,9,13,0
 3682,2016/08/15,10:18:03,10.5,9,13.9,0
 3683,2016/08/15,10:18:13,10.9,9,13,0
 3684,2016/08/15,10:18:23,10.5,9.8,13,0
 3685,2016/08/15,10:18:33,11,10.3,13.9,0
 3686,2016/08/15,10:18:43,11,11,14,0
 3687,2016/08/15,10:18:53,11.4,11,14,0
 3688,2016/08/15,10:19:03,11.6,11,14,0
 3689,2016/08/15,10:19:13,11,10.7,13,0
 3690,2016/08/15,10:19:23,11.9,10,13.4,0
 3691,2016/08/15,10:19:33,12,10,13.5,0
 3692,2016/08/15,10:19:44,12,10,13,0
 3693,2016/08/15,10:19:54,13,10,13.9,0
 3694,2016/08/15,10:20:04,13,10,14,0
 3695,2016/08/15,10:20:14,13,10,13,0
 3696,2016/08/15,10:20:24,13.5,10,13,0
 3697,2016/08/15,10:20:34,13.5,10,13,0
 3698,2016/08/15,10:20:44,13,10,13.9,0
 3699,2016/08/15,10:20:54,13,9.2,14,0
 3700,2016/08/15,10:21:04,12.9,9,14,0
 3701,2016/08/15,10:21:14,12.5,9,14,0
 3702,2016/08/15,10:21:24,13,9,14.4,0
 3703,2016/08/15,10:21:34,13,9.8,14.5,0
 3704,2016/08/15,10:21:45,13,10,14.5,0
 3705,2016/08/15,10:21:55,13.4,10,14,0
 3706,2016/08/15,10:22:05,13.1,10,14,0
 3707,2016/08/15,10:22:15,14,10,14,0
 3708,2016/08/15,10:22:25,14,10,14,0
 3709,2016/08/15,10:22:35,14,10,13,0
 3710,2016/08/15,10:22:45,14,10,13,0
 3711,2016/08/15,10:22:55,14,10,12,0
 3712,2016/08/15,10:23:05,13.3,10,12,0
 3713,2016/08/15,10:23:15,13,10,12,0
 3714,2016/08/15,10:23:25,13,10,12,0
 3715,2016/08/15,10:23:35,13,10,12,0
 3716,2016/08/15,10:23:45,13,10,12,0
 3717,2016/08/15,10:23:56,13,10,11,0
 3718,2016/08/15,10:24:06,12.3,10,11,0
 3719,2016/08/15,10:24:16,11.8,10.8,11,0
 3720,2016/08/15,10:24:26,11,11,11.5,0
 3721,2016/08/15,10:24:36,11,11,12,0
 3722,2016/08/15,10:24:46,10.7,11,12,0
 3723,2016/08/15,10:24:56,10,11,12,0
 3724,2016/08/15,10:25:06,10.2,11,13,0
 3725,2016/08/15,10:25:16,10.5,11,13.5,0
 3726,2016/08/15,10:25:26,10.2,11,14,0
 3727,2016/08/15,10:25:36,10.5,11,14,0
 3728,2016/08/15,10:25:47,10.5,11,14,0
 3729,2016/08/15,10:25:57,10,11,13,0
 3730,2016/08/15,10:26:07,10,10.1,12.5,0
 3731,2016/08/15,10:26:17,10,10,12,0
 3732,2016/08/15,10:26:27,10,10,12,0
 3733,2016/08/15,10:26:37,10.8,10,12,0
 3734,2016/08/15,10:26:47,11,10,12,0
 3735,2016/08/15,10:26:57,11,10,13,0
 3736,2016/08/15,10:27:07,11.5,9.1,13,0
 3737,2016/08/15,10:27:17,11.8,9,13,0
 3738,2016/08/15,10:27:27,12,9,12.9,0
 3739,2016/08/15,10:27:37,11.7,9,11.9,0
 3740,2016/08/15,10:27:48,11,9,11,0
 3741,2016/08/15,10:27:58,11,9,11,0
 3742,2016/08/15,10:28:08,11.3,9,11.4,0
 3743,2016/08/15,10:28:18,12,9,11,0
 3744,2016/08/15,10:28:28,12,9,12,0
 3745,2016/08/15,10:28:38,12.9,9,12,0
 3746,2016/08/15,10:28:48,13.9,9,12,0
 3747,2016/08/15,10:28:58,13.1,9,12,0
 3748,2016/08/15,10:29:08,13,9,12,0
 3749,2016/08/15,10:29:18,13,9,12,0
 3750,2016/08/15,10:29:28,13,9,12.5,0
 3751,2016/08/15,10:29:38,13,9,12,0
 3752,2016/08/15,10:29:49,13,9,12,0
 3753,2016/08/15,10:29:59,12.1,9.4,12,0
 3754,2016/08/15,10:30:09,12.4,9.6,12,0
 3755,2016/08/15,10:30:19,13,9.4,12,0
 3756,2016/08/15,10:30:29,12,10,13,0
 3757,2016/08/15,10:30:39,12,9.6,13,0
 3758,2016/08/15,10:30:49,12,9,12.9,0
 3759,2016/08/15,10:30:59,12,9,12,0
 3760,2016/08/15,10:31:09,12.4,9.9,12.9,0
 3761,2016/08/15,10:31:19,12,9.5,12,0
 3762,2016/08/15,10:31:29,12,9.9,12,0
 3763,2016/08/15,10:31:39,12,10,12,0
 3764,2016/08/15,10:31:50,12,10,12,0
 3765,2016/08/15,10:32:00,13,10,12.6,0
 3766,2016/08/15,10:32:10,13,10,13.1,0
 3767,2016/08/15,10:32:20,13,10.4,14,0
 3768,2016/08/15,10:32:30,13,10,14,0
 3769,2016/08/15,10:32:40,13,10,14.6,0
 3770,2016/08/15,10:32:50,13,10,14.9,0
 3771,2016/08/15,10:33:00,13,10,14,0
 3772,2016/08/15,10:33:10,13,10.4,14,0
 3773,2016/08/15,10:33:20,12.9,11,14,0
 3774,2016/08/15,10:33:30,12,10.5,14,0
 3775,2016/08/15,10:33:40,12,10,14,0
 3776,2016/08/15,10:33:50,12,10.4,14,0
 3777,2016/08/15,10:34:01,12,10.5,14,0
 3778,2016/08/15,10:34:11,11.5,11,14.1,0
 3779,2016/08/15,10:34:21,11.4,10.5,14.4,0
 3780,2016/08/15,10:34:31,10.9,10,13.3,0
 3781,2016/08/15,10:34:41,10.5,10,12.5,0
 3782,2016/08/15,10:34:51,10,10,12,0
 3783,2016/08/15,10:35:01,10,10,12,0
 3784,2016/08/15,10:35:11,10.1,10,12,0
 3785,2016/08/15,10:35:21,11,9,11.5,0
 3786,2016/08/15,10:35:31,11,9,11.9,0
 3787,2016/08/15,10:35:41,10.8,9,11,0
 3788,2016/08/15,10:35:51,10.6,8,11,0
 3789,2016/08/15,10:36:01,11,8.5,11,0
 3790,2016/08/15,10:36:12,10.3,8.5,11,0
 3791,2016/08/15,10:36:22,10.1,8,11,0
 3792,2016/08/15,10:36:32,10.8,8,11.6,0
 3793,2016/08/15,10:36:42,10.5,8,12,0
 3794,2016/08/15,10:36:52,10.6,8,12.1,0
 3795,2016/08/15,10:37:02,11,8,13,0
 3796,2016/08/15,10:37:12,11,8,13,0
 3797,2016/08/15,10:37:22,11.7,8,13,0
 3798,2016/08/15,10:37:32,12,7.5,12.8,0
 3799,2016/08/15,10:37:42,12,7,12,0
 3800,2016/08/15,10:37:52,12,7,12.1,0
 3801,2016/08/15,10:38:02,12,8,13,0
 3802,2016/08/15,10:38:12,12,7,13,0
 3803,2016/08/15,10:38:23,11.2,7,13,0
 3804,2016/08/15,10:38:33,11.7,7,13.8,0
 3805,2016/08/15,10:38:43,12,7,15,0
 3806,2016/08/15,10:38:53,12,7,15,0
 3807,2016/08/15,10:39:03,12,7,14.3,0
 3808,2016/08/15,10:39:13,12,7,14,0
 3809,2016/08/15,10:39:23,11.7,7,13.8,0
 3810,2016/08/15,10:39:33,11,7,13,0
 3811,2016/08/15,10:39:43,10.7,6.5,12.8,0
 3812,2016/08/15,10:39:53,10,7,12.1,0
 3813,2016/08/15,10:40:03,10,7,13,0
 3814,2016/08/15,10:40:13,9.2,7,13,0
 3815,2016/08/15,10:40:23,9,7,13,0
 3816,2016/08/15,10:40:33,9.8,7,13,0
 3817,2016/08/15,10:40:44,9.7,7,12.3,0
 3818,2016/08/15,10:40:54,9.5,7,12,0
 3819,2016/08/15,10:41:04,9,7,11.3,0
 3820,2016/08/15,10:41:14,9,7,11,0
 3821,2016/08/15,10:41:24,9,7,11,0
 3822,2016/08/15,10:41:34,8.2,7,11,0
 3823,2016/08/15,10:41:44,8,7,10.8,0
 3824,2016/08/15,10:41:54,8,7,10,0
 3825,2016/08/15,10:42:04,8.3,7.5,10,0
 3826,2016/08/15,10:42:14,9,7.4,10.2,0
 3827,2016/08/15,10:42:24,9,7,11,0
 3828,2016/08/15,10:42:34,8.6,7,11,0
 3829,2016/08/15,10:42:44,8,7,10.5,0
 3830,2016/08/15,10:42:55,8,7,11,0
 3831,2016/08/15,10:43:05,7.6,7,11,0
 3832,2016/08/15,10:43:15,7,7,11,0
 3833,2016/08/15,10:43:25,7,7,11,0
 3834,2016/08/15,10:43:35,6.1,7,11,0
 3835,2016/08/15,10:43:45,6,7,11,0
 3836,2016/08/15,10:43:55,6,8,11,0
 3837,2016/08/15,10:44:05,6.4,8.5,11,0
 3838,2016/08/15,10:44:15,7,8.5,11.2,0
 3839,2016/08/15,10:44:25,6.5,8.5,11.3,0
 3840,2016/08/15,10:44:35,6,9,11,0
 3841,2016/08/15,10:44:45,6,9,11,0
 3842,2016/08/15,10:44:55,6.9,9,11.7,0
 3843,2016/08/15,10:45:06,7,9,12,0
 3844,2016/08/15,10:45:16,7,10,11.3,0
 3845,2016/08/15,10:45:26,7,10.1,11,0
 3846,2016/08/15,10:45:36,7,11,11,0
 3847,2016/08/15,10:45:46,6.6,11,11,0
 3848,2016/08/15,10:45:56,7.5,11,11,0
 3849,2016/08/15,10:46:06,8,11.1,10.2,0
 3850,2016/08/15,10:46:16,8.5,12,10.2,0
 3851,2016/08/15,10:46:26,9,11.4,11,0
 3852,2016/08/15,10:46:36,9,11,11,0
 3853,2016/08/15,10:46:46,9,11,11.7,0
 3854,2016/08/15,10:46:56,9,11,12,0
 3855,2016/08/15,10:47:07,9,11,12,0
 3856,2016/08/15,10:47:17,9,11.1,12,0
 3857,2016/08/15,10:47:27,9.1,12,12,0
 3858,2016/08/15,10:47:37,10,11.9,12,0
 3859,2016/08/15,10:47:47,10,11,12,0
 3860,2016/08/15,10:47:57,10,11,12.5,0
 3861,2016/08/15,10:48:07,10.1,11,12.2,0
 3862,2016/08/15,10:48:17,11,10.9,13,0
 3863,2016/08/15,10:48:27,10.4,10,13,0
 3864,2016/08/15,10:48:37,10.1,10.5,13.7,0
 3865,2016/08/15,10:48:47,10.9,10,13.7,0
 3866,2016/08/15,10:48:57,10.6,10,13.5,0
 3867,2016/08/15,10:49:07,11.6,10,13.5,0
 3868,2016/08/15,10:49:18,12,10,12.7,0
 3869,2016/08/15,10:49:28,12.6,9.9,12,0
 3870,2016/08/15,10:49:38,13,9,12,0
 3871,2016/08/15,10:49:48,13,9,12.7,0
 3872,2016/08/15,10:49:58,13,8.8,12.2,0
 3873,2016/08/15,10:50:08,13,8,12,0
 3874,2016/08/15,10:50:18,13,8.1,12,0
 3875,2016/08/15,10:50:28,13,9,11.2,0
 3876,2016/08/15,10:50:38,13,9,11.5,0
 3877,2016/08/15,10:50:48,13,9,11.3,0
 3878,2016/08/15,10:50:58,13.5,9,11.5,0
 3879,2016/08/15,10:51:09,13.7,9,12.3,0
 3880,2016/08/15,10:51:19,14,9,12.2,0
 3881,2016/08/15,10:51:29,13.3,9.5,12.5,0
 3882,2016/08/15,10:51:39,12.5,9,12,0
 3883,2016/08/15,10:51:49,12.2,9,12.5,0
 3884,2016/08/15,10:51:59,12,9,12.8,0
 3885,2016/08/15,10:52:09,12,9,13,0
 3886,2016/08/15,10:52:19,12,9,13,0
 3887,2016/08/15,10:52:29,12,9,13.8,0
 3888,2016/08/15,10:52:39,12,9,14.3,0
 3889,2016/08/15,10:52:49,12,9,15,0
 3890,2016/08/15,10:52:59,11.2,9,14.7,0
 3891,2016/08/15,10:53:09,11.3,9,14,0
 3892,2016/08/15,10:53:20,12,9,14,0
 3893,2016/08/15,10:53:30,11.2,8.8,14,0
 3894,2016/08/15,10:53:40,11,8,12.9,0
 3895,2016/08/15,10:53:50,10.5,8.1,12,0
 3896,2016/08/15,10:54:00,11,9,12.5,0
 3897,2016/08/15,10:54:10,11,9,12,0
 3898,2016/08/15,10:54:20,11,9,12,0
 3899,2016/08/15,10:54:30,10.6,9,12,0
 3900,2016/08/15,10:54:40,10,9,12.3,0
 3901,2016/08/15,10:54:50,10,9,12.2,0
 3902,2016/08/15,10:55:00,9.1,9,12,0
 3903,2016/08/15,10:55:10,9.8,9,12,0
 3904,2016/08/15,10:55:21,10,9,12,0
 3905,2016/08/15,10:55:31,9.1,9.7,12,0
 3906,2016/08/15,10:55:41,9,10,12,0
 3907,2016/08/15,10:55:51,9.4,10,12,0
 3908,2016/08/15,10:56:01,9.6,10,12,0
 3909,2016/08/15,10:56:11,9,9.5,12,0
 3910,2016/08/15,10:56:21,9,9.8,12,0
 3911,2016/08/15,10:56:31,9,9,11.1,0
 3912,2016/08/15,10:56:41,9,9,11.3,0
 3913,2016/08/15,10:56:51,9,8.3,12,0
 3914,2016/08/15,10:57:01,9,8,11.6,0
 3915,2016/08/15,10:57:11,9,8,11,0
 3916,2016/08/15,10:57:21,10,8,11.8,0
 3917,2016/08/15,10:57:31,10,8,12,0
 3918,2016/08/15,10:57:42,10,8,12,0
 3919,2016/08/15,10:57:52,9.5,7.8,12,0
 3920,2016/08/15,10:58:02,10,7,12,0
 3921,2016/08/15,10:58:12,10,7,12,0
 3922,2016/08/15,10:58:22,9.5,6.3,12,0
 3923,2016/08/15,10:58:32,9.5,6.7,12,0
 3924,2016/08/15,10:58:42,10,7,12,0
 3925,2016/08/15,10:58:52,10,7,12.3,0
 3926,2016/08/15,10:59:02,10.5,7,13,0
 3927,2016/08/15,10:59:12,11,7.2,13,0
 3928,2016/08/15,10:59:22,11,7.7,13,0
 3929,2016/08/15,10:59:32,11,7.7,13,0
 3930,2016/08/15,10:59:42,10.9,7.7,12.6,0
 3931,2016/08/15,10:59:53,10.5,7,12,0
 3932,2016/08/15,11:00:03,11,7.2,12,0
 3933,2016/08/15,11:00:13,11,7.2,11.1,0
 3934,2016/08/15,11:00:23,11,7,11.9,0
 3935,2016/08/15,11:00:33,11,7,12,0
 3936,2016/08/15,11:00:43,11,7.2,12,0
 3937,2016/08/15,11:00:53,11,8,12.9,0
 3938,2016/08/15,11:01:03,11,8,12.1,0
 3939,2016/08/15,11:01:13,11,7.5,12,0
 3940,2016/08/15,11:01:23,10.4,7.2,11.6,0
 3941,2016/08/15,11:01:33,11,7,11.5,0
 3942,2016/08/15,11:01:43,11,7,11.9,0
 3943,2016/08/15,11:01:53,10.3,7,12,0
 3944,2016/08/15,11:02:04,10,7,12,0
 3945,2016/08/15,11:02:14,9.5,7,12,0
 3946,2016/08/15,11:02:24,10,7,12.4,0
 3947,2016/08/15,11:02:34,10,7,13,0
 3948,2016/08/15,11:02:44,10,7,13,0
 3949,2016/08/15,11:02:54,10,7,12.1,0
 3950,2016/08/15,11:03:04,10,7,12,0
 3951,2016/08/15,11:03:14,10,7,12.9,0
 3952,2016/08/15,11:03:24,9.8,7,13,0
 3953,2016/08/15,11:03:34,9,7,13,0
 3954,2016/08/15,11:03:44,9.2,7,13,0
 3955,2016/08/15,11:03:54,10,7.7,13,0
 3956,2016/08/15,11:04:05,10,7.7,13,0
 3957,2016/08/15,11:04:15,10.2,7,13,0
 3958,2016/08/15,11:04:25,11,7.3,12.1,0
 3959,2016/08/15,11:04:35,10.7,7.2,12.9,0
 3960,2016/08/15,11:04:45,10,7,12,0
 3961,2016/08/15,11:04:55,10,7,11.5,0
 3962,2016/08/15,11:05:05,10,7,11.5,0
 3963,2016/08/15,11:05:15,10,7,11,0
 3964,2016/08/15,11:05:25,10,7,11,0
 3965,2016/08/15,11:05:35,10.3,7,11.9,0
 3966,2016/08/15,11:05:45,10.6,7,11,0
 3967,2016/08/15,11:05:55,10,7,11,0
 3968,2016/08/15,11:06:06,10,7,11.4,0
 3969,2016/08/15,11:06:16,10,7,12,0
 3970,2016/08/15,11:06:26,10,6.2,12.9,0
 3971,2016/08/15,11:06:36,10,6,13,0
 3972,2016/08/15,11:06:46,10,6,13,0
 3973,2016/08/15,11:06:56,10.3,6,13,0
 3974,2016/08/15,11:07:06,11,6,12,0
 3975,2016/08/15,11:07:16,11.3,6,12.4,0
 3976,2016/08/15,11:07:26,12,6,13,0
 3977,2016/08/15,11:07:36,12,6,13,0
 3978,2016/08/15,11:07:46,12,6,13.4,0
 3979,2016/08/15,11:07:56,12,6.3,13,0
 3980,2016/08/15,11:08:06,11.1,6.2,13.4,0
 3981,2016/08/15,11:08:17,11,6.8,13,0
 3982,2016/08/15,11:08:27,11.5,7,13,0
 3983,2016/08/15,11:08:37,11,7,13,0
 3984,2016/08/15,11:08:47,11,6.6,13,0
 3985,2016/08/15,11:08:57,11,6.8,13,0
 3986,2016/08/15,11:09:07,11,7,12,0
 3987,2016/08/15,11:09:17,10.6,7,12.5,0
 3988,2016/08/15,11:09:27,10,7,13,0
 3989,2016/08/15,11:09:37,9,7,13,0
 3990,2016/08/15,11:09:47,9,7,13,0
 3991,2016/08/15,11:09:57,9,7.8,13.5,0
 3992,2016/08/15,11:10:07,9,7.1,13,0
 3993,2016/08/15,11:10:17,9,7,13,0
 3994,2016/08/15,11:10:28,9.5,7,14,0
 3995,2016/08/15,11:10:38,10.5,7,13.5,0
 3996,2016/08/15,11:10:48,11,7,13,0
 3997,2016/08/15,11:10:58,11,7,13,0
 3998,2016/08/15,11:11:08,11,7,12.5,0
 3999,2016/08/15,11:11:18,11,7,12.5,0
 4000,2016/08/15,11:11:28,11,7,12,0
 4001,2016/08/15,11:11:38,11.5,7,13,0
 4002,2016/08/15,11:11:48,12,7,13,0
 4003,2016/08/15,11:11:58,12.6,7,12,0
 4004,2016/08/15,11:12:08,13,7,12,0
 4005,2016/08/15,11:12:18,13,7,12,0
 4006,2016/08/15,11:12:28,13,7,12.5,0
 4007,2016/08/15,11:12:39,13,7,13,0
 4008,2016/08/15,11:12:49,13,7,12.5,0
 4009,2016/08/15,11:12:59,13,7,12,0
 4010,2016/08/15,11:13:09,13,7.3,12.5,0
 4011,2016/08/15,11:13:19,13,8,13,0
 4012,2016/08/15,11:13:29,13,8,12.5,0
 4013,2016/08/15,11:13:39,12.3,8,13,0
 4014,2016/08/15,11:13:49,11.8,8.4,13,0
 4015,2016/08/15,11:13:59,11.1,9,13,0
 4016,2016/08/15,11:14:09,11.3,9,12.4,0
 4017,2016/08/15,11:14:19,10.8,9,12,0
 4018,2016/08/15,11:14:29,10,9.4,12,0
 4019,2016/08/15,11:14:39,9.8,10,12,0
 4020,2016/08/15,11:14:50,9,10,11.9,0
 4021,2016/08/15,11:15:00,8.8,10.4,11,0
 4022,2016/08/15,11:15:10,8,11,11,0
 4023,2016/08/15,11:15:20,8,11,11,0
 4024,2016/08/15,11:15:30,7.3,11,11,0
 4025,2016/08/15,11:15:40,7,11,11,0
 4026,2016/08/15,11:15:50,6.7,10.5,11.5,0
 4027,2016/08/15,11:16:00,6,10.6,12,0
 4028,2016/08/15,11:16:10,6,10,11.5,0
 4029,2016/08/15,11:16:20,6,10,12,0
 4030,2016/08/15,11:16:30,6.7,9.6,12,0
 4031,2016/08/15,11:16:40,7,9.9,12,0
 4032,2016/08/15,11:16:50,7,10,12,0
 4033,2016/08/15,11:17:01,7,10,12,0
 4034,2016/08/15,11:17:11,7,10,12.5,0
 4035,2016/08/15,11:17:21,7.7,9.5,12.4,0
 4036,2016/08/15,11:17:31,8,9.6,12.5,0
 4037,2016/08/15,11:17:41,8,9,12.5,0
 4038,2016/08/15,11:17:51,8,9,12.9,0
 4039,2016/08/15,11:18:01,8.3,9,12,0
 4040,2016/08/15,11:18:11,9,9,12,0
 4041,2016/08/15,11:18:21,9.8,9,11.4,0
 4042,2016/08/15,11:18:31,10,9,11.1,0
 4043,2016/08/15,11:18:41,10,9,11.9,0
 4044,2016/08/15,11:18:51,10.3,9,11,0
 4045,2016/08/15,11:19:01,10.2,9,11,0
 4046,2016/08/15,11:19:11,10.8,9,11.1,0
 4047,2016/08/15,11:19:22,11,9,12,0
 4048,2016/08/15,11:19:32,11,9,12,0
 4049,2016/08/15,11:19:42,11,9,12,0
 4050,2016/08/15,11:19:52,11,8.5,12,0
 4051,2016/08/15,11:20:02,11,8,12,0
 4052,2016/08/15,11:20:12,11.4,8,12,0
 4053,2016/08/15,11:20:22,12,8,12,0
 4054,2016/08/15,11:20:32,12,8.4,12,0
 4055,2016/08/15,11:20:42,12,9,12,0
 4056,2016/08/15,11:20:52,11.1,9,12,0
 4057,2016/08/15,11:21:02,11,8,12,0
 4058,2016/08/15,11:21:12,11,8,11.4,0
 4059,2016/08/15,11:21:22,11.5,8.5,11,0
 4060,2016/08/15,11:21:32,11.9,8,11,0
 4061,2016/08/15,11:21:43,12,8,11,0
 4062,2016/08/15,11:21:53,12,8.9,10.4,0
 4063,2016/08/15,11:22:03,12,8,10,0
 4064,2016/08/15,11:22:13,12,8,10,0
 4065,2016/08/15,11:22:23,12,8,10,0
 4066,2016/08/15,11:22:33,12,8,9.4,0
 4067,2016/08/15,11:22:43,12.5,8,9,0
 4068,2016/08/15,11:22:53,12,8,9.1,0
 4069,2016/08/15,11:23:03,12,8,10,0
 4070,2016/08/15,11:23:13,12,8,9.3,0
 4071,2016/08/15,11:23:23,12,8,9.1,0
 4072,2016/08/15,11:23:33,12,8,10,0
 4073,2016/08/15,11:23:43,11,8,10,0
 4074,2016/08/15,11:23:53,11,8,10,0
 4075,2016/08/15,11:24:04,11,8,10,0
 4076,2016/08/15,11:24:14,10.9,8,10,0
 4077,2016/08/15,11:24:24,10,8,10,0
 4078,2016/08/15,11:24:34,10,8,10,0
 4079,2016/08/15,11:24:44,10,8,10,0
 4080,2016/08/15,11:24:54,10,8,10.6,0
 4081,2016/08/15,11:25:04,9.9,8.5,11,0
 4082,2016/08/15,11:25:14,9,8,11,0
 4083,2016/08/15,11:25:24,9,8,11.1,0
 4084,2016/08/15,11:25:34,9,8,12,0
 4085,2016/08/15,11:25:44,9,8,12,0
 4086,2016/08/15,11:25:54,9,9,11.8,0
 4087,2016/08/15,11:26:04,9,9,11,0
 4088,2016/08/15,11:26:14,9.1,9.5,11,0
 4089,2016/08/15,11:26:25,10,9,11,0
 4090,2016/08/15,11:26:35,10,9,11.1,0
 4091,2016/08/15,11:26:45,10,10,12,0
 4092,2016/08/15,11:26:55,10,10,12,0
 4093,2016/08/15,11:27:05,10,10,11.3,0
 4094,2016/08/15,11:27:15,10.1,10.5,11.5,0
 4095,2016/08/15,11:27:25,11,10.5,11,0
 4096,2016/08/15,11:27:35,11,11,11,0
 4097,2016/08/15,11:27:45,11.1,11,11,0
 4098,2016/08/15,11:27:55,12,11,10.8,0
 4099,2016/08/15,11:28:05,12,11,10,0
 4100,2016/08/15,11:28:15,11.4,11,10,0
 4101,2016/08/15,11:28:25,12,11,10.2,0
 4102,2016/08/15,11:28:35,12,10.4,11,0
 4103,2016/08/15,11:28:46,12,10,11,0
 4104,2016/08/15,11:28:56,12,10,11,0
 4105,2016/08/15,11:29:06,11.8,9.9,11.7,0
 4106,2016/08/15,11:29:16,11.6,9,12,0
 4107,2016/08/15,11:29:26,12,10,12.2,0
 4108,2016/08/15,11:29:36,12,10,13,0
 4109,2016/08/15,11:29:46,12,10,13,0
 4110,2016/08/15,11:29:56,12.2,9.9,12.3,0
 4111,2016/08/15,11:30:06,12.3,9,12.7,0
 4112,2016/08/15,11:30:16,12,9,13,0
 4113,2016/08/15,11:30:26,11.8,9,13,0
 4114,2016/08/15,11:30:36,11.2,9,13,0
 4115,2016/08/15,11:30:46,11.4,9,13,0
 4116,2016/08/15,11:30:56,12,9,13,0
 4117,2016/08/15,11:31:07,12,9,13,0
 4118,2016/08/15,11:31:17,12,9.5,12.8,0
 4119,2016/08/15,11:31:27,12,10.5,12,0
 4120,2016/08/15,11:31:37,12,11,11.8,0
 4121,2016/08/15,11:31:47,12,11,11,0
 4122,2016/08/15,11:31:57,12,11,11,0
 4123,2016/08/15,11:32:07,12,11,11,0
 4124,2016/08/15,11:32:17,12,11,11.2,0
 4125,2016/08/15,11:32:27,11.8,11,12,0
 4126,2016/08/15,11:32:37,11,11,12,0
 4127,2016/08/15,11:32:47,11,11,12,0
 4128,2016/08/15,11:32:57,11,11,12,0
 4129,2016/08/15,11:33:07,11,11,11.7,0
 4130,2016/08/15,11:33:17,11.2,11,11.5,0
 4131,2016/08/15,11:33:28,11.7,11,11,0
 4132,2016/08/15,11:33:38,11,11,11,0
 4133,2016/08/15,11:33:48,10.2,10.4,11.7,0
 4134,2016/08/15,11:33:58,10,10,12,0
 4135,2016/08/15,11:34:08,10,10,13,0
 4136,2016/08/15,11:34:18,10,10,14,0
 4137,2016/08/15,11:34:28,9.7,10,13.7,0
 4138,2016/08/15,11:34:38,9.8,10,13,0
 4139,2016/08/15,11:34:48,10,10,13.7,0
 4140,2016/08/15,11:34:58,10,10,14,0
 4141,2016/08/15,11:35:08,10,10,13.2,0
 4142,2016/08/15,11:35:18,10,10,13.2,0
 4143,2016/08/15,11:35:28,10.8,10,14,0
 4144,2016/08/15,11:35:38,10.5,10,13.2,0
 4145,2016/08/15,11:35:49,10.5,10.1,13,0
 4146,2016/08/15,11:35:59,11,11,13.2,0
 4147,2016/08/15,11:36:09,11,10.9,14,0
 4148,2016/08/15,11:36:19,11.8,10,13.5,0
 4149,2016/08/15,11:36:29,12.8,10,13.2,0
 4150,2016/08/15,11:36:39,13,10,12.2,0
 4151,2016/08/15,11:36:49,13.8,10,11.5,0
 4152,2016/08/15,11:36:59,14,9.3,12,0
 4153,2016/08/15,11:37:09,14,9,12,0
 4154,2016/08/15,11:37:19,13.3,9,11.7,0
 4155,2016/08/15,11:37:29,14,9,11,0
 4156,2016/08/15,11:37:39,14,9,11,0
 4157,2016/08/15,11:37:49,14.4,9,11.5,0
 4158,2016/08/15,11:37:59,14.6,9,11.8,0
 4159,2016/08/15,11:38:10,14,9,12,0
 4160,2016/08/15,11:38:20,13.5,9,12.5,0
 4161,2016/08/15,11:38:30,13,9,12,0
 4162,2016/08/15,11:38:40,13,9,12,0
 4163,2016/08/15,11:38:50,12.5,9,12,0
 4164,2016/08/15,11:39:00,12,9,12,0
 4165,2016/08/15,11:39:10,11,9,12,0
 4166,2016/08/15,11:39:20,10,9,12,0
 4167,2016/08/15,11:39:30,10,9,11.2,0
 4168,2016/08/15,11:39:40,10,9,12.1,0
 4169,2016/08/15,11:39:50,10,9,13,0
 4170,2016/08/15,11:40:00,10,9,13,0
 4171,2016/08/15,11:40:10,9.4,9,13,0
 4172,2016/08/15,11:40:20,8.9,9,13,0
 4173,2016/08/15,11:40:31,8.5,9,13,0
 4174,2016/08/15,11:40:41,9.5,9,13,0
 4175,2016/08/15,11:40:51,10,9,13,0
 4176,2016/08/15,11:41:01,10,9,13.8,0
 4177,2016/08/15,11:41:11,11,9,14,0
 4178,2016/08/15,11:41:21,11,9,14,0
 4179,2016/08/15,11:41:31,11,9,14,0
 4180,2016/08/15,11:41:41,10.4,9,14.5,0
 4181,2016/08/15,11:41:51,10.9,9.2,14.8,0
 4182,2016/08/15,11:42:01,10,9.3,15,0
 4183,2016/08/15,11:42:11,10,9,14.1,0
 4184,2016/08/15,11:42:21,10,9,13.6,0
 4185,2016/08/15,11:42:31,10,9,13.8,0
 4186,2016/08/15,11:42:41,10,9.2,13.5,0
 4187,2016/08/15,11:42:51,11,10,13.5,0
 4188,2016/08/15,11:43:02,11,9.3,14,0
 4189,2016/08/15,11:43:12,10.9,9.2,14,0
 4190,2016/08/15,11:43:22,10,10,14.8,0
 4191,2016/08/15,11:43:32,9.9,10,14.1,0
 4192,2016/08/15,11:43:42,9,10,14.8,0
 4193,2016/08/15,11:43:52,9,10,15,0
 4194,2016/08/15,11:44:02,9,10,15,0
 4195,2016/08/15,11:44:12,9,10,14.6,0
 4196,2016/08/15,11:44:22,9.1,9.8,14.5,0
 4197,2016/08/15,11:44:32,10,9.5,14,0
 4198,2016/08/15,11:44:42,9.8,9,14,0
 4199,2016/08/15,11:44:52,9,9,14,0
 4200,2016/08/15,11:45:02,9.5,9,13.1,0
 4201,2016/08/15,11:45:13,9,9,13,0
 4202,2016/08/15,11:45:23,9,9,13.5,0
 4203,2016/08/15,11:45:33,8.8,9.2,13,0
 4204,2016/08/15,11:45:43,8.1,10,12.1,0
 4205,2016/08/15,11:45:53,9,10,12,0
 4206,2016/08/15,11:46:03,9,10,12,0
 4207,2016/08/15,11:46:13,8.3,10,11.1,0
 4208,2016/08/15,11:46:23,8,10,11.3,0
 4209,2016/08/15,11:46:33,8,10.2,11.6,0
 4210,2016/08/15,11:46:43,8,10.5,11,0
 4211,2016/08/15,11:46:53,8,10.5,10.1,0
 4212,2016/08/15,11:47:03,8,11,10.9,0
 4213,2016/08/15,11:47:13,8.2,11,11,0
 4214,2016/08/15,11:47:23,8.3,11,11,0
 4215,2016/08/15,11:47:34,8,11,11,0
 4216,2016/08/15,11:47:44,8.2,11,11,0
 4217,2016/08/15,11:47:54,9,11,11,0
 4218,2016/08/15,11:48:04,9,11,11,0
 4219,2016/08/15,11:48:14,9,10.5,11.4,0
 4220,2016/08/15,11:48:24,9.7,10.2,11.6,0
 4221,2016/08/15,11:48:34,10,10,11.4,0
 4222,2016/08/15,11:48:44,10.7,9.7,12,0
 4223,2016/08/15,11:48:54,10.4,9,12.4,0
 4224,2016/08/15,11:49:04,11,9,13,0
 4225,2016/08/15,11:49:14,11,9,13,0
 4226,2016/08/15,11:49:24,11.8,9.5,13,0
 4227,2016/08/15,11:49:34,12,9,13,0
 4228,2016/08/15,11:49:45,11.2,9.2,13,0
 4229,2016/08/15,11:49:55,11,9.7,13,0
 4230,2016/08/15,11:50:05,11,9.7,13.9,0
 4231,2016/08/15,11:50:15,11,10,13.1,0
 4232,2016/08/15,11:50:25,10.2,10,13,0
 4233,2016/08/15,11:50:35,10,10.3,13,0
 4234,2016/08/15,11:50:45,10,10.2,13.9,0
 4235,2016/08/15,11:50:55,9.1,10.3,14.4,0
 4236,2016/08/15,11:51:05,9.3,10.2,15,0
 4237,2016/08/15,11:51:15,10,10,14.5,0
 4238,2016/08/15,11:51:25,10.8,10,14,0
 4239,2016/08/15,11:51:35,11,10,14,0
 4240,2016/08/15,11:51:45,10.1,10,14,0
 4241,2016/08/15,11:51:55,10,10,14,0
 4242,2016/08/15,11:52:06,10,10,14,0
 4243,2016/08/15,11:52:16,10,10,14.9,0
 4244,2016/08/15,11:52:26,10,10,15,0
 4245,2016/08/15,11:52:36,10,10,15,0
 4246,2016/08/15,11:52:46,10.5,10,15,0
 4247,2016/08/15,11:52:56,10.9,9.5,15,0
 4248,2016/08/15,11:53:06,10.5,9.7,15.5,0
 4249,2016/08/15,11:53:16,11,9,14,0
 4250,2016/08/15,11:53:26,11,9.3,13.5,0
 4251,2016/08/15,11:53:36,10.5,10,13,0
 4252,2016/08/15,11:53:46,10,10,13,0
 4253,2016/08/15,11:53:56,10,10.3,13,0
 4254,2016/08/15,11:54:06,10,10.2,13.4,0
 4255,2016/08/15,11:54:17,10.4,10.8,14,0
 4256,2016/08/15,11:54:27,11,11,14,0
 4257,2016/08/15,11:54:37,11,10.7,13,0
 4258,2016/08/15,11:54:47,11,10,13,0
 4259,2016/08/15,11:54:57,11,10.8,13,0
 4260,2016/08/15,11:55:07,11,10.7,13,0
 4261,2016/08/15,11:55:17,11,10,13.9,0
 4262,2016/08/15,11:55:27,11,10.5,14,0
 4263,2016/08/15,11:55:37,11,10,14,0
 4264,2016/08/15,11:55:47,11,10,14,0
 4265,2016/08/15,11:55:57,10.5,10,14,0
 4266,2016/08/15,11:56:07,10.5,10,15,0
 4267,2016/08/15,11:56:17,11,10,14,0
 4268,2016/08/15,11:56:28,10.4,10,14,0
 4269,2016/08/15,11:56:38,10,10,13,0
 4270,2016/08/15,11:56:48,10.9,10,13,0
 4271,2016/08/15,11:56:58,10.6,10,13.5,0
 4272,2016/08/15,11:57:08,10.9,10,14,0
 4273,2016/08/15,11:57:18,10,10,13.5,0
 4274,2016/08/15,11:57:28,10.6,9.1,13,0
 4275,2016/08/15,11:57:38,11,9.3,13,0
 4276,2016/08/15,11:57:48,11,10,13,0
 4277,2016/08/15,11:57:58,11,10,14,0
 4278,2016/08/15,11:58:08,11,10,14,0
 4279,2016/08/15,11:58:18,11,10,14,0
 4280,2016/08/15,11:58:28,11,10,14,0
 4281,2016/08/15,11:58:38,11,10,13.5,0
 4282,2016/08/15,11:58:49,11,10,13.5,0
 4283,2016/08/15,11:58:59,11,10,14,0
 4284,2016/08/15,11:59:09,10.8,10,14,0
 4285,2016/08/15,11:59:19,10,10,14,0
 4286,2016/08/15,11:59:29,10,9.1,14,0
 4287,2016/08/15,11:59:39,10,9,14,0
 4288,2016/08/15,11:59:49,10,9.8,14,0
 4289,2016/08/15,11:59:59,9.3,9.6,13,0
 4290,2016/08/15,12:00:09,9,9,12,0
 4291,2016/08/15,12:00:19,9.5,9,13,0
 4292,2016/08/15,12:00:29,9.7,9,12,0
 4293,2016/08/15,12:00:39,10,8.6,12,0
 4294,2016/08/15,12:00:49,10,8.4,11.9,0
 4295,2016/08/15,12:01:00,10,9,11,0
 4296,2016/08/15,12:01:10,10,8.5,11,0
 4297,2016/08/15,12:01:20,10,9,11,0
 4298,2016/08/15,12:01:30,10,8.6,11,0
 4299,2016/08/15,12:01:40,10.8,8,11,0
 4300,2016/08/15,12:01:50,11,8,11,0
 4301,2016/08/15,12:02:00,11,8,11,0
 4302,2016/08/15,12:02:10,11,8,11,0
 4303,2016/08/15,12:02:20,11,8,11,0
 4304,2016/08/15,12:02:30,11,8,12,0
 4305,2016/08/15,12:02:40,11,8.4,12,0
 4306,2016/08/15,12:02:50,11,9,12,0
 4307,2016/08/15,12:03:01,10.2,9.4,12,0
 4308,2016/08/15,12:03:11,10,11.3,12,0
 4309,2016/08/15,12:03:21,10,13.7,12,0
 4310,2016/08/15,12:03:31,10.8,16.7,13.5,0
 4311,2016/08/15,12:03:41,11,21,14,0
 4312,2016/08/15,12:03:51,11,24.3,15,0
 4313,2016/08/15,12:04:01,10.5,26.3,15,0
 4314,2016/08/15,12:04:11,11,29.6,16,0
 4315,2016/08/15,12:04:21,11,33.6,16,0
 4316,2016/08/15,12:04:31,11.3,37.7,17,0
 4317,2016/08/15,12:04:41,12,41.8,17.5,0
 4318,2016/08/15,12:04:51,12.8,45.3,18,0
 4319,2016/08/15,12:05:01,13,46.9,18,0
 4320,2016/08/15,12:05:12,13.4,48,19.1,0
 4321,2016/08/15,12:05:22,14,48,20,0
 4322,2016/08/15,12:05:32,14.4,47,20.6,0
 4323,2016/08/15,12:05:42,15,45.6,21.6,0
 4324,2016/08/15,12:05:52,15,43.6,22,0
 4325,2016/08/15,12:06:02,15,42.5,22,0
 4326,2016/08/15,12:06:12,15,38.7,22,0
 4327,2016/08/15,12:06:22,15,37.5,22.6,0
 4328,2016/08/15,12:06:32,15,37,23,0
 4329,2016/08/15,12:06:42,14.5,33.2,23,0
 4330,2016/08/15,12:06:52,15,30.1,23,0
 4331,2016/08/15,12:07:02,14.5,26.6,23.6,0
 4332,2016/08/15,12:07:13,14,23.6,24,0
 4333,2016/08/15,12:07:23,14.5,21.6,24,0
 4334,2016/08/15,12:07:33,15.5,21,24.6,0
 4335,2016/08/15,12:07:43,18.5,21,25,0
 4336,2016/08/15,12:07:53,23,21.5,25,0
 4337,2016/08/15,12:08:03,27.5,21.5,25,0
 4338,2016/08/15,12:08:13,32.5,20.5,25,0
 4339,2016/08/15,12:08:23,35.5,19,24.9,0
 4340,2016/08/15,12:08:33,41.5,17.1,24.1,0
 4341,2016/08/15,12:08:43,50.1,15.6,25.1,0
 4342,2016/08/15,12:08:53,55.2,13.1,26,0
 4343,2016/08/15,12:09:03,58.6,12,26,0
 4344,2016/08/15,12:09:13,62.1,11,26,0
 4345,2016/08/15,12:09:24,65.7,11,26,0
 4346,2016/08/15,12:09:34,68,10.5,26,0
 4347,2016/08/15,12:09:44,68.5,11,26,0
 4348,2016/08/15,12:09:54,68.4,10,26,0
 4349,2016/08/15,12:10:04,67.9,10,26,0
 4350,2016/08/15,12:10:14,64.1,9,26,0
 4351,2016/08/15,12:10:24,60.2,8,26.1,0
 4352,2016/08/15,12:10:34,55.4,8,27,0
 4353,2016/08/15,12:10:44,51.3,8,27.1,0
 4354,2016/08/15,12:10:54,50,8,28,0
 4355,2016/08/15,12:11:04,42.8,8,28,0
 4356,2016/08/15,12:11:14,35.4,8,28,0
 4357,2016/08/15,12:11:24,31.4,9,28,0
 4358,2016/08/15,12:11:35,28.7,9,27.3,0
 4359,2016/08/15,12:11:45,25.7,9,27,0
 4360,2016/08/15,12:11:55,23.6,9,27.6,0
 4361,2016/08/15,12:12:05,23,9,27.5,0
 4362,2016/08/15,12:12:15,23,8.5,28,0
 4363,2016/08/15,12:12:25,22.8,9,28,0
 4364,2016/08/15,12:12:35,21.8,9,28.6,0
 4365,2016/08/15,12:12:45,20.3,9,28.3,0
 4366,2016/08/15,12:12:55,19.3,9,28,0
 4367,2016/08/15,12:13:05,18.3,9,28,0
 4368,2016/08/15,12:13:15,17.3,9.5,27.8,0
 4369,2016/08/15,12:13:25,16.3,10,26.8,0
 4370,2016/08/15,12:13:35,16.2,9.5,26,0
 4371,2016/08/15,12:13:46,17,9,26,0
 4372,2016/08/15,12:13:56,17,9,26,0
 4373,2016/08/15,12:14:06,17.2,9,26.1,0
 4374,2016/08/15,12:14:16,18,9,27,0
 4375,2016/08/15,12:14:26,17.2,9.5,27,0
 4376,2016/08/15,12:14:36,17,10,26.8,0
 4377,2016/08/15,12:14:46,16.5,9.4,26,0
 4378,2016/08/15,12:14:56,16.2,9,25.8,0
 4379,2016/08/15,12:15:06,16.7,9,25,0
 4380,2016/08/15,12:15:16,16.6,9,24.8,0
 4381,2016/08/15,12:15:26,16,9.5,24.2,0
 4382,2016/08/15,12:15:36,15.6,9.4,25,0
 4383,2016/08/15,12:15:46,15,9,25,0
 4384,2016/08/15,12:15:57,15,9,25.7,0
 4385,2016/08/15,12:16:07,14.6,10,26,0
 4386,2016/08/15,12:16:17,14,10,26,0
 4387,2016/08/15,12:16:27,14,10,26,0
 4388,2016/08/15,12:16:37,14,10,26,0
 4389,2016/08/15,12:16:47,14,10,25.3,0
 4390,2016/08/15,12:16:57,14,10,25,0
 4391,2016/08/15,12:17:07,14,10,25.5,0
 4392,2016/08/15,12:17:17,13.1,10,25.2,0
 4393,2016/08/15,12:17:27,13,10,25.5,0
 4394,2016/08/15,12:17:37,13,11,26.2,0
 4395,2016/08/15,12:17:47,13,11,27,0
 4396,2016/08/15,12:17:57,12.6,10.5,26.8,0
 4397,2016/08/15,12:18:08,12.9,11,26.5,0
 4398,2016/08/15,12:18:18,13,10.4,26.2,0
 4399,2016/08/15,12:18:28,13,10,27,0
 4400,2016/08/15,12:18:38,12.6,10,27,0
 4401,2016/08/15,12:18:48,12,10,27,0
 4402,2016/08/15,12:18:58,12,10,26.5,0
 4403,2016/08/15,12:19:08,12,10,26.3,0
 4404,2016/08/15,12:19:18,12,10,26,0
 4405,2016/08/15,12:19:28,12.4,10,26,0
 4406,2016/08/15,12:19:38,13,10,26,0
 4407,2016/08/15,12:19:48,12.5,10,25.5,0
 4408,2016/08/15,12:19:58,12.9,10,26,0
 4409,2016/08/15,12:20:08,12,10,26,0
 4410,2016/08/15,12:20:19,12,10,26,0
 4411,2016/08/15,12:20:29,12,10,26.7,0
 4412,2016/08/15,12:20:39,12,10,27,0
 4413,2016/08/15,12:20:49,12,10,26.2,0
 4414,2016/08/15,12:20:59,12,10,26,0
 4415,2016/08/15,12:21:09,12,10,26,0
 4416,2016/08/15,12:21:19,12,10,26,0
 4417,2016/08/15,12:21:29,11.4,10,26.7,0
 4418,2016/08/15,12:21:39,11,10,27,0
 4419,2016/08/15,12:21:49,10.4,10,27,0
 4420,2016/08/15,12:21:59,10,10,27,0
 4421,2016/08/15,12:22:09,10,10,27,0
 4422,2016/08/15,12:22:19,10,10.1,27,0
 4423,2016/08/15,12:22:29,10,11,27,0
 4424,2016/08/15,12:22:39,10,11,26.7,0
 4425,2016/08/15,12:22:50,10,11,26,0
 4426,2016/08/15,12:23:00,10,11,25.7,0
 4427,2016/08/15,12:23:10,10,11,25,0
 4428,2016/08/15,12:23:20,10.1,11,25.5,0
 4429,2016/08/15,12:23:30,11,11,25,0
 4430,2016/08/15,12:23:40,11.1,11,25,0
 4431,2016/08/15,12:23:50,12,11.1,25,0
 4432,2016/08/15,12:24:00,12,12,25,0
 4433,2016/08/15,12:24:10,12,11.3,25,0
 4434,2016/08/15,12:24:20,12.6,11,25,0
 4435,2016/08/15,12:24:30,13,11,25.3,0
 4436,2016/08/15,12:24:40,13.6,10.8,25.2,0
 4437,2016/08/15,12:24:50,14,10,25,0
 4438,2016/08/15,12:25:00,14,9.8,24.7,0
 4439,2016/08/15,12:25:11,14,9,24,0
 4440,2016/08/15,12:25:21,14,9,24.8,0
 4441,2016/08/15,12:25:31,14,9,25.5,0
 4442,2016/08/15,12:25:41,14,9.1,25.3,0
 4443,2016/08/15,12:25:51,14,9.5,26,0
 4444,2016/08/15,12:26:01,13.8,10,25.5,0
 4445,2016/08/15,12:26:11,13,9.5,26,0
 4446,2016/08/15,12:26:21,13,9.8,25.2,0
 4447,2016/08/15,12:26:31,13.2,9.1,24.7,0
 4448,2016/08/15,12:26:41,13.8,10,24.8,0
 4449,2016/08/15,12:26:51,13,10,24.7,0
 4450,2016/08/15,12:27:01,13,10,24.3,0
 4451,2016/08/15,12:27:11,13,10.6,25,0
 4452,2016/08/15,12:27:22,13,11,25,0
 4453,2016/08/15,12:27:32,12.8,11.1,25.8,0
 4454,2016/08/15,12:27:42,12,12,26,0
 4455,2016/08/15,12:27:52,12,12,25.2,0
 4456,2016/08/15,12:28:02,11.7,11.8,24.2,0
 4457,2016/08/15,12:28:12,11,11,24.8,0
 4458,2016/08/15,12:28:22,11.7,11,24.2,0
 4459,2016/08/15,12:28:32,11.5,11,24.5,0
 4460,2016/08/15,12:28:42,11.7,11,24,0
 4461,2016/08/15,12:28:52,11,11,24,0
 4462,2016/08/15,12:29:02,11,11,24,0
 4463,2016/08/15,12:29:12,10.7,11,24,0
 4464,2016/08/15,12:29:22,10,11,24,0
 4465,2016/08/15,12:29:32,10,11,23.6,0
 4466,2016/08/15,12:29:43,9.2,10.3,23.8,0
 4467,2016/08/15,12:29:53,9,10,23.1,0
 4468,2016/08/15,12:30:03,9,9.8,23.8,0
 4469,2016/08/15,12:30:13,9,9,23.6,0
 4470,2016/08/15,12:30:23,9.8,9.2,23,0
 4471,2016/08/15,12:30:33,10,9.3,23,0
 4472,2016/08/15,12:30:43,10,9.2,23,0
 4473,2016/08/15,12:30:53,10,9.3,23.3,0
 4474,2016/08/15,12:31:03,10,9.7,23.1,0
 4475,2016/08/15,12:31:13,10,10,23,0
 4476,2016/08/15,12:31:23,10.8,10,23,0
 4477,2016/08/15,12:31:33,11,10,23,0
 4478,2016/08/15,12:31:43,11,10,23,0
 4479,2016/08/15,12:31:54,11,10.7,23.3,0
 4480,2016/08/15,12:32:04,11.8,11,24,0
 4481,2016/08/15,12:32:14,12,11,23.1,0
 4482,2016/08/15,12:32:24,12,11,23,0
 4483,2016/08/15,12:32:34,12,11,22.1,0
 4484,2016/08/15,12:32:44,12.4,11,22,0
 4485,2016/08/15,12:32:54,12.1,11,22,0
 4486,2016/08/15,12:33:04,12.4,11,22,0
 4487,2016/08/15,12:33:14,12.1,11,22,0
 4488,2016/08/15,12:33:24,12,11,22,0
 4489,2016/08/15,12:33:34,12,10.2,22,0
 4490,2016/08/15,12:33:44,12,10,22,0
 4491,2016/08/15,12:33:54,12,10,22,0
 4492,2016/08/15,12:34:04,12,10,22,0
 4493,2016/08/15,12:34:15,12,10,21.6,0
 4494,2016/08/15,12:34:25,12,9.7,20.1,0
 4495,2016/08/15,12:34:35,12,9,20,0
 4496,2016/08/15,12:34:45,12,9.2,20.9,0
 4497,2016/08/15,12:34:55,12,10,20.5,0
 4498,2016/08/15,12:35:05,12,10,20.1,0
 4499,2016/08/15,12:35:15,12,10,20.4,0
 4500,2016/08/15,12:35:25,12,10,21,0
 4501,2016/08/15,12:35:35,12,10,21,0
 4502,2016/08/15,12:35:45,12,10,21,0
 4503,2016/08/15,12:35:55,12,10,21,0
 4504,2016/08/15,12:36:05,12,10,20.6,0
 4505,2016/08/15,12:36:15,12,10,20.9,0
 4506,2016/08/15,12:36:26,12,10,20.1,0
 4507,2016/08/15,12:36:36,11.4,10,20,0
 4508,2016/08/15,12:36:46,11,10,20,0
 4509,2016/08/15,12:36:56,11,10,20,0
 4510,2016/08/15,12:37:06,11,10,20.4,0
 4511,2016/08/15,12:37:16,11,9.7,21,0
 4512,2016/08/15,12:37:26,11,9.5,21,0
 4513,2016/08/15,12:37:36,10.4,9.3,21.4,0
 4514,2016/08/15,12:37:46,10,9.5,21.6,0
 4515,2016/08/15,12:37:56,10.5,10,21,0
 4516,2016/08/15,12:38:06,10.5,10,21,0
 4517,2016/08/15,12:38:16,11,10,21,0
 4518,2016/08/15,12:38:26,10.5,10,20,0
 4519,2016/08/15,12:38:36,11,10,20.9,0
 4520,2016/08/15,12:38:47,11,10.3,20.5,0
 4521,2016/08/15,12:38:57,11,11,21,0
 4522,2016/08/15,12:39:07,11.5,11,21,0
 4523,2016/08/15,12:39:17,11.6,11,21,0
 4524,2016/08/15,12:39:27,12,11.3,21,0
 4525,2016/08/15,12:39:37,12,11.5,22.4,0
 4526,2016/08/15,12:39:47,12.1,12,21,0
 4527,2016/08/15,12:39:57,13,12,21,0
 4528,2016/08/15,12:40:07,13.6,12,21,0
 4529,2016/08/15,12:40:17,13.8,11.7,21,0
 4530,2016/08/15,12:40:27,13,11,21,0
 4531,2016/08/15,12:40:37,13,11.3,21,0
 4532,2016/08/15,12:40:47,13,11.2,21.4,0
 4533,2016/08/15,12:40:58,13,11,22,0
 4534,2016/08/15,12:41:08,13,11,21,0
 4535,2016/08/15,12:41:18,13,10.7,21,0
 4536,2016/08/15,12:41:28,12.3,10,20.5,0
 4537,2016/08/15,12:41:38,12,10,21,0
 4538,2016/08/15,12:41:48,12,10,21,0
 4539,2016/08/15,12:41:58,12,10,21.4,0
 4540,2016/08/15,12:42:08,11.8,10,21,0
 4541,2016/08/15,12:42:18,11,10,21,0
 4542,2016/08/15,12:42:28,11,10,21,0
 4543,2016/08/15,12:42:38,11,10,21.5,0
 4544,2016/08/15,12:42:48,11,10,22,0
 4545,2016/08/15,12:42:58,11,10,22,0
 4546,2016/08/15,12:43:09,11.7,9.6,22,0
 4547,2016/08/15,12:43:19,12,9.8,22,0
 4548,2016/08/15,12:43:29,12,10,22.5,0
 4549,2016/08/15,12:43:39,12,10,23,0
 4550,2016/08/15,12:43:49,12.8,10,23,0
 4551,2016/08/15,12:43:59,13,10,23,0
 4552,2016/08/15,12:44:09,12.7,10,23,0
 4553,2016/08/15,12:44:19,12,10,22,0
 4554,2016/08/15,12:44:29,12.8,10,22,0
 4555,2016/08/15,12:44:39,13,10,22,0
 4556,2016/08/15,12:44:49,13,10,22,0
 4557,2016/08/15,12:44:59,13,10,22,0
 4558,2016/08/15,12:45:09,12.7,10,21.5,0
 4559,2016/08/15,12:45:19,12,10,21,0
 4560,2016/08/15,12:45:30,12,10,20.5,0
 4561,2016/08/15,12:45:40,12,10,20,0
 4562,2016/08/15,12:45:50,12,9.5,20,0
 4563,2016/08/15,12:46:00,12,9.1,20,0
 4564,2016/08/15,12:46:10,12,9.5,19.5,0
 4565,2016/08/15,12:46:20,11.5,9,19,0
 4566,2016/08/15,12:46:30,12,9.4,19.5,0
 4567,2016/08/15,12:46:40,12,9.1,19,0
 4568,2016/08/15,12:46:50,12,9,19,0
 4569,2016/08/15,12:47:00,12,9,19,0
 4570,2016/08/15,12:47:10,12,9,18,0
 4571,2016/08/15,12:47:20,11.1,9.5,18,0
 4572,2016/08/15,12:47:30,11.3,9,18,0
 4573,2016/08/15,12:47:40,12,9,18.5,0
 4574,2016/08/15,12:47:51,12,9,19.5,0
 4575,2016/08/15,12:48:01,12,8.6,20,0
 4576,2016/08/15,12:48:11,11,8,20,0
 4577,2016/08/15,12:48:21,11,8,20,0
 4578,2016/08/15,12:48:31,10.5,8,20,0
 4579,2016/08/15,12:48:41,10,8,20,0
 4580,2016/08/15,12:48:51,10,8,20,0
 4581,2016/08/15,12:49:01,10,8,21,0
 4582,2016/08/15,12:49:11,10,8,20.5,0
 4583,2016/08/15,12:49:21,10,8,21,0
 4584,2016/08/15,12:49:31,9.5,8,21,0
 4585,2016/08/15,12:49:41,9.4,8,21,0
 4586,2016/08/15,12:49:51,10,8,21,0
 4587,2016/08/15,12:50:02,9,8,21,0
 4588,2016/08/15,12:50:12,9,8,20.9,0
 4589,2016/08/15,12:50:22,9,8,20,0
 4590,2016/08/15,12:50:32,9,8,20,0
 4591,2016/08/15,12:50:42,9,8,20.9,0
 4592,2016/08/15,12:50:52,9,8,20,0
 4593,2016/08/15,12:51:02,9.5,8,21,0
 4594,2016/08/15,12:51:12,10,8,21,0
 4595,2016/08/15,12:51:22,10,8.4,20.9,0
 4596,2016/08/15,12:51:32,10,8.5,20,0
 4597,2016/08/15,12:51:42,9.5,8.5,20,0
 4598,2016/08/15,12:51:52,10,8,20.5,0
 4599,2016/08/15,12:52:02,10,8.4,20,0
 4600,2016/08/15,12:52:12,10,9,20,0
 4601,2016/08/15,12:52:23,10,9,20,0
 4602,2016/08/15,12:52:33,10.5,9,19.5,0
 4603,2016/08/15,12:52:43,10.9,9,20,0
 4604,2016/08/15,12:52:53,10,9,20,0
 4605,2016/08/15,12:53:03,10,9.4,19.9,0
 4606,2016/08/15,12:53:13,10,10,19,0
 4607,2016/08/15,12:53:23,10,9,19,0
 4608,2016/08/15,12:53:33,10,9.5,18.4,0
 4609,2016/08/15,12:53:43,9.4,9.4,18,0
 4610,2016/08/15,12:53:53,9,9.5,18.1,0
 4611,2016/08/15,12:54:03,9,9,19,0
 4612,2016/08/15,12:54:13,9.5,9,19.5,0
 4613,2016/08/15,12:54:23,9,9,19.6,0
 4614,2016/08/15,12:54:34,9,9,20,0
 4615,2016/08/15,12:54:44,8.8,8.5,20,0
 4616,2016/08/15,12:54:54,8,8,20.6,0
 4617,2016/08/15,12:55:04,8,8,20.9,0
 4618,2016/08/15,12:55:14,8.1,8,19.9,0
 4619,2016/08/15,12:55:24,9,8,19.5,0
 4620,2016/08/15,12:55:34,9,8,19,0
 4621,2016/08/15,12:55:44,9,8,19,0
 4622,2016/08/15,12:55:54,9.6,8,19.6,0
 4623,2016/08/15,12:56:04,10,8,20.6,0
 4624,2016/08/15,12:56:14,10.1,8,20.4,0
 4625,2016/08/15,12:56:24,11,8,20,0
 4626,2016/08/15,12:56:34,11,8,19.3,0
 4627,2016/08/15,12:56:45,11.6,8,18.5,0
 4628,2016/08/15,12:56:55,12,8,18.5,0
 4629,2016/08/15,12:57:05,12,8,19.6,0
 4630,2016/08/15,12:57:15,12,8,19.3,0
 4631,2016/08/15,12:57:25,12,8,19.1,0
 4632,2016/08/15,12:57:35,12,8,20,0
 4633,2016/08/15,12:57:45,12.5,8,20,0
 4634,2016/08/15,12:57:55,12.2,9,20,0
 4635,2016/08/15,12:58:05,12.7,9,20,0
 4636,2016/08/15,12:58:15,12.7,9,20.1,0
 4637,2016/08/15,12:58:25,13,9,20.8,0
 4638,2016/08/15,12:58:35,13,9,20,0
 4639,2016/08/15,12:58:45,13,9,20.1,0
 4640,2016/08/15,12:58:56,12.2,8.5,21,0
 4641,2016/08/15,12:59:06,11.7,9,21,0
 4642,2016/08/15,12:59:16,11,9,21,0
 4643,2016/08/15,12:59:26,10.7,8.5,21,0
 4644,2016/08/15,12:59:36,10,9,20.3,0
 4645,2016/08/15,12:59:46,10.8,8.5,20,0
 4646,2016/08/15,12:59:56,11,9,20,0
 4647,2016/08/15,13:00:06,11,9,20,0
 4648,2016/08/15,13:00:16,11,9,20.1,0
 4649,2016/08/15,13:00:26,10.7,8,20.3,0
 4650,2016/08/15,13:00:36,10,8,20.5,0
 4651,2016/08/15,13:00:46,10,8,19.8,0
 4652,2016/08/15,13:00:56,10,8,19.6,0
 4653,2016/08/15,13:01:06,10,8,20,0
 4654,2016/08/15,13:01:17,10,8,19.1,0
 4655,2016/08/15,13:01:27,10,8,18,0
 4656,2016/08/15,13:01:37,10.3,8,18.5,0
 4657,2016/08/15,13:01:47,11,8,18.2,0
 4658,2016/08/15,13:01:57,11,8,19,0
 4659,2016/08/15,13:02:07,11.4,8,19,0
 4660,2016/08/15,13:02:17,11.1,8,19,0
 4661,2016/08/15,13:02:27,11,8,19,0
 4662,2016/08/15,13:02:37,11,8,18.3,0
 4663,2016/08/15,13:02:47,11,8,18,0
 4664,2016/08/15,13:02:57,11,8,18.7,0
 4665,2016/08/15,13:03:07,11.4,8.5,19,0
 4666,2016/08/15,13:03:17,11.6,8.4,19,0
 4667,2016/08/15,13:03:28,11,8,19,0
 4668,2016/08/15,13:03:38,11,8,19,0
 4669,2016/08/15,13:03:48,11.9,9,19,0
 4670,2016/08/15,13:03:58,11,9,19,0
 4671,2016/08/15,13:04:08,11,9,18.5,0
 4672,2016/08/15,13:04:18,11.9,9,18.3,0
 4673,2016/08/15,13:04:28,11,9,17.3,0
 4674,2016/08/15,13:04:38,11,9,17,0
 4675,2016/08/15,13:04:48,10.5,9,17,0
 4676,2016/08/15,13:04:58,10,9,17,0
 4677,2016/08/15,13:05:08,10,9,17,0
 4678,2016/08/15,13:05:18,9,9,17,0
 4679,2016/08/15,13:05:28,9,9,16.8,0
 4680,2016/08/15,13:05:38,9,9,16,0
 4681,2016/08/15,13:05:49,9,9,16,0
 4682,2016/08/15,13:05:59,9,9,16,0
 4683,2016/08/15,13:06:09,8,9,16,0
 4684,2016/08/15,13:06:19,8.5,9,16,0
 4685,2016/08/15,13:06:29,9,9,16.7,0
 4686,2016/08/15,13:06:39,9,9,17.2,0
 4687,2016/08/15,13:06:49,9,9,18,0
 4688,2016/08/15,13:06:59,8.4,9,18,0
 4689,2016/08/15,13:07:09,8,9,18,0
 4690,2016/08/15,13:07:19,8.5,9,18,0
 4691,2016/08/15,13:07:29,9,9,18,0
 4692,2016/08/15,13:07:39,9,9,18,0
 4693,2016/08/15,13:07:49,9.6,9,18,0
 4694,2016/08/15,13:07:59,10.1,9,18,0
 4695,2016/08/15,13:08:10,11,9,18,0
 4696,2016/08/15,13:08:20,11,9.5,18,0
 4697,2016/08/15,13:08:30,11,9.6,18,0
 4698,2016/08/15,13:08:40,10.4,10,18,0
 4699,2016/08/15,13:08:50,10.4,10,18,0
 4700,2016/08/15,13:09:00,10,10,17.2,0
 4701,2016/08/15,13:09:10,10,10,16.7,0
 4702,2016/08/15,13:09:20,10,10,16,0
 4703,2016/08/15,13:09:30,10.1,10,16.2,0
 4704,2016/08/15,13:09:40,11,10,17,0
 4705,2016/08/15,13:09:50,11,10,16.2,0
 4706,2016/08/15,13:10:00,11,10,16,0
 4707,2016/08/15,13:10:10,11,10,16,0
 4708,2016/08/15,13:10:20,11,9.5,16.2,0
 4709,2016/08/15,13:10:31,10.4,9.5,16.7,0
 4710,2016/08/15,13:10:41,10,9.8,16,0
 4711,2016/08/15,13:10:51,10,9.1,16,0
 4712,2016/08/15,13:11:01,10,9.3,16.8,0
 4713,2016/08/15,13:11:11,10.2,9,16.2,0
 4714,2016/08/15,13:11:21,11,9.6,16,0
 4715,2016/08/15,13:11:31,11,10,16,0
 4716,2016/08/15,13:11:41,11,9.3,16,0
 4717,2016/08/15,13:11:51,11,9,16,0
 4718,2016/08/15,13:12:01,11,9,15.7,0
 4719,2016/08/15,13:12:11,11.7,9,15,0
 4720,2016/08/15,13:12:21,12,9,15,0
 4721,2016/08/15,13:12:31,12,9,15,0
 4722,2016/08/15,13:12:41,12,9,15,0
 4723,2016/08/15,13:12:51,11.3,9,15,0
 4724,2016/08/15,13:13:02,11.7,9,15,0
 4725,2016/08/15,13:13:12,11.3,9,14.2,0
 4726,2016/08/15,13:13:22,11,8.5,14,0
 4727,2016/08/15,13:13:32,11,9,14,0
 4728,2016/08/15,13:13:42,11.5,8.3,14,0
 4729,2016/08/15,13:13:52,11,8,14.3,0
 4730,2016/08/15,13:14:02,11,8,15,0
 4731,2016/08/15,13:14:12,11,8,15,0
 4732,2016/08/15,13:14:22,11.5,8,15,0
 4733,2016/08/15,13:14:32,11,8.5,15,0
 4734,2016/08/15,13:14:42,11.5,8,15.3,0
 4735,2016/08/15,13:14:52,11,8.7,16,0
 4736,2016/08/15,13:15:02,11.5,8.3,16,0
 4737,2016/08/15,13:15:12,11.2,8.7,16,0
 4738,2016/08/15,13:15:22,12,9,16.3,0
 4739,2016/08/15,13:15:33,11.7,8.8,17,0
 4740,2016/08/15,13:15:43,11.7,8.7,17,0
 4741,2016/08/15,13:15:53,12,8.8,17,0
 4742,2016/08/15,13:16:03,12,8,17,0
 4743,2016/08/15,13:16:13,12,8,16.6,0
 4744,2016/08/15,13:16:23,12,8,16,0
 4745,2016/08/15,13:16:33,12,8,16,0
 4746,2016/08/15,13:16:43,12,8,16,0
 4747,2016/08/15,13:16:53,12,8,16,0
 4748,2016/08/15,13:17:03,12,8,16.5,0
 4749,2016/08/15,13:17:13,11.1,8,16.3,0
 4750,2016/08/15,13:17:23,11,8,16.6,0
 4751,2016/08/15,13:17:33,10.1,8,16,0
 4752,2016/08/15,13:17:44,10,8,16,0
 4753,2016/08/15,13:17:54,10.4,8,16,0
 4754,2016/08/15,13:18:04,10.5,8,16,0
 4755,2016/08/15,13:18:14,10.1,8,16,0
 4756,2016/08/15,13:18:24,10,8.7,16,0
 4757,2016/08/15,13:18:34,10,9,16,0
 4758,2016/08/15,13:18:44,10,9,16,0
 4759,2016/08/15,13:18:54,10.9,9,16.8,0
 4760,2016/08/15,13:19:04,10.5,9,17,0
 4761,2016/08/15,13:19:14,11,9,17,0
 4762,2016/08/15,13:19:24,10.5,9,16.5,0
 4763,2016/08/15,13:19:34,11,9,16.1,0
 4764,2016/08/15,13:19:44,11,9,16,0
 4765,2016/08/15,13:19:54,11,9,16,0
 4766,2016/08/15,13:20:05,11.4,9,16.4,0
 4767,2016/08/15,13:20:15,12,9,17,0
 4768,2016/08/15,13:20:25,11.1,9,16.1,0
 4769,2016/08/15,13:20:35,11,9,16,0
 4770,2016/08/15,13:20:45,11.9,9,16.5,0
 4771,2016/08/15,13:20:55,12,9,16,0
 4772,2016/08/15,13:21:05,12,9,16,0
 4773,2016/08/15,13:21:15,11.5,9,16.4,0
 4774,2016/08/15,13:21:25,11,9,17,0
 4775,2016/08/15,13:21:35,11,9,16.5,0
 4776,2016/08/15,13:21:45,11,8.5,17,0
 4777,2016/08/15,13:21:55,11,9,17,0
 4778,2016/08/15,13:22:05,11,9,17,0
 4779,2016/08/15,13:22:15,10.5,9,16.6,0
 4780,2016/08/15,13:22:26,10,9,16,0
 4781,2016/08/15,13:22:36,10,9,16,0
 4782,2016/08/15,13:22:46,10,9.7,16,0
 4783,2016/08/15,13:22:56,11,10,16,0
 4784,2016/08/15,13:23:06,11,10,16.4,0
 4785,2016/08/15,13:23:16,11,10,17,0
 4786,2016/08/15,13:23:26,10,10,17,0
 4787,2016/08/15,13:23:36,11,9.7,17,0
 4788,2016/08/15,13:23:46,11,9.7,16.6,0
 4789,2016/08/15,13:23:56,11,10,16,0
 4790,2016/08/15,13:24:06,11,10,16,0
 4791,2016/08/15,13:24:16,11,10,15.5,0
 4792,2016/08/15,13:24:26,11,10,16,0
 4793,2016/08/15,13:24:36,11,10.8,15.5,0
 4794,2016/08/15,13:24:47,11.5,10.2,15.9,0
 4795,2016/08/15,13:24:57,11.4,10,15.5,0
 4796,2016/08/15,13:25:07,11,9.7,15.9,0
 4797,2016/08/15,13:25:17,11,9,15.5,0
 4798,2016/08/15,13:25:27,11,9,15,0
 4799,2016/08/15,13:25:37,10.4,9.8,15,0
 4800,2016/08/15,13:25:47,10.6,10,14,0
 4801,2016/08/15,13:25:57,10.4,10,14,0
 4802,2016/08/15,13:26:07,9.9,10,14,0
 4803,2016/08/15,13:26:17,9.6,9.2,14,0
 4804,2016/08/15,13:26:27,10,9,13.5,0
 4805,2016/08/15,13:26:37,10,9,13,0
 4806,2016/08/15,13:26:47,10,9,13.5,0
 4807,2016/08/15,13:26:57,10,9,13.9,0
 4808,2016/08/15,13:27:07,10,9,14,0
 4809,2016/08/15,13:27:18,10,9,14,0
 4810,2016/08/15,13:27:28,10.1,9,14,0
 4811,2016/08/15,13:27:38,11,9,14,0
 4812,2016/08/15,13:27:48,10.3,9,14,0
 4813,2016/08/15,13:27:58,10.6,9,14,0
 4814,2016/08/15,13:28:08,11,9,14,0
 4815,2016/08/15,13:28:18,11,9.8,14,0
 4816,2016/08/15,13:28:28,11,10,14,0
 4817,2016/08/15,13:28:38,11.6,10,14.4,0
 4818,2016/08/15,13:28:48,10.8,10.8,15,0
 4819,2016/08/15,13:28:58,11,11,15,0
 4820,2016/08/15,13:29:08,11,11,15,0
 4821,2016/08/15,13:29:18,10.8,11,15,0
 4822,2016/08/15,13:29:28,10,11.8,15,0
 4823,2016/08/15,13:29:39,10.7,11.5,15,0
 4824,2016/08/15,13:29:49,11,12,15,0
 4825,2016/08/15,13:29:59,11,12,16,0
 4826,2016/08/15,13:30:09,11,11.6,16,0
 4827,2016/08/15,13:30:19,11,11.3,16,0
 4828,2016/08/15,13:30:29,10.2,12,16,0
 4829,2016/08/15,13:30:39,10.7,11.1,16.5,0
 4830,2016/08/15,13:30:49,11,11,16,0
 4831,2016/08/15,13:30:59,10.2,11,16.5,0
 4832,2016/08/15,13:31:09,10.7,11,16.5,0
 4833,2016/08/15,13:31:19,11,11,16,0
 4834,2016/08/15,13:31:29,11,11,16,0
 4835,2016/08/15,13:31:39,11,11,16,0
 4836,2016/08/15,13:31:49,11,10.6,16,0
 4837,2016/08/15,13:32:00,11,10,15.5,0
 4838,2016/08/15,13:32:10,10.2,10,15,0
 4839,2016/08/15,13:32:20,10.3,10,15,0
 4840,2016/08/15,13:32:30,11,10,14.5,0
 4841,2016/08/15,13:32:40,11,10,14,0
 4842,2016/08/15,13:32:50,11,10,14,0
 4843,2016/08/15,13:33:00,11,10,14,0
 4844,2016/08/15,13:33:10,10.2,10,14,0
 4845,2016/08/15,13:33:20,10,10,14,0
 4846,2016/08/15,13:33:30,10,9.6,14,0
 4847,2016/08/15,13:33:40,10,9,14,0
 4848,2016/08/15,13:33:50,10,9,14,0
 4849,2016/08/15,13:34:00,10,9,14,0
 4850,2016/08/15,13:34:11,10,9,14,0
 4851,2016/08/15,13:34:21,10,8.5,14,0
 4852,2016/08/15,13:34:31,9.6,9,14.4,0
 4853,2016/08/15,13:34:41,9.5,8.6,14,0
 4854,2016/08/15,13:34:51,9.5,8.9,14.5,0
 4855,2016/08/15,13:35:01,9,9,15,0
 4856,2016/08/15,13:35:11,9,9,15,0
 4857,2016/08/15,13:35:21,9,9,15,0
 4858,2016/08/15,13:35:31,9,9,15,0
 4859,2016/08/15,13:35:41,9,9,15,0
 4860,2016/08/15,13:35:51,9,9,15,0
 4861,2016/08/15,13:36:01,9,9,15,0
 4862,2016/08/15,13:36:11,9,9,15,0
 4863,2016/08/15,13:36:22,8.6,9.9,15.5,0
 4864,2016/08/15,13:36:32,8.5,10,16,0
 4865,2016/08/15,13:36:42,8,10,16,0
 4866,2016/08/15,13:36:52,8,9.6,16.4,0
 4867,2016/08/15,13:37:02,8.9,9,16,0
 4868,2016/08/15,13:37:12,9,9.9,16,0
 4869,2016/08/15,13:37:22,9,9.1,16,0
 4870,2016/08/15,13:37:32,9,9,16,0
 4871,2016/08/15,13:37:42,9,9.5,16,0
 4872,2016/08/15,13:37:52,9,9,16,0
 4873,2016/08/15,13:38:02,9,9,15.9,0
 4874,2016/08/15,13:38:12,9,9,15,0
 4875,2016/08/15,13:38:22,9,9,15.5,0
 4876,2016/08/15,13:38:32,8.5,9,16,0
 4877,2016/08/15,13:38:43,8,9,15.9,0
 4878,2016/08/15,13:38:53,8.1,9,15,0
 4879,2016/08/15,13:39:03,9,9,15.6,0
 4880,2016/08/15,13:39:13,9,9,15.9,0
 4881,2016/08/15,13:39:23,9,9,15,0
 4882,2016/08/15,13:39:33,8.5,8.5,15,0
 4883,2016/08/15,13:39:43,8.4,8,15.7,0
 4884,2016/08/15,13:39:53,8,8,16.4,0
 4885,2016/08/15,13:40:03,8,8,16,0
 4886,2016/08/15,13:40:13,8.5,8,16,0
 4887,2016/08/15,13:40:23,9,8,16,0
 4888,2016/08/15,13:40:33,9.4,8,16.5,0
 4889,2016/08/15,13:40:43,9,8,16,0
 4890,2016/08/15,13:40:53,9,8,16.6,0
 4891,2016/08/15,13:41:04,8.5,8,17,0
 4892,2016/08/15,13:41:14,9,8,17,0
 4893,2016/08/15,13:41:24,9,7.5,17,0
 4894,2016/08/15,13:41:34,9,7.9,16.9,0
 4895,2016/08/15,13:41:44,9,8,16,0
 4896,2016/08/15,13:41:54,9,8,16,0
 4897,2016/08/15,13:42:04,9,8,16.5,0
 4898,2016/08/15,13:42:14,9,8,16,0
 4899,2016/08/15,13:42:24,9,8,16,0
 4900,2016/08/15,13:42:34,9,9,16,0
 4901,2016/08/15,13:42:44,8.4,8,16,0
 4902,2016/08/15,13:42:54,8,9,16.1,0
 4903,2016/08/15,13:43:04,8.6,9,17,0
 4904,2016/08/15,13:43:14,9,9,17,0
 4905,2016/08/15,13:43:25,9,9,16.3,0
 4906,2016/08/15,13:43:35,9,9,16.6,0
 4907,2016/08/15,13:43:45,9,9,17,0
 4908,2016/08/15,13:43:55,9,9,17,0
 4909,2016/08/15,13:44:05,9.6,9,17,0
 4910,2016/08/15,13:44:15,10,9,17,0
 4911,2016/08/15,13:44:25,10.7,9,17,0
 4912,2016/08/15,13:44:35,11,9,17,0
 4913,2016/08/15,13:44:45,11,9,17,0
 4914,2016/08/15,13:44:55,11.5,9,17,0
 4915,2016/08/15,13:45:05,11.7,8.5,17,0
 4916,2016/08/15,13:45:15,12,8.5,17,0
 4917,2016/08/15,13:45:25,11.2,8,16.2,0
 4918,2016/08/15,13:45:35,11,8,15,0
 4919,2016/08/15,13:45:46,11,8,15,0
 4920,2016/08/15,13:45:56,11,8,15,0
 4921,2016/08/15,13:46:06,10.7,8,14.3,0
 4922,2016/08/15,13:46:16,10,8.5,14,0
 4923,2016/08/15,13:46:26,10,9,14.5,0
 4924,2016/08/15,13:46:36,10,8,14.1,0
 4925,2016/08/15,13:46:46,10,8.5,14.5,0
 4926,2016/08/15,13:46:56,10,8.5,15,0
 4927,2016/08/15,13:47:06,10,8,15,0
 4928,2016/08/15,13:47:16,10,8.9,15,0
 4929,2016/08/15,13:47:26,10,8.5,15,0
 4930,2016/08/15,13:47:36,9.5,9,15,0
 4931,2016/08/15,13:47:46,9.2,9,15,0
 4932,2016/08/15,13:47:56,9,9,15,0
 4933,2016/08/15,13:48:07,9,9,15,0
 4934,2016/08/15,13:48:17,9,9,15.7,0
 4935,2016/08/15,13:48:27,9,9,15.3,0
 4936,2016/08/15,13:48:37,9,9,15,0
 4937,2016/08/15,13:48:47,9,9,15,0
 4938,2016/08/15,13:48:57,9.8,8.5,14.3,0
 4939,2016/08/15,13:49:07,9.6,9,14.5,0
 4940,2016/08/15,13:49:17,9,9,14,0
 4941,2016/08/15,13:49:27,9,9,14,0
 4942,2016/08/15,13:49:37,9,9,14,0
 4943,2016/08/15,13:49:47,9,9,14,0
 4944,2016/08/15,13:49:57,9,9,14,0
 4945,2016/08/15,13:50:07,8.6,8.9,14,0
 4946,2016/08/15,13:50:17,8.8,8,14,0
 4947,2016/08/15,13:50:28,9,8,14,0
 4948,2016/08/15,13:50:38,9,8,14.5,0
 4949,2016/08/15,13:50:48,9,8,13.3,0
 4950,2016/08/15,13:50:58,9,8,13.7,0
 4951,2016/08/15,13:51:08,9,8,14,0
 4952,2016/08/15,13:51:18,9,9,14,0
 4953,2016/08/15,13:51:28,8.1,9,14,0
 4954,2016/08/15,13:51:38,8,8.5,14,0
 4955,2016/08/15,13:51:48,8.9,9,14,0
 4956,2016/08/15,13:51:58,9,9,14,0
 4957,2016/08/15,13:52:08,9.5,9,14,0
 4958,2016/08/15,13:52:18,9,9,14,0
 4959,2016/08/15,13:52:28,9,9,14,0
 4960,2016/08/15,13:52:39,9,9,14,0
 4961,2016/08/15,13:52:49,9,9,14,0
 4962,2016/08/15,13:52:59,9,9,14,0
 4963,2016/08/15,13:53:09,9,8.4,14,0
 4964,2016/08/15,13:53:19,9,8.1,14,0
 4965,2016/08/15,13:53:29,9,8.5,14,0
 4966,2016/08/15,13:53:39,9,9,14,0
 4967,2016/08/15,13:53:49,9,9,14,0
 4968,2016/08/15,13:53:59,10,9,14,0
 4969,2016/08/15,13:54:09,10,9,14,0
 4970,2016/08/15,13:54:19,9,9,14,0
 4971,2016/08/15,13:54:29,9,9,14.2,0
 4972,2016/08/15,13:54:39,9.5,9,14.7,0
 4973,2016/08/15,13:54:50,10,8.4,14,0
 4974,2016/08/15,13:55:00,10,8.6,14,0
 4975,2016/08/15,13:55:10,10,9,14,0
 4976,2016/08/15,13:55:20,10,9,14,0
 4977,2016/08/15,13:55:30,10,9,14,0
 4978,2016/08/15,13:55:40,10.5,9,14,0
 4979,2016/08/15,13:55:50,11,9,14,0
 4980,2016/08/15,13:56:00,11,9,13.7,0
 4981,2016/08/15,13:56:10,11,9,13.7,0
 4982,2016/08/15,13:56:20,11,8.9,14,0
 4983,2016/08/15,13:56:30,11,8,14,0
 4984,2016/08/15,13:56:40,11,8,13.7,0
 4985,2016/08/15,13:56:51,11,8,13,0
 4986,2016/08/15,13:57:01,11,8,12.7,0
 4987,2016/08/15,13:57:11,10.4,8,12.8,0
 4988,2016/08/15,13:57:21,10,8.6,13,0
 4989,2016/08/15,13:57:31,10,8.8,13.8,0
 4990,2016/08/15,13:57:41,10,8.1,13.5,0
 4991,2016/08/15,13:57:51,10.1,8.8,14,0
 4992,2016/08/15,13:58:01,11,8.1,14,0
 4993,2016/08/15,13:58:11,10.3,8.8,14,0
 4994,2016/08/15,13:58:21,10,8.1,14,0
 4995,2016/08/15,13:58:31,9.5,8.3,14,0
 4996,2016/08/15,13:58:41,10,8,14,0
 4997,2016/08/15,13:58:52,10,8.1,14,0
 4998,2016/08/15,13:59:02,10,8.3,14,0
 4999,2016/08/15,13:59:12,10,8,14,0
 5000,2016/08/15,13:59:22,10,8,14,0
 5001,2016/08/15,13:59:32,10.7,8.1,14,0
 5002,2016/08/15,13:59:42,11,9,14,0
 5003,2016/08/15,13:59:52,10.5,9,14,0
 5004,2016/08/15,14:00:02,11,9,14,0
 5005,2016/08/15,14:00:12,11,8.8,13.5,0
 5006,2016/08/15,14:00:22,11,8.6,13.7,0
 5007,2016/08/15,14:00:32,11,8.8,13,0
 5008,2016/08/15,14:00:42,11.7,8.1,13.8,0
 5009,2016/08/15,14:00:52,12,8.8,14,0
 5010,2016/08/15,14:01:03,12,8,14,0
 5011,2016/08/15,14:01:13,11.2,8,14,0
 5012,2016/08/15,14:01:23,11,8,14,0
 5013,2016/08/15,14:01:33,11,8.7,14,0
 5014,2016/08/15,14:01:43,11,8.3,14,0
 5015,2016/08/15,14:01:53,10.7,8,14,0
 5016,2016/08/15,14:02:03,10,8,14,0
 5017,2016/08/15,14:02:13,10,8,13.6,0
 5018,2016/08/15,14:02:23,10,7.3,13.8,0
 5019,2016/08/15,14:02:33,10,7,13.1,0
 5020,2016/08/15,14:02:43,10,7.5,13,0
 5021,2016/08/15,14:02:53,9.1,7,13,0
 5022,2016/08/15,14:03:04,9,7,13,0
 5023,2016/08/15,14:03:14,9,7,13,0
 5024,2016/08/15,14:03:24,9,7,13,0
 5025,2016/08/15,14:03:34,9,7,12.6,0
 5026,2016/08/15,14:03:44,9,7,12,0
 5027,2016/08/15,14:03:54,9.8,7,12,0
 5028,2016/08/15,14:04:04,10,7,12,0
 5029,2016/08/15,14:04:14,10,7,12,0
 5030,2016/08/15,14:04:24,10,7,12,0
 5031,2016/08/15,14:04:34,10,7,12.8,0
 5032,2016/08/15,14:04:44,10.5,7,13,0
 5033,2016/08/15,14:04:54,10.9,7.2,13,0
 5034,2016/08/15,14:05:04,10.1,7.8,13.8,0
 5035,2016/08/15,14:05:15,10,7,14,0
 5036,2016/08/15,14:05:25,10,7.2,14,0
 5037,2016/08/15,14:05:35,10.5,8,14,0
 5038,2016/08/15,14:05:45,10.5,8,14,0
 5039,2016/08/15,14:05:55,10.9,7.2,13.6,0
 5040,2016/08/15,14:06:05,10.5,7,13.8,0
 5041,2016/08/15,14:06:15,10,7.2,14,0
 5042,2016/08/15,14:06:25,10,8,14.4,0
 5043,2016/08/15,14:06:35,9,8,14.5,0
 5044,2016/08/15,14:06:45,9,8,15,0
 5045,2016/08/15,14:06:55,9,8,15,0
 5046,2016/08/15,14:07:05,9.5,8,15,0
 5047,2016/08/15,14:07:16,10,7.2,15,0
 5048,2016/08/15,14:07:26,11,7.5,15,0
 5049,2016/08/15,14:07:36,11,7.7,14.6,0
 5050,2016/08/15,14:07:46,11,8,14,0
 5051,2016/08/15,14:07:56,11,8,14,0
 5052,2016/08/15,14:08:06,10.5,8,14,0
 5053,2016/08/15,14:08:16,10,8,14,0
 5054,2016/08/15,14:08:26,10,8,14.4,0
 5055,2016/08/15,14:08:36,11,8,15,0
 5056,2016/08/15,14:08:46,11,8.5,14.1,0
 5057,2016/08/15,14:08:56,11,8,14.4,0
 5058,2016/08/15,14:09:06,11,8,15,0
 5059,2016/08/15,14:09:16,11,8,15,0
 5060,2016/08/15,14:09:27,11,8.2,14.1,0
 5061,2016/08/15,14:09:37,11,9,14,0
 5062,2016/08/15,14:09:47,10.9,9,14,0
 5063,2016/08/15,14:09:57,10,9,13.6,0
 5064,2016/08/15,14:10:07,10,9,13,0
 5065,2016/08/15,14:10:17,10,8.2,13,0
 5066,2016/08/15,14:10:27,10,8,13.4,0
 5067,2016/08/15,14:10:37,10,8,14,0
 5068,2016/08/15,14:10:47,10,8,14,0
 5069,2016/08/15,14:10:57,10,8,14.5,0
 5070,2016/08/15,14:11:07,10,8,14.9,0
 5071,2016/08/15,14:11:17,10,8,14.5,0
 5072,2016/08/15,14:11:27,10,8,14,0
 5073,2016/08/15,14:11:37,9.5,7.7,14,0
 5074,2016/08/15,14:11:48,9.5,7,14.4,0
 5075,2016/08/15,14:11:58,10,7,15,0
 5076,2016/08/15,14:12:08,9.5,7,14,0
 5077,2016/08/15,14:12:18,9.8,7,14.9,0
 5078,2016/08/15,14:12:28,9.7,7,15,0
 5079,2016/08/15,14:12:38,10,7,15,0
 5080,2016/08/15,14:12:48,10,7,15,0
 5081,2016/08/15,14:12:58,10,7,15,0
 5082,2016/08/15,14:13:08,9.8,7,15,0
 5083,2016/08/15,14:13:18,9.7,7,15,0
 5084,2016/08/15,14:13:28,9.3,7,14,0
 5085,2016/08/15,14:13:38,9,7,14,0
 5086,2016/08/15,14:13:48,9,7.3,14,0
 5087,2016/08/15,14:13:59,9.7,8,14.4,0
 5088,2016/08/15,14:14:09,9.8,8,15,0
 5089,2016/08/15,14:14:19,9,8,14.5,0
 5090,2016/08/15,14:14:29,9,8,14,0
 5091,2016/08/15,14:14:39,9,8,14,0
 5092,2016/08/15,14:14:49,9,8,14,0
 5093,2016/08/15,14:14:59,9,8,14,0
 5094,2016/08/15,14:15:09,9,8.8,14,0
 5095,2016/08/15,14:15:19,9,9,14,0
 5096,2016/08/15,14:15:29,9,9,14.4,0
 5097,2016/08/15,14:15:39,9,9,15,0
 5098,2016/08/15,14:15:49,9,9,15,0
 5099,2016/08/15,14:15:59,9,9,15,0
 5100,2016/08/15,14:16:10,8.2,9,15,0
 5101,2016/08/15,14:16:20,8,9,16,0
 5102,2016/08/15,14:16:30,8,9,14.5,0
 5103,2016/08/15,14:16:40,8,9,14,0
 5104,2016/08/15,14:16:50,8,8.6,14,0
 5105,2016/08/15,14:17:00,8.8,8.8,14,0
 5106,2016/08/15,14:17:10,9,9,14,0
 5107,2016/08/15,14:17:20,9,8.6,14,0
 5108,2016/08/15,14:17:30,8.1,8,14.5,0
 5109,2016/08/15,14:17:40,8,8,15,0
 5110,2016/08/15,14:17:50,8,8,14.5,0
 5111,2016/08/15,14:18:00,8,8,14.5,0
 5112,2016/08/15,14:18:10,8,8,14,0
 5113,2016/08/15,14:18:21,7.5,8,14,0
 5114,2016/08/15,14:18:31,7.1,8,13.5,0
 5115,2016/08/15,14:18:41,7,8,14.5,0
 5116,2016/08/15,14:18:51,7,8,15,0
 5117,2016/08/15,14:19:01,7,8,15,0
 5118,2016/08/15,14:19:11,7,8.5,15,0
 5119,2016/08/15,14:19:21,7,8,15,0
 5120,2016/08/15,14:19:31,6.6,8,15,0
 5121,2016/08/15,14:19:41,6,8,15,0
 5122,2016/08/15,14:19:51,6.4,8,15,0
 5123,2016/08/15,14:20:01,7,8,15,0
 5124,2016/08/15,14:20:11,7,8,15,0
 5125,2016/08/15,14:20:21,7,8.5,15,0
 5126,2016/08/15,14:20:32,7,8,15,0
 5127,2016/08/15,14:20:42,7.4,8.4,15,0
 5128,2016/08/15,14:20:52,8,8.6,15,0
 5129,2016/08/15,14:21:02,8,8.5,14.9,0
 5130,2016/08/15,14:21:12,8,8,13.4,0
 5131,2016/08/15,14:21:22,8,8,13,0
 5132,2016/08/15,14:21:32,8,8,13.5,0
 5133,2016/08/15,14:21:42,8.5,8,14,0
 5134,2016/08/15,14:21:52,8,8,13.9,0
 5135,2016/08/15,14:22:02,8,8,13,0
 5136,2016/08/15,14:22:12,8,8,14,0
 5137,2016/08/15,14:22:22,8,8,14.4,0
 5138,2016/08/15,14:22:33,8,8,14,0
 5139,2016/08/15,14:22:43,8,8,14,0
 5140,2016/08/15,14:22:53,8,8,14,0
 5141,2016/08/15,14:23:03,8,8,14,0
 5142,2016/08/15,14:23:13,7.9,7.6,14,0
 5143,2016/08/15,14:23:23,7.1,7,14,0
 5144,2016/08/15,14:23:33,7.4,7,14,0
 5145,2016/08/15,14:23:43,7,7.5,14,0
 5146,2016/08/15,14:23:53,7,7.4,14.5,0
 5147,2016/08/15,14:24:03,7,8,14,0
 5148,2016/08/15,14:24:13,6.3,8,13.5,0
 5149,2016/08/15,14:24:23,6,8.4,14,0
 5150,2016/08/15,14:24:34,6,9,14.9,0
 5151,2016/08/15,14:24:44,6.1,8.5,13.9,0
 5152,2016/08/15,14:24:54,6.3,8,13,0
 5153,2016/08/15,14:25:04,6,8,13,0
 5154,2016/08/15,14:25:14,6.5,8.9,13,0
 5155,2016/08/15,14:25:24,6.6,9,13,0
 5156,2016/08/15,14:25:34,6.2,9.4,13.6,0
 5157,2016/08/15,14:25:44,6.2,10,14,0
 5158,2016/08/15,14:25:54,7,10,14,0
 5159,2016/08/15,14:26:04,7,10,14,0
 5160,2016/08/15,14:26:14,7,10,14,0
 5161,2016/08/15,14:26:24,7,10,14,0
 5162,2016/08/15,14:26:34,7,10,14.6,0
 5163,2016/08/15,14:26:45,7,9,14.9,0
 5164,2016/08/15,14:26:55,7,9,14.5,0
 5165,2016/08/15,14:27:05,7.3,9,14,0
 5166,2016/08/15,14:27:15,8,9,14,0
 5167,2016/08/15,14:27:25,8,9,14,0
 5168,2016/08/15,14:27:35,8,9.5,14,0
 5169,2016/08/15,14:27:45,8,9,14,0
 5170,2016/08/15,14:27:55,8,9,14,0
 5171,2016/08/15,14:28:05,8,8.5,14,0
 5172,2016/08/15,14:28:15,8,8,14,0
 5173,2016/08/15,14:28:25,8,8,13.5,0
 5174,2016/08/15,14:28:35,8,8,14,0
 5175,2016/08/15,14:28:45,8,8,14.1,0
 5176,2016/08/15,14:28:55,8,8,14.5,0
 5177,2016/08/15,14:29:06,8.3,8,14.4,0
 5178,2016/08/15,14:29:16,9,8,14,0
 5179,2016/08/15,14:29:26,9,8,14.6,0
 5180,2016/08/15,14:29:36,9,8.5,15,0
 5181,2016/08/15,14:29:46,9,8,15,0
 5182,2016/08/15,14:29:56,9,8,15,0
 5183,2016/08/15,14:30:06,9,8,15.1,0
 5184,2016/08/15,14:30:16,9,8,16,0
 5185,2016/08/15,14:30:26,9,8,15.3,0
 5186,2016/08/15,14:30:36,9,8,15,0
 5187,2016/08/15,14:30:46,9.4,8,15,0
 5188,2016/08/15,14:30:56,10,8,15,0
 5189,2016/08/15,14:31:06,10,8,15,0
 5190,2016/08/15,14:31:16,10,8,14.8,0
 5191,2016/08/15,14:31:27,10,8,14,0
 5192,2016/08/15,14:31:37,10,8,14.5,0
 5193,2016/08/15,14:31:47,10,8.5,14,0
 5194,2016/08/15,14:31:57,10,8.5,14,0
 5195,2016/08/15,14:32:07,10,8,13.5,0
 5196,2016/08/15,14:32:17,10,8,13.3,0
 5197,2016/08/15,14:32:27,10,8,13,0
 5198,2016/08/15,14:32:37,10.9,8,12.8,0
 5199,2016/08/15,14:32:47,11,8,12,0
 5200,2016/08/15,14:32:57,11,8,12,0
 5201,2016/08/15,14:33:07,11,8,12.1,0
 5202,2016/08/15,14:33:17,11,8,12.8,0
 5203,2016/08/15,14:33:27,11,8,12,0
 5204,2016/08/15,14:33:37,11,8,12.6,0
 5205,2016/08/15,14:33:47,11,8,12.3,0
 5206,2016/08/15,14:33:58,11,8,12.5,0
 5207,2016/08/15,14:34:08,11,8,12,0
 5208,2016/08/15,14:34:18,11,8,12,0
 5209,2016/08/15,14:34:28,11,8,12,0
 5210,2016/08/15,14:34:38,11,8,12,0
 5211,2016/08/15,14:34:48,11,8,12.2,0
 5212,2016/08/15,14:34:58,10.4,8,13,0
 5213,2016/08/15,14:35:08,10,7.5,13,0
 5214,2016/08/15,14:35:18,10,7.5,13,0
 5215,2016/08/15,14:35:28,10.6,8,13,0
 5216,2016/08/15,14:35:38,10.9,8,13,0
 5217,2016/08/15,14:35:48,10,8,13.7,0
 5218,2016/08/15,14:35:58,10.5,8,14,0
 5219,2016/08/15,14:36:08,10,8,13.3,0
 5220,2016/08/15,14:36:18,10.1,8,13,0
 5221,2016/08/15,14:36:29,11,8,13.7,0
 5222,2016/08/15,14:36:39,11,7.4,14,0
 5223,2016/08/15,14:36:49,11,7,13.8,0
 5224,2016/08/15,14:36:59,11,7,13,0
 5225,2016/08/15,14:37:09,11,7,13,0
 5226,2016/08/15,14:37:19,11,7.5,13,0
 5227,2016/08/15,14:37:29,11,8,13,0
 5228,2016/08/15,14:37:39,11,8,13.7,0
 5229,2016/08/15,14:37:49,10.4,8,14,0
 5230,2016/08/15,14:37:59,10,8,14,0
 5231,2016/08/15,14:38:09,10,8,14,0
 5232,2016/08/15,14:38:19,10,8,14.2,0
 5233,2016/08/15,14:38:29,10,8,14.8,0
 5234,2016/08/15,14:38:39,9.9,8,14.5,0
 5235,2016/08/15,14:38:50,9,7.4,14,0
 5236,2016/08/15,14:39:00,9,7.1,14,0
 5237,2016/08/15,14:39:10,9,8,14,0
 5238,2016/08/15,14:39:20,9,8,14.2,0
 5239,2016/08/15,14:39:30,8.8,8,15,0
 5240,2016/08/15,14:39:40,8,8,15,0
 5241,2016/08/15,14:39:50,8,8.5,15,0
 5242,2016/08/15,14:40:00,8,8.6,14.2,0
 5243,2016/08/15,14:40:10,8,9,14,0
 5244,2016/08/15,14:40:20,8,9,14,0
 5245,2016/08/15,14:40:30,8,9,14,0
 5246,2016/08/15,14:40:40,8,9,13.2,0
 5247,2016/08/15,14:40:50,8,9,13.5,0
 5248,2016/08/15,14:41:00,8,9,13,0
 5249,2016/08/15,14:41:10,7.5,9,13.2,0
 5250,2016/08/15,14:41:21,8,9,14,0
 5251,2016/08/15,14:41:31,8,9,14,0
 5252,2016/08/15,14:41:41,7.8,8.4,14,0
 5253,2016/08/15,14:41:51,7.7,8,14.2,0
 5254,2016/08/15,14:42:01,7.8,8,14.5,0
 5255,2016/08/15,14:42:11,7,8,15,0
 5256,2016/08/15,14:42:21,7,8,15,0
 5257,2016/08/15,14:42:31,6.8,8,15,0
 5258,2016/08/15,14:42:41,6.7,8,15,0
 5259,2016/08/15,14:42:51,7,7.4,15,0
 5260,2016/08/15,14:43:01,7,7,15,0
 5261,2016/08/15,14:43:11,7,7,15,0
 5262,2016/08/15,14:43:22,7,7.1,15,0
 5263,2016/08/15,14:43:32,7,8,15,0
 5264,2016/08/15,14:43:42,7,7.8,14.7,0
 5265,2016/08/15,14:43:52,7,7.6,14,0
 5266,2016/08/15,14:44:02,7,8,14,0
 5267,2016/08/15,14:44:12,7.3,7.8,14,0
 5268,2016/08/15,14:44:22,7.5,7.1,14.8,0
 5269,2016/08/15,14:44:32,8,8,15.8,0
 5270,2016/08/15,14:44:42,8.3,8,15.7,0
 5271,2016/08/15,14:44:52,9,8,15.3,0
 5272,2016/08/15,14:45:02,9.3,8,16,0
 5273,2016/08/15,14:45:12,10,8,16,0
 5274,2016/08/15,14:45:22,10,8,16,0
 5275,2016/08/15,14:45:33,9.5,8,16.8,0
 5276,2016/08/15,14:45:43,10,8.6,17,0
 5277,2016/08/15,14:45:53,10,9,17,0
 5278,2016/08/15,14:46:03,10.8,8.3,17,0
 5279,2016/08/15,14:46:13,10.6,8.6,17,0
 5280,2016/08/15,14:46:23,10.8,9,17.8,0
 5281,2016/08/15,14:46:33,10.6,9,18,0
 5282,2016/08/15,14:46:43,10,8.5,17.2,0
 5283,2016/08/15,14:46:53,10,9,16.2,0
 5284,2016/08/15,14:47:03,9.6,8.3,15.7,0
 5285,2016/08/15,14:47:13,9,8,15,0
 5286,2016/08/15,14:47:23,9,8,15,0
 5287,2016/08/15,14:47:33,9,8,15,0
 5288,2016/08/15,14:47:43,8.6,8,14.5,0
 5289,2016/08/15,14:47:54,8,8.7,15,0
 5290,2016/08/15,14:48:04,8,9,14.2,0
 5291,2016/08/15,14:48:14,8,9,14,0
 5292,2016/08/15,14:48:24,8,9,14,0
 5293,2016/08/15,14:48:34,7.5,9,14,0
 5294,2016/08/15,14:48:44,8,8.8,13.1,0
 5295,2016/08/15,14:48:54,7,8,13,0
 5296,2016/08/15,14:49:04,7.9,8.7,13,0
 5297,2016/08/15,14:49:14,8,9,13,0
 5298,2016/08/15,14:49:24,8,8.8,13,0
 5299,2016/08/15,14:49:34,8,8.2,13,0
 5300,2016/08/15,14:49:44,8,9,13,0
 5301,2016/08/15,14:49:54,8,9,13,0
 5302,2016/08/15,14:50:04,8,9,13,0
 5303,2016/08/15,14:50:14,8,8.8,12.6,0
 5304,2016/08/15,14:50:25,8,8,12,0
 5305,2016/08/15,14:50:35,8,8,12,0
 5306,2016/08/15,14:50:45,8,8,12.3,0
 5307,2016/08/15,14:50:55,8,8,12.1,0
 5308,2016/08/15,14:51:05,8,7.5,12,0
 5309,2016/08/15,14:51:15,7,7.3,12.3,0
 5310,2016/08/15,14:51:25,8,7.7,13,0
 5311,2016/08/15,14:51:35,7,8,13,0
 5312,2016/08/15,14:51:45,7,8,13,0
 5313,2016/08/15,14:51:55,7,8,13,0
 5314,2016/08/15,14:52:05,7,8,13.8,0
 5315,2016/08/15,14:52:15,7,8,14,0
 5316,2016/08/15,14:52:25,7,8,14,0
 5317,2016/08/15,14:52:35,7,8,14,0
 5318,2016/08/15,14:52:46,7,8,14,0
 5319,2016/08/15,14:52:56,7,8,14.8,0
 5320,2016/08/15,14:53:06,7,8,15,0
 5321,2016/08/15,14:53:16,7,8,15.9,0
 5322,2016/08/15,14:53:26,7,8.7,16,0
 5323,2016/08/15,14:53:36,7,8.7,16.9,0
 5324,2016/08/15,14:53:46,7,8.7,16.6,0
 5325,2016/08/15,14:53:56,7,8.7,16,0
 5326,2016/08/15,14:54:06,7,8,16.9,0
 5327,2016/08/15,14:54:16,7.2,8,16.1,0
 5328,2016/08/15,14:54:26,8,8,16,0
 5329,2016/08/15,14:54:36,8,8,15.1,0
 5330,2016/08/15,14:54:46,8,8,15,0
 5331,2016/08/15,14:54:56,8,8,15,0
 5332,2016/08/15,14:55:07,8,8,15,0
 5333,2016/08/15,14:55:17,8,7.7,15,0
 5334,2016/08/15,14:55:27,8.7,7.2,15.4,0
 5335,2016/08/15,14:55:37,9,8,15.5,0
 5336,2016/08/15,14:55:47,9,8,15.1,0
 5337,2016/08/15,14:55:57,9,8.7,15,0
 5338,2016/08/15,14:56:07,9,9,15,0
 5339,2016/08/15,14:56:17,9,9,14.1,0
 5340,2016/08/15,14:56:27,9,9,14,0
 5341,2016/08/15,14:56:37,9,9,14,0
 5342,2016/08/15,14:56:47,8.7,9,14,0
 5343,2016/08/15,14:56:57,8,9,14,0
 5344,2016/08/15,14:57:07,8,9,14.9,0
 5345,2016/08/15,14:57:17,8,9,15,0
 5346,2016/08/15,14:57:28,8,9,15,0
 5347,2016/08/15,14:57:38,8,9,15,0
 5348,2016/08/15,14:57:48,8,9,15.9,0
 5349,2016/08/15,14:57:58,7.7,9.5,15,0
 5350,2016/08/15,14:58:08,7.8,9,15,0
 5351,2016/08/15,14:58:18,8,9,14,0
 5352,2016/08/15,14:58:28,8,9,14,0
 5353,2016/08/15,14:58:38,8,9,14,0
 5354,2016/08/15,14:58:48,8,8.7,14.4,0
 5355,2016/08/15,14:58:58,8,8,15,0
 5356,2016/08/15,14:59:08,8,8.3,15.9,0
 5357,2016/08/15,14:59:18,8,9,16,0
 5358,2016/08/15,14:59:28,8,8.2,15,0
 5359,2016/08/15,14:59:39,8.3,8,15,0
 5360,2016/08/15,14:59:49,9,8,15,0
 5361,2016/08/15,14:59:59,9,8,15,0
 5362,2016/08/15,15:00:09,9.3,7.7,14.5,0
 5363,2016/08/15,15:00:19,10,7,13.5,0
 5364,2016/08/15,15:00:29,10,7,13.5,0
 5365,2016/08/15,15:00:39,10,7,13.9,0
 5366,2016/08/15,15:00:49,10,7,14,0
 5367,2016/08/15,15:00:59,10,7,14.5,0
 5368,2016/08/15,15:01:09,10,7,14,0
 5369,2016/08/15,15:01:19,10,7.8,14,0
 5370,2016/08/15,15:01:29,9.5,8,14.4,0
 5371,2016/08/15,15:01:39,10,8,15,0
 5372,2016/08/15,15:01:50,10,8,14,0
 5373,2016/08/15,15:02:00,10,8,14,0
 5374,2016/08/15,15:02:10,10,8,14,0
 5375,2016/08/15,15:02:20,10,8,14,0
 5376,2016/08/15,15:02:30,10,8,14,0
 5377,2016/08/15,15:02:40,10,8,14,0
 5378,2016/08/15,15:02:50,9.6,8.3,14,0
 5379,2016/08/15,15:03:00,9.4,8.5,14,0
 5380,2016/08/15,15:03:10,10,9,13.5,0
 5381,2016/08/15,15:03:20,10,9,13,0
 5382,2016/08/15,15:03:30,10,8.5,13,0
 5383,2016/08/15,15:03:40,10,8.6,13,0
 5384,2016/08/15,15:03:50,10,8,13.5,0
 5385,2016/08/15,15:04:01,10,8,13,0
 5386,2016/08/15,15:04:11,10,8,13,0
 5387,2016/08/15,15:04:21,9,8,13,0
 5388,2016/08/15,15:04:31,9,8.3,13,0
 5389,2016/08/15,15:04:41,9,9,13,0
 5390,2016/08/15,15:04:51,9,9,13,0
 5391,2016/08/15,15:05:01,9,9,14,0
 5392,2016/08/15,15:05:11,9.5,9,14.5,0
 5393,2016/08/15,15:05:21,9,8.6,14.5,0
 5394,2016/08/15,15:05:31,9,8.8,14.5,0
 5395,2016/08/15,15:05:41,9,9,15,0
 5396,2016/08/15,15:05:51,9,9,15,0
 5397,2016/08/15,15:06:02,8.5,9,15,0
 5398,2016/08/15,15:06:12,8,9,14.5,0
 5399,2016/08/15,15:06:22,7.5,9,14.5,0
 5400,2016/08/15,15:06:32,7,9,14.5,0
 5401,2016/08/15,15:06:42,7,9,15,0
 5402,2016/08/15,15:06:52,7,8.1,14.5,0
 5403,2016/08/15,15:07:02,7,8,15,0
 5404,2016/08/15,15:07:12,6,8,15,0
 5405,2016/08/15,15:07:22,6,8,14.9,0
 5406,2016/08/15,15:07:32,6,8,14.5,0
 5407,2016/08/15,15:07:42,5.7,8,14.4,0
 5408,2016/08/15,15:07:52,6,8,14,0
 5409,2016/08/15,15:08:03,6,8,14,0
 5410,2016/08/15,15:08:13,6,8,15,0
 5411,2016/08/15,15:08:23,6,8,15,0
 5412,2016/08/15,15:08:33,6,8,15,0
 5413,2016/08/15,15:08:43,6,7.1,15,0
 5414,2016/08/15,15:08:53,6.6,7,15.5,0
 5415,2016/08/15,15:09:03,7,7,15,0
 5416,2016/08/15,15:09:13,7,7,15.5,0
 5417,2016/08/15,15:09:23,7,7,16,0
 5418,2016/08/15,15:09:33,7,7,16,0
 5419,2016/08/15,15:09:43,7,7,16,0
 5420,2016/08/15,15:09:53,7,7,15.4,0
 5421,2016/08/15,15:10:04,7,7,15,0
 5422,2016/08/15,15:10:14,7,7,15,0
 5423,2016/08/15,15:10:24,7,7,15.5,0
 5424,2016/08/15,15:10:34,7,7.4,15.5,0
 5425,2016/08/15,15:10:44,7,8,15,0
 5426,2016/08/15,15:10:54,6.5,8,15,0
 5427,2016/08/15,15:11:04,6.3,8,15,0
 5428,2016/08/15,15:11:14,6,8,15,0
 5429,2016/08/15,15:11:24,6.1,8,14.5,0
 5430,2016/08/15,15:11:34,7,8,14.4,0
 5431,2016/08/15,15:11:44,7,8,13.9,0
 5432,2016/08/15,15:11:54,7,8,13.1,0
 5433,2016/08/15,15:12:04,6.3,8,14,0
 5434,2016/08/15,15:12:15,6,8.5,14,0
 5435,2016/08/15,15:12:25,6.2,8,14,0
 5436,2016/08/15,15:12:35,6.2,8,14,0
 5437,2016/08/15,15:12:45,6.2,8,14,0
 5438,2016/08/15,15:12:55,6.7,8,14,0
 5439,2016/08/15,15:13:05,6,8.5,13.4,0
 5440,2016/08/15,15:13:15,6.3,8.5,13.6,0
 5441,2016/08/15,15:13:25,7,8,13.4,0
 5442,2016/08/15,15:13:35,7,8,13,0
 5443,2016/08/15,15:13:45,7,8,13,0
 5444,2016/08/15,15:13:55,7,8,13,0
 5445,2016/08/15,15:14:05,7.8,8,13,0
 5446,2016/08/15,15:14:16,8,8,13,0
 5447,2016/08/15,15:14:26,7.6,8,13.5,0
 5448,2016/08/15,15:14:36,7.8,8,13,0
 5449,2016/08/15,15:14:46,8,8.4,13,0
 5450,2016/08/15,15:14:56,8,9,13,0
 5451,2016/08/15,15:15:06,8,9,13,0
 5452,2016/08/15,15:15:16,8,9,13,0
 5453,2016/08/15,15:15:26,7.6,8,13,0
 5454,2016/08/15,15:15:36,8.4,8,13,0
 5455,2016/08/15,15:15:46,8.6,8,13.6,0
 5456,2016/08/15,15:15:56,8.4,8,14,0
 5457,2016/08/15,15:16:06,8.5,8,14,0
 5458,2016/08/15,15:16:17,8.5,8,14,0
 5459,2016/08/15,15:16:27,9,8,14,0
 5460,2016/08/15,15:16:37,8,8,14.6,0
 5461,2016/08/15,15:16:47,8,8,15,0
 5462,2016/08/15,15:16:57,8,8,14.5,0
 5463,2016/08/15,15:17:07,8,8,15,0
 5464,2016/08/15,15:17:17,8,8,15,0
 5465,2016/08/15,15:17:27,8,7,15.1,0
 5466,2016/08/15,15:17:37,8,7,16,0
 5467,2016/08/15,15:17:47,7,7,16,0
 5468,2016/08/15,15:17:57,7,7,16,0
 5469,2016/08/15,15:18:07,7.5,7,16,0
 5470,2016/08/15,15:18:18,8,7.5,15.3,0
 5471,2016/08/15,15:18:28,7.5,8,15,0
 5472,2016/08/15,15:18:38,7,8,15,0
 5473,2016/08/15,15:18:48,7,8,15,0
 5474,2016/08/15,15:18:58,7,8,15,0
 5475,2016/08/15,15:19:08,7,8,15,0
 5476,2016/08/15,15:19:18,7,8.5,15,0
 5477,2016/08/15,15:19:28,7,9,15,0
 5478,2016/08/15,15:19:38,7,8.5,15,0
 5479,2016/08/15,15:19:48,7.5,8.5,15,0
 5480,2016/08/15,15:19:58,7.4,9,14.3,0
 5481,2016/08/15,15:20:08,7.1,9,13.8,0
 5482,2016/08/15,15:20:19,8,9,13,0
 5483,2016/08/15,15:20:29,8,9,13,0
 5484,2016/08/15,15:20:39,8,9,13,0
 5485,2016/08/15,15:20:49,8,9,13,0
 5486,2016/08/15,15:20:59,8,9,13.1,0
 5487,2016/08/15,15:21:09,7.8,8.5,14,0
 5488,2016/08/15,15:21:19,7,9,14,0
 5489,2016/08/15,15:21:29,7,9,14,0
 5490,2016/08/15,15:21:39,7,9,14,0
 5491,2016/08/15,15:21:49,7,9,14,0
 5492,2016/08/15,15:21:59,7,9,14,0
 5493,2016/08/15,15:22:09,7,9.5,14,0
 5494,2016/08/15,15:22:20,7,10,14.5,0
 5495,2016/08/15,15:22:30,7.7,10,14,0
 5496,2016/08/15,15:22:40,8,10,14,0
 5497,2016/08/15,15:22:50,7.8,9.5,14.7,0
 5498,2016/08/15,15:23:00,7.5,10,15,0
 5499,2016/08/15,15:23:10,7,10,15,0
 5500,2016/08/15,15:23:20,7,10,15.7,0
 5501,2016/08/15,15:23:30,7,10,15.3,0
 5502,2016/08/15,15:23:40,7.7,10,15,0
 5503,2016/08/15,15:23:50,8,10,15,0
 5504,2016/08/15,15:24:00,8.2,11,15,0
 5505,2016/08/15,15:24:10,9,12.5,15,0
 5506,2016/08/15,15:24:20,9,13,15,0
 5507,2016/08/15,15:24:31,9,13.5,15,0
 5508,2016/08/15,15:24:41,9,14,14.3,0
 5509,2016/08/15,15:24:51,8.2,14,14.7,0
 5510,2016/08/15,15:25:01,8,15,15,0
 5511,2016/08/15,15:25:11,8,15,15,0
 5512,2016/08/15,15:25:21,8,15,15,0
 5513,2016/08/15,15:25:31,8,15,15,0
 5514,2016/08/15,15:25:41,8,15.1,15,0
 5515,2016/08/15,15:25:51,8,16,15,0
 5516,2016/08/15,15:26:01,7.6,15.4,15.2,0
 5517,2016/08/15,15:26:11,7,15.1,15.7,0
 5518,2016/08/15,15:26:21,7,15.4,15.7,0
 5519,2016/08/15,15:26:31,7,14.4,16,0
 5520,2016/08/15,15:26:41,7,13.3,16,0
 5521,2016/08/15,15:26:52,7,12,16,0
 5522,2016/08/15,15:27:02,7,12,16.7,0
 5523,2016/08/15,15:27:12,7,12,17,0
 5524,2016/08/15,15:27:22,7,12,16.2,0
 5525,2016/08/15,15:27:32,7.4,11.9,16,0
 5526,2016/08/15,15:27:42,7.5,11,16,0
 5527,2016/08/15,15:27:52,8,11,16,0
 5528,2016/08/15,15:28:02,8,10.4,16,0
 5529,2016/08/15,15:28:12,8,9.9,16,0
 5530,2016/08/15,15:28:22,8.9,9,16,0
 5531,2016/08/15,15:28:32,9,9,16,0
 5532,2016/08/15,15:28:42,9,9,16,0
 5533,2016/08/15,15:28:52,9.9,9,16,0
 5534,2016/08/15,15:29:02,10,8.9,15.2,0
 5535,2016/08/15,15:29:12,9.5,8.1,15,0
 5536,2016/08/15,15:29:23,9.5,8.4,15.5,0
 5537,2016/08/15,15:29:33,9.9,7.9,15,0
 5538,2016/08/15,15:29:43,11.9,7,15,0
 5539,2016/08/15,15:29:53,12,7,15,0
 5540,2016/08/15,15:30:03,12,7,15,0
 5541,2016/08/15,15:30:13,12,7.5,15,0
 5542,2016/08/15,15:30:23,12.5,7.6,15,0
 5543,2016/08/15,15:30:33,12.4,8,15,0
 5544,2016/08/15,15:30:43,12.5,8,15,0
 5545,2016/08/15,15:30:53,12.5,8,15,0
 5546,2016/08/15,15:31:03,13,8.5,15.3,0
 5547,2016/08/15,15:31:13,12.9,8,15.5,0
 5548,2016/08/15,15:31:23,12,8,16,0
 5549,2016/08/15,15:31:33,12,8,16,0
 5550,2016/08/15,15:31:44,12,8.5,16,0
 5551,2016/08/15,15:31:54,11.9,8.6,15.5,0
 5552,2016/08/15,15:32:04,10.9,8.5,16,0
 5553,2016/08/15,15:32:14,9,8.8,16,0
 5554,2016/08/15,15:32:24,9.4,8.6,16,0
 5555,2016/08/15,15:32:34,9,9,16,0
 5556,2016/08/15,15:32:44,9,8.5,15.7,0
 5557,2016/08/15,15:32:54,8.9,9,15.8,0
 5558,2016/08/15,15:33:04,8.1,9,16,0
 5559,2016/08/15,15:33:14,8.4,9,16.3,0
 5560,2016/08/15,15:33:24,8,9,17,0
 5561,2016/08/15,15:33:34,7.9,9,16.2,0
 5562,2016/08/15,15:33:44,7.1,9,15.7,0
 5563,2016/08/15,15:33:55,8,9,15,0
 5564,2016/08/15,15:34:05,8,9.1,15,0
 5565,2016/08/15,15:34:15,8,10,15,0
 5566,2016/08/15,15:34:25,8,10.2,15,0
 5567,2016/08/15,15:34:35,8,11,14.7,0
 5568,2016/08/15,15:34:45,8,11,14.5,0
 5569,2016/08/15,15:34:55,7.8,11,14.3,0
 5570,2016/08/15,15:35:05,7,11,15,0
 5571,2016/08/15,15:35:15,7,11,15,0
 5572,2016/08/15,15:35:25,7,10.8,15,0
 5573,2016/08/15,15:35:35,7.7,10,15,0
 5574,2016/08/15,15:35:45,8,10,15.5,0
 5575,2016/08/15,15:35:55,8,10,15.8,0
 5576,2016/08/15,15:36:05,8,10.7,16.8,0
 5577,2016/08/15,15:36:16,8,11,17,0
 5578,2016/08/15,15:36:26,8,11,17,0
 5579,2016/08/15,15:36:36,7.3,11,17,0
 5580,2016/08/15,15:36:46,7.7,10.8,17,0
 5581,2016/08/15,15:36:56,8,10,16.6,0
 5582,2016/08/15,15:37:06,8.2,10,16.8,0
 5583,2016/08/15,15:37:16,9,10,17,0
 5584,2016/08/15,15:37:26,9.7,10,16.6,0
 5585,2016/08/15,15:37:36,9.7,10,16,0
 5586,2016/08/15,15:37:46,9.7,10,16.3,0
 5587,2016/08/15,15:37:56,10,10,16.6,0
 5588,2016/08/15,15:38:06,10,10.7,16.3,0
 5589,2016/08/15,15:38:16,10,11,16.1,0
 5590,2016/08/15,15:38:26,10,11,16,0
 5591,2016/08/15,15:38:37,10,10.3,15.6,0
 5592,2016/08/15,15:38:47,10,10,15,0
 5593,2016/08/15,15:38:57,10,10,15.8,0
 5594,2016/08/15,15:39:07,10,10,16.3,0
 5595,2016/08/15,15:39:17,10.2,10,17,0
 5596,2016/08/15,15:39:27,11,9.2,17,0
 5597,2016/08/15,15:39:37,11,9.2,17,0
 5598,2016/08/15,15:39:47,10.5,10,17.4,0
 5599,2016/08/15,15:39:57,10.6,10,17.9,0
 5600,2016/08/15,15:40:07,10.8,10,17.1,0
 5601,2016/08/15,15:40:17,10.1,9.2,16.6,0
 5602,2016/08/15,15:40:27,10,9.7,16,0
 5603,2016/08/15,15:40:37,10,9.2,16,0
 5604,2016/08/15,15:40:47,10,9,16,0
 5605,2016/08/15,15:40:58,10,9,15.5,0
 5606,2016/08/15,15:41:08,9.1,9,15.1,0
 5607,2016/08/15,15:41:18,9,9,15.9,0
 5608,2016/08/15,15:41:28,9,9,15.6,0
 5609,2016/08/15,15:41:38,9,9,15,0
 5610,2016/08/15,15:41:48,7.7,9,15,0
 5611,2016/08/15,15:41:58,7.9,9.2,15,0
 5612,2016/08/15,15:42:08,8,9.2,15,0
 5613,2016/08/15,15:42:18,8,9,15,0
 5614,2016/08/15,15:42:28,8,9.2,15,0
 5615,2016/08/15,15:42:38,8.4,9.2,15.9,0
 5616,2016/08/15,15:42:48,9,9,16,0
 5617,2016/08/15,15:42:58,9,9,16,0
 5618,2016/08/15,15:43:08,9.5,9,15.6,0
 5619,2016/08/15,15:43:18,9.9,8.2,15.9,0
 5620,2016/08/15,15:43:29,10,8.7,15.6,0
 5621,2016/08/15,15:43:39,10.9,8.5,15.9,0
 5622,2016/08/15,15:43:49,11,10,15.1,0
 5623,2016/08/15,15:43:59,11.4,11,15.9,0
 5624,2016/08/15,15:44:09,12,11.3,16,0
 5625,2016/08/15,15:44:19,12,12,15.1,0
 5626,2016/08/15,15:44:29,12,11.2,15,0
 5627,2016/08/15,15:44:39,12,11,15.4,0
 5628,2016/08/15,15:44:49,12,11,16,0
 5629,2016/08/15,15:44:59,11,11,16,0
 5630,2016/08/15,15:45:09,11,11,16,0
 5631,2016/08/15,15:45:19,11,11,16.4,0
 5632,2016/08/15,15:45:29,10,11,17,0
 5633,2016/08/15,15:45:39,10,11,17,0
 5634,2016/08/15,15:45:50,10,11,17.4,0
 5635,2016/08/15,15:46:00,9.9,11,18,0
 5636,2016/08/15,15:46:10,9,10.7,18.4,0
 5637,2016/08/15,15:46:20,9,8.9,19,0
 5638,2016/08/15,15:46:30,9.6,8,18,0
 5639,2016/08/15,15:46:40,9.4,7.2,18.4,0
 5640,2016/08/15,15:46:50,9,7,19,0
 5641,2016/08/15,15:47:00,9.5,7,19.4,0
 5642,2016/08/15,15:47:10,9,7,20,0
 5643,2016/08/15,15:47:20,9.6,7,20,0
 5644,2016/08/15,15:47:30,10,7,20,0
 5645,2016/08/15,15:47:40,10,7,20,0
 5646,2016/08/15,15:47:50,10,7,20,0
 5647,2016/08/15,15:48:00,10,7,20.4,0
 5648,2016/08/15,15:48:11,10,7,20,0
 5649,2016/08/15,15:48:21,9.3,7,20.9,0
 5650,2016/08/15,15:48:31,9.5,7,20,0
 5651,2016/08/15,15:48:41,9,7,20,0
 5652,2016/08/15,15:48:51,9.6,7,20,0
 5653,2016/08/15,15:49:01,10.6,7.8,20,0
 5654,2016/08/15,15:49:11,11,8,21,0
 5655,2016/08/15,15:49:21,11,8,21,0
 5656,2016/08/15,15:49:31,11,8,21,0
 5657,2016/08/15,15:49:41,10.8,8,21,0
 5658,2016/08/15,15:49:51,10,8,21,0
 5659,2016/08/15,15:50:01,10,8,21,0
 5660,2016/08/15,15:50:11,10,8.8,21,0
 5661,2016/08/15,15:50:21,10,9,21,0
 5662,2016/08/15,15:50:31,10.7,9,20.5,0
 5663,2016/08/15,15:50:42,11,9,20.5,0
 5664,2016/08/15,15:50:52,11,9.8,20,0
 5665,2016/08/15,15:51:02,10.5,10,20,0
 5666,2016/08/15,15:51:12,11,10,20.5,0
 5667,2016/08/15,15:51:22,10.2,10,20.5,0
 5668,2016/08/15,15:51:32,9.2,10,20,0
 5669,2016/08/15,15:51:42,9,9.6,19,0
 5670,2016/08/15,15:51:52,8.7,9.8,19,0
 5671,2016/08/15,15:52:02,8.7,9.5,19,0
 5672,2016/08/15,15:52:12,9,9.6,19,0
 5673,2016/08/15,15:52:22,9,9,19,0
 5674,2016/08/15,15:52:32,9,9,19,0
 5675,2016/08/15,15:52:42,8.5,9,19,0
 5676,2016/08/15,15:52:52,9,9,18.5,0
 5677,2016/08/15,15:53:03,9,9,18,0
 5678,2016/08/15,15:53:13,9,9,18,0
 5679,2016/08/15,15:53:23,9.3,8.1,19.5,0
 5680,2016/08/15,15:53:33,10,8,19.5,0
 5681,2016/08/15,15:53:43,9.2,7.6,19.9,0
 5682,2016/08/15,15:53:53,9,7,19.6,0
 5683,2016/08/15,15:54:03,9,7.4,21,0
 5684,2016/08/15,15:54:13,9.3,8,21.5,0
 5685,2016/08/15,15:54:23,10,8,21,0
 5686,2016/08/15,15:54:33,9.1,8,21,0
 5687,2016/08/15,15:54:43,9,8,21,0
 5688,2016/08/15,15:54:53,9.8,8,21.5,0
 5689,2016/08/15,15:55:03,10,8,22,0
 5690,2016/08/15,15:55:13,9.6,8.9,21.5,0
 5691,2016/08/15,15:55:24,9.9,9,22,0
 5692,2016/08/15,15:55:34,9.6,9,22.5,0
 5693,2016/08/15,15:55:44,9,9.4,22.9,0
 5694,2016/08/15,15:55:54,9.4,10,22,0
 5695,2016/08/15,15:56:04,10,10,22,0
 5696,2016/08/15,15:56:14,10,10,22,0
 5697,2016/08/15,15:56:24,10,10,21.9,0
 5698,2016/08/15,15:56:34,10,10,20.4,0
 5699,2016/08/15,15:56:44,10,10,20,0
 5700,2016/08/15,15:56:54,10,9.6,20,0
 5701,2016/08/15,15:57:04,10,9,20,0
 5702,2016/08/15,15:57:14,10,9,20,0
 5703,2016/08/15,15:57:24,10,9.5,19.4,0
 5704,2016/08/15,15:57:35,10,9,19,0
 5705,2016/08/15,15:57:45,10,9,19,0
 5706,2016/08/15,15:57:55,10,9,19,0
 5707,2016/08/15,15:58:05,10.9,9,18.4,0
 5708,2016/08/15,15:58:15,10.5,9,18,0
 5709,2016/08/15,15:58:25,10,8.5,18,0
 5710,2016/08/15,15:58:35,10,8.9,18,0
 5711,2016/08/15,15:58:45,10.5,9,18,0
 5712,2016/08/15,15:58:55,10,9,18.1,0
 5713,2016/08/15,15:59:05,10,9,19.1,0
 5714,2016/08/15,15:59:15,10,9,19.5,0
 5715,2016/08/15,15:59:25,10,9,19.9,0
 5716,2016/08/15,15:59:35,10.5,9,19,0
 5717,2016/08/15,15:59:46,11,9,19,0
 5718,2016/08/15,15:59:56,11,9,19.6,0
 5719,2016/08/15,16:00:06,11,9,19.4,0
 5720,2016/08/15,16:00:16,11,9,19.6,0
 5721,2016/08/15,16:00:26,11,9,20,0
 5722,2016/08/15,16:00:36,10.5,8.5,20,0
 5723,2016/08/15,16:00:46,10,8.5,20,0
 5724,2016/08/15,16:00:56,9.5,8.9,20,0
 5725,2016/08/15,16:01:06,9,9,20,0
 5726,2016/08/15,16:01:16,9,9,20.6,0
 5727,2016/08/15,16:01:26,9,8.5,21.5,0
 5728,2016/08/15,16:01:36,8.9,8.9,20.9,0
 5729,2016/08/15,16:01:46,8,9,19.9,0
 5730,2016/08/15,16:01:57,8,9,19.7,0
 5731,2016/08/15,16:02:07,8,9,20.9,0
 5732,2016/08/15,16:02:17,8,9,20.1,0
 5733,2016/08/15,16:02:27,8,9,20.3,0
 5734,2016/08/15,16:02:37,8,9.5,19.6,0
 5735,2016/08/15,16:02:47,8,9.5,19.5,0
 5736,2016/08/15,16:02:57,7.4,10,19.4,0
 5737,2016/08/15,16:03:07,7.1,10,19,0
 5738,2016/08/15,16:03:17,8,10,19.6,0
 5739,2016/08/15,16:03:27,8,11,19.3,0
 5740,2016/08/15,16:03:37,8,11,19.6,0
 5741,2016/08/15,16:03:47,8,11,20,0
 5742,2016/08/15,16:03:57,8,11,19.3,0
 5743,2016/08/15,16:04:08,8.1,11,19,0
 5744,2016/08/15,16:04:18,8.5,10,19,0
 5745,2016/08/15,16:04:28,8.8,10,19,0
 5746,2016/08/15,16:04:38,8.6,10,18.5,0
 5747,2016/08/15,16:04:48,9,10,19,0
 5748,2016/08/15,16:04:58,8.3,10,19,0
 5749,2016/08/15,16:05:08,8,9.5,19,0
 5750,2016/08/15,16:05:18,8.5,9,19.1,0
 5751,2016/08/15,16:05:28,8.7,9,20.1,0
 5752,2016/08/15,16:05:38,8.3,9.5,21,0
 5753,2016/08/15,16:05:48,8,9,20.8,0
 5754,2016/08/15,16:05:58,8,8,20.6,0
 5755,2016/08/15,16:06:08,8,8,20.8,0
 5756,2016/08/15,16:06:19,8.7,8,19.3,0
 5757,2016/08/15,16:06:29,9,8,19,0
 5758,2016/08/15,16:06:39,9,8.5,19,0
 5759,2016/08/15,16:06:49,9,9,19,0
 5760,2016/08/15,16:06:59,9,9,19,0
 5761,2016/08/15,16:07:09,9,9,19,0
 5762,2016/08/15,16:07:19,9,9,18.5,0
 5763,2016/08/15,16:07:29,9.7,9,19,0
 5764,2016/08/15,16:07:39,10,9,19,0
 5765,2016/08/15,16:07:49,10,9,18.8,0
 5766,2016/08/15,16:07:59,10,9,18,0
 5767,2016/08/15,16:08:09,10,9.5,17.3,0
 5768,2016/08/15,16:08:20,10,10,16.5,0
 5769,2016/08/15,16:08:30,10,10,17,0
 5770,2016/08/15,16:08:40,10,10,17,0
 5771,2016/08/15,16:08:50,10,10,17,0
 5772,2016/08/15,16:09:00,10.8,9.4,17.7,0
 5773,2016/08/15,16:09:10,11,9,18,0
 5774,2016/08/15,16:09:20,11,9,18,0
 5775,2016/08/15,16:09:30,11,9,18.2,0
 5776,2016/08/15,16:09:40,11,9,18.8,0
 5777,2016/08/15,16:09:50,10.6,9,18,0
 5778,2016/08/15,16:10:00,10,9,17.3,0
 5779,2016/08/15,16:10:10,10.3,9,17.7,0
 5780,2016/08/15,16:10:20,11,9,18,0
 5781,2016/08/15,16:10:31,11,8.9,18,0
 5782,2016/08/15,16:10:41,10.1,8,18,0
 5783,2016/08/15,16:10:51,10,8,18.5,0
 5784,2016/08/15,16:11:01,10,8,18,0
 5785,2016/08/15,16:11:11,9.1,8,18,0
 5786,2016/08/15,16:11:21,9.9,8,17.3,0
 5787,2016/08/15,16:11:31,9.1,8,17.2,0
 5788,2016/08/15,16:11:41,9,8,17.8,0
 5789,2016/08/15,16:11:51,9,8,17.2,0
 5790,2016/08/15,16:12:01,9,8,17.3,0
 5791,2016/08/15,16:12:11,9,8.1,17,0
 5792,2016/08/15,16:12:21,9,8.5,17.7,0
 5793,2016/08/15,16:12:31,9.5,9,17.7,0
 5794,2016/08/15,16:12:42,9,9,17,0
 5795,2016/08/15,16:12:52,9,9,17,0
 5796,2016/08/15,16:13:02,9,9,16.2,0
 5797,2016/08/15,16:13:12,9,9,16.5,0
 5798,2016/08/15,16:13:22,9.5,9.1,16,0
 5799,2016/08/15,16:13:32,10,10,16,0
 5800,2016/08/15,16:13:42,10,10,17,0
 5801,2016/08/15,16:13:52,10,10,18,0
 5802,2016/08/15,16:14:02,10,10,17.2,0
 5803,2016/08/15,16:14:12,9.5,10.1,17.2,0
 5804,2016/08/15,16:14:22,9,11,17.2,0
 5805,2016/08/15,16:14:32,10,11,17,0
 5806,2016/08/15,16:14:42,9,11,17,0
 5807,2016/08/15,16:14:52,9,11,17.5,0
 5808,2016/08/15,16:15:03,9,11,17.2,0
 5809,2016/08/15,16:15:13,9,11.1,18,0
 5810,2016/08/15,16:15:23,9,11.4,18.7,0
 5811,2016/08/15,16:15:33,9.5,11.6,19,0
 5812,2016/08/15,16:15:43,9,12,19,0
 5813,2016/08/15,16:15:53,9,12,19,0
 5814,2016/08/15,16:16:03,9.5,12,19,0
 5815,2016/08/15,16:16:13,9,12.5,18.5,0
 5816,2016/08/15,16:16:23,9,12,18.5,0
 5817,2016/08/15,16:16:33,10,12,19,0
 5818,2016/08/15,16:16:44,9.4,12,19.2,0
 5819,2016/08/15,16:16:54,9,12,20,0
 5820,2016/08/15,16:17:04,9,11.3,20,0
 5821,2016/08/15,16:17:14,9,11,19.7,0
 5822,2016/08/15,16:17:24,9,11,18.5,0
 5823,2016/08/15,16:17:34,9,11,19,0
 5824,2016/08/15,16:17:44,8.3,11,18.2,0
 5825,2016/08/15,16:17:54,8.6,11,18,0
 5826,2016/08/15,16:18:05,9,11,18.8,0
 5827,2016/08/15,16:18:15,9,10.8,19,0
 5828,2016/08/15,16:18:25,9,10,18.7,0
 5829,2016/08/15,16:18:35,9,10,18,0
 5830,2016/08/15,16:18:45,9,9.5,17.7,0
 5831,2016/08/15,16:18:55,9,10,16.7,0
 5832,2016/08/15,16:19:05,9,10,16,0
 5833,2016/08/15,16:19:15,9.1,10,15.7,0
 5834,2016/08/15,16:19:25,10,10,15,0
 5835,2016/08/15,16:19:36,10,10,15,0
 5836,2016/08/15,16:19:46,10,10.6,15.3,0
 5837,2016/08/15,16:19:56,10,11,16,0
 5838,2016/08/15,16:20:06,10,10.3,15.2,0
 5839,2016/08/15,16:20:16,10.7,10,15,0
 5840,2016/08/15,16:20:26,11,9.8,15,0
 5841,2016/08/15,16:20:36,11,9,13.9,0
 5842,2016/08/15,16:20:46,11,9,13.8,0
 5843,2016/08/15,16:20:57,11.2,9,14.8,0
 5844,2016/08/15,16:21:07,12,9,15.8,0
 5845,2016/08/15,16:21:17,12,9,16,0
 5846,2016/08/15,16:21:27,12,9,16,0
 5847,2016/08/15,16:21:37,12.4,9,16.3,0
 5848,2016/08/15,16:21:47,12,9,17,0
 5849,2016/08/15,16:21:57,12,9,17,0
 5850,2016/08/15,16:22:07,12.3,9,17.8,0
 5851,2016/08/15,16:22:17,13,9,17.5,0
 5852,2016/08/15,16:22:28,13,9,18,0
 5853,2016/08/15,16:22:38,13.9,9,18,0
 5854,2016/08/15,16:22:48,13.1,9,18.8,0
 5855,2016/08/15,16:22:58,13,9.2,19,0
 5856,2016/08/15,16:23:08,13,10,19,0
 5857,2016/08/15,16:23:18,13,10,18.1,0
 5858,2016/08/15,16:23:28,12,10,18,0
 5859,2016/08/15,16:23:38,12,10,18,0
 5860,2016/08/15,16:23:49,12,10,18,0
 5861,2016/08/15,16:23:59,12,9.8,18,0
 5862,2016/08/15,16:24:09,11.5,9,17.6,0
 5863,2016/08/15,16:24:19,11.5,9,17.8,0
 5864,2016/08/15,16:24:29,11,9.7,18,0
 5865,2016/08/15,16:24:39,11,9.5,18,0
 5866,2016/08/15,16:24:49,10.5,10,18.8,0
 5867,2016/08/15,16:24:59,10,10,18.1,0
 5868,2016/08/15,16:25:09,10,10,18,0
 5869,2016/08/15,16:25:20,10,9.8,17.6,0
 5870,2016/08/15,16:25:30,9.4,9,18.2,0
 5871,2016/08/15,16:25:40,9,9,19.3,0
 5872,2016/08/15,16:25:50,9,9,20,0
 5873,2016/08/15,16:26:00,9.4,9,20,0
 5874,2016/08/15,16:26:10,9,9,20,0
 5875,2016/08/15,16:26:20,9,9,19.6,0
 5876,2016/08/15,16:26:30,9,9,19.4,0
 5877,2016/08/15,16:26:41,9,9,20,0
 5878,2016/08/15,16:26:51,9,9,20,0
 5879,2016/08/15,16:27:01,9,8.2,20,0
 5880,2016/08/15,16:27:11,9,8,20.4,0
 5881,2016/08/15,16:27:21,9,8,20.1,0
 5882,2016/08/15,16:27:31,9,8,20,0
 5883,2016/08/15,16:27:41,9,8,20,0
 5884,2016/08/15,16:27:51,9,8.7,20,0
 5885,2016/08/15,16:28:02,9.5,8.2,19.6,0
 5886,2016/08/15,16:28:12,9,8,19,0
 5887,2016/08/15,16:28:22,9,8,19,0
 5888,2016/08/15,16:28:32,9,8,19,0
 5889,2016/08/15,16:28:42,9,8,19,0
 5890,2016/08/15,16:28:52,9,8,19,0
 5891,2016/08/15,16:29:02,9,8,19.9,0
 5892,2016/08/15,16:29:12,9,8,20,0
 5893,2016/08/15,16:29:22,9,8,19.1,0
 5894,2016/08/15,16:29:33,9.8,8,19,0
 5895,2016/08/15,16:29:43,10,8,19,0
 5896,2016/08/15,16:29:53,10,8,18.1,0
 5897,2016/08/15,16:30:03,10,8,18,0
 5898,2016/08/15,16:30:13,10,8,17.1,0
 5899,2016/08/15,16:30:23,9.5,8,17,0
 5900,2016/08/15,16:30:33,9.5,8,17.9,0
 5901,2016/08/15,16:30:43,10,8,17.1,0
 5902,2016/08/15,16:30:54,10,8,17,0
 5903,2016/08/15,16:31:04,10,8,16.5,0
 5904,2016/08/15,16:31:14,10,8,17,0
 5905,2016/08/15,16:31:24,10,8,17,0
 5906,2016/08/15,16:31:34,10,8,17,0
 5907,2016/08/15,16:31:44,9,8,16.5,0
 5908,2016/08/15,16:31:54,9,8,16.9,0
 5909,2016/08/15,16:32:04,9,8,17,0
 5910,2016/08/15,16:32:15,9,8,17,0
 5911,2016/08/15,16:32:25,9,8,17,0
 5912,2016/08/15,16:32:35,9,8,17,0
 5913,2016/08/15,16:32:45,9,8,17.9,0
 5914,2016/08/15,16:32:55,9,8,18,0
 5915,2016/08/15,16:33:05,9,8,18,0
 5916,2016/08/15,16:33:15,8.4,8,18,0
 5917,2016/08/15,16:33:25,8,7.2,18,0
 5918,2016/08/15,16:33:35,8.6,7,18,0
 5919,2016/08/15,16:33:46,9,7,18.5,0
 5920,2016/08/15,16:33:56,9,7.8,17.5,0
 5921,2016/08/15,16:34:06,9,8,17,0
 5922,2016/08/15,16:34:16,9.1,7.2,17,0
 5923,2016/08/15,16:34:26,10,7.3,16,0
 5924,2016/08/15,16:34:36,10,8,16,0
 5925,2016/08/15,16:34:46,9.5,8,16,0
 5926,2016/08/15,16:34:56,10,8,16,0
 5927,2016/08/15,16:35:07,10,8,16,0
 5928,2016/08/15,16:35:17,10,8,15,0
 5929,2016/08/15,16:35:27,10,8,15,0
 5930,2016/08/15,16:35:37,10,8,15,0
 5931,2016/08/15,16:35:47,10,8,15.4,0
 5932,2016/08/15,16:35:57,10,8,16,0
 5933,2016/08/15,16:36:07,10,8,16,0
 5934,2016/08/15,16:36:17,10.7,8,16,0
 5935,2016/08/15,16:36:28,11,8,16.5,0
 5936,2016/08/15,16:36:38,10.2,8,17,0
 5937,2016/08/15,16:36:48,10,8,17,0
 5938,2016/08/15,16:36:58,10,8,17,0
 5939,2016/08/15,16:37:08,10,7.6,17.5,0
 5940,2016/08/15,16:37:18,9.6,7.3,18,0
 5941,2016/08/15,16:37:28,9,7.5,18,0
 5942,2016/08/15,16:37:38,9,8,18,0
 5943,2016/08/15,16:37:49,9,8,18,0
 5944,2016/08/15,16:37:59,9,7.5,18,0
 5945,2016/08/15,16:38:09,9,8,17,0
 5946,2016/08/15,16:38:19,9,8,16.5,0
 5947,2016/08/15,16:38:29,9,8,16,0
 5948,2016/08/15,16:38:39,9,8,16,0
 5949,2016/08/15,16:38:49,8.1,8,16,0
 5950,2016/08/15,16:38:59,8,8,15,0
 5951,2016/08/15,16:39:09,8.9,7.1,15.5,0
 5952,2016/08/15,16:39:20,9,7,16,0
 5953,2016/08/15,16:39:30,9,7.8,16.5,0
 5954,2016/08/15,16:39:40,9,8,16,0
 5955,2016/08/15,16:39:50,9.4,8,15,0
 5956,2016/08/15,16:40:00,10,8,15.5,0
 5957,2016/08/15,16:40:10,10,8,16,0
 5958,2016/08/15,16:40:20,10,8,15.5,0
 5959,2016/08/15,16:40:30,10,8,16,0
 5960,2016/08/15,16:40:41,9.9,7.5,16,0
 5961,2016/08/15,16:40:51,9,8,16.5,0
 5962,2016/08/15,16:41:01,9,8,17,0
 5963,2016/08/15,16:41:11,9,8,17,0
 5964,2016/08/15,16:41:21,9,8,17,0
 5965,2016/08/15,16:41:31,9,8,16.9,0
 5966,2016/08/15,16:41:41,9,8,16,0
 5967,2016/08/15,16:41:51,9,8,15.4,0
 5968,2016/08/15,16:42:01,9,7.1,15,0
 5969,2016/08/15,16:42:12,9,7.4,15,0
 5970,2016/08/15,16:42:22,8.3,7.1,15.5,0
 5971,2016/08/15,16:42:32,8,7,16,0
 5972,2016/08/15,16:42:42,8,7,16,0
 5973,2016/08/15,16:42:52,8,7,16,0
 5974,2016/08/15,16:43:02,8,7,16,0
 5975,2016/08/15,16:43:12,8,7,16.4,0
 5976,2016/08/15,16:43:22,8,7,16,0
 5977,2016/08/15,16:43:33,8,7,16,0
 5978,2016/08/15,16:43:43,8.7,7,16.5,0
 5979,2016/08/15,16:43:53,9,7,16,0
 5980,2016/08/15,16:44:03,9,7.4,16,0
 5981,2016/08/15,16:44:13,8.5,8,16,0
 5982,2016/08/15,16:44:23,9,8,16,0
 5983,2016/08/15,16:44:33,9,8,16,0
 5984,2016/08/15,16:44:43,9,8,16.4,0
 5985,2016/08/15,16:44:53,9,8,16,0
 5986,2016/08/15,16:45:04,9,8,16.5,0
 5987,2016/08/15,16:45:14,9,8,16,0
 5988,2016/08/15,16:45:24,9,8,16,0
 5989,2016/08/15,16:45:34,9.4,8.9,15.9,0
 5990,2016/08/15,16:45:44,10,8,15,0
 5991,2016/08/15,16:45:54,10.9,8,15,0
 5992,2016/08/15,16:46:04,11,8,14.4,0
 5993,2016/08/15,16:46:14,10.1,8.4,14,0
 5994,2016/08/15,16:46:25,10,9,14.1,0
 5995,2016/08/15,16:46:35,10,9,15,0
 5996,2016/08/15,16:46:45,10,8,15.5,0
 5997,2016/08/15,16:46:55,10,8,15,0
 5998,2016/08/15,16:47:05,10,8,15,0
 5999,2016/08/15,16:47:15,9.5,8,15,0
 6000,2016/08/15,16:47:25,10,8,15,0
 6001,2016/08/15,16:47:35,10,8,14.4,0
 6002,2016/08/15,16:47:46,10,8.4,14,0
 6003,2016/08/15,16:47:56,10,8,14,0
 6004,2016/08/15,16:48:06,10,8.9,14.1,0
 6005,2016/08/15,16:48:16,9.5,8.5,15,0
 6006,2016/08/15,16:48:26,8,9,15,0
 6007,2016/08/15,16:48:36,8,9.4,15,0
 6008,2016/08/15,16:48:46,8,10,15.1,0
 6009,2016/08/15,16:48:56,8,9,15.4,0
 6010,2016/08/15,16:49:07,8,9.9,15,0
 6011,2016/08/15,16:49:17,8.6,9.5,15,0
 6012,2016/08/15,16:49:27,9,10,15.6,0
 6013,2016/08/15,16:49:37,9,10,15.4,0
 6014,2016/08/15,16:49:47,9.6,10,15.6,0
 6015,2016/08/15,16:49:57,10,10,16.1,0
 6016,2016/08/15,16:50:07,10,10.5,17,0
 6017,2016/08/15,16:50:17,10,11,17.5,0
 6018,2016/08/15,16:50:28,10.7,11,17.6,0
 6019,2016/08/15,16:50:38,11,11,17.8,0
 6020,2016/08/15,16:50:48,11.7,11.5,17,0
 6021,2016/08/15,16:50:58,12,11,17,0
 6022,2016/08/15,16:51:08,12,11,17,0
 6023,2016/08/15,16:51:18,12.7,10.5,17,0
 6024,2016/08/15,16:51:28,13,10,16.8,0
 6025,2016/08/15,16:51:38,13,10,16.6,0
 6026,2016/08/15,16:51:49,12.2,10,16.8,0
 6027,2016/08/15,16:51:59,12,10,16,0
 6028,2016/08/15,16:52:09,12,10,16.6,0
 6029,2016/08/15,16:52:19,11.2,10,17,0
 6030,2016/08/15,16:52:29,10.7,10,16.3,0
 6031,2016/08/15,16:52:39,10,10,15.3,0
 6032,2016/08/15,16:52:49,10,10,15.1,0
 6033,2016/08/15,16:52:59,9.7,9.5,15.3,0
 6034,2016/08/15,16:53:09,9,9,15,0
 6035,2016/08/15,16:53:20,8.6,9,15,0
 6036,2016/08/15,16:53:30,8.3,9,15,0
 6037,2016/08/15,16:53:40,9.3,9,15.6,0
 6038,2016/08/15,16:53:50,10,9,16.1,0
 6039,2016/08/15,16:54:00,10.5,9.5,17,0
 6040,2016/08/15,16:54:10,10,10,17,0
 6041,2016/08/15,16:54:20,10.9,10,16.8,0
 6042,2016/08/15,16:54:30,10,10,16.4,0
 6043,2016/08/15,16:54:41,10,10,16,0
 6044,2016/08/15,16:54:51,10,10,16,0
 6045,2016/08/15,16:55:01,10,10,16,0
 6046,2016/08/15,16:55:11,11,10,16.7,0
 6047,2016/08/15,16:55:21,11,10,16.8,0
 6048,2016/08/15,16:55:31,11,10,16,0
 6049,2016/08/15,16:55:41,12,10,16.2,0
 6050,2016/08/15,16:55:51,12,10,17,0
 6051,2016/08/15,16:56:02,11.9,10,17.2,0
 6052,2016/08/15,16:56:12,10.9,10,17.3,0
 6053,2016/08/15,16:56:22,10,10,16.8,0
 6054,2016/08/15,16:56:32,10,9.4,16,0
 6055,2016/08/15,16:56:42,10,9.5,16,0
 6056,2016/08/15,16:56:52,10,9,16,0
 6057,2016/08/15,16:57:02,10,9,16,0
 6058,2016/08/15,16:57:12,9.5,9,15.5,0
 6059,2016/08/15,16:57:23,10,9,16.2,0
 6060,2016/08/15,16:57:33,9.9,9,17,0
 6061,2016/08/15,16:57:43,9,9,16.5,0
 6062,2016/08/15,16:57:53,9,9.5,16.8,0
 6063,2016/08/15,16:58:03,8.8,9.5,16.7,0
 6064,2016/08/15,16:58:13,8,10,17,0
 6065,2016/08/15,16:58:23,7.8,10,16.3,0
 6066,2016/08/15,16:58:33,7,10,16,0
 6067,2016/08/15,16:58:43,7.2,10,16,0
 6068,2016/08/15,16:58:54,7.7,10,16.5,0
 6069,2016/08/15,16:59:04,7,9.9,16.7,0
 6070,2016/08/15,16:59:14,7,9,17,0
 6071,2016/08/15,16:59:24,7.7,9,17,0
 6072,2016/08/15,16:59:34,8,9.6,17.7,0
 6073,2016/08/15,16:59:44,8,10,18.5,0
 6074,2016/08/15,16:59:54,8,10,18,0
 6075,2016/08/15,17:00:04,8.3,10,17.2,0
 6076,2016/08/15,17:00:15,9,10,17.2,0
 6077,2016/08/15,17:00:25,9,9.9,18,0
 6078,2016/08/15,17:00:35,9,9,18.2,0
 6079,2016/08/15,17:00:45,9,9,18.2,0
 6080,2016/08/15,17:00:55,9,9,18,0
 6081,2016/08/15,17:01:05,9,9,18.7,0
 6082,2016/08/15,17:01:15,8.6,9,18.7,0
 6083,2016/08/15,17:01:25,8,9,18,0
 6084,2016/08/15,17:01:35,8.8,9,18,0
 6085,2016/08/15,17:01:45,9,9,17.7,0
 6086,2016/08/15,17:01:56,9,9,17,0
 6087,2016/08/15,17:02:06,9,8.9,17,0
 6088,2016/08/15,17:02:16,8.5,8.5,16.5,0
 6089,2016/08/15,17:02:26,8.6,8,16.7,0
 6090,2016/08/15,17:02:36,8,8,16.5,0
 6091,2016/08/15,17:02:46,8,8,16,0
 6092,2016/08/15,17:02:56,8,8,16,0
 6093,2016/08/15,17:03:06,8.4,8,16.5,0
 6094,2016/08/15,17:03:16,9,8,16,0
 6095,2016/08/15,17:03:27,9,8,16,0
 6096,2016/08/15,17:03:37,9,8,16.7,0
 6097,2016/08/15,17:03:47,9,8,17,0
 6098,2016/08/15,17:03:57,9,8,17,0
 6099,2016/08/15,17:04:07,9,8,16.7,0
 6100,2016/08/15,17:04:17,9,8,16.3,0
 6101,2016/08/15,17:04:27,9,8,17,0
 6102,2016/08/15,17:04:37,9,8,17,0
 6103,2016/08/15,17:04:47,9,8,16.7,0
 6104,2016/08/15,17:04:58,8.9,8,16.8,0
 6105,2016/08/15,17:05:08,8.6,7.3,17.3,0
 6106,2016/08/15,17:05:18,9,7,18.8,0
 6107,2016/08/15,17:05:28,9,7,19,0
 6108,2016/08/15,17:05:38,8.5,7.6,18.2,0
 6109,2016/08/15,17:05:48,9,7.8,18,0
 6110,2016/08/15,17:05:58,9,7.5,18,0
 6111,2016/08/15,17:06:08,9,7.6,17.2,0
 6112,2016/08/15,17:06:18,9,8,17,0
 6113,2016/08/15,17:06:28,9,7.8,16.7,0
 6114,2016/08/15,17:06:39,9.6,7,16.3,0
 6115,2016/08/15,17:06:49,10,7,17,0
 6116,2016/08/15,17:06:59,10.1,6.3,17,0
 6117,2016/08/15,17:07:09,10.5,6,16.2,0
 6118,2016/08/15,17:07:19,11,6,16,0
 6119,2016/08/15,17:07:29,11,6,16,0
 6120,2016/08/15,17:07:39,10.3,6,15.7,0
 6121,2016/08/15,17:07:49,10,6,15,0
 6122,2016/08/15,17:07:59,10,6,16.1,0
 6123,2016/08/15,17:08:09,10,5.3,16.2,0
 6124,2016/08/15,17:08:20,10,5,16.3,0
 6125,2016/08/15,17:08:30,10,5,17,0
 6126,2016/08/15,17:08:40,10,5,17,0
 6127,2016/08/15,17:08:50,10,5,17,0
 6128,2016/08/15,17:09:00,9.7,5,17,0
 6129,2016/08/15,17:09:10,9,5,17.8,0
 6130,2016/08/15,17:09:20,8.6,5,17.1,0
 6131,2016/08/15,17:09:30,8,4.8,17.3,0
 6132,2016/08/15,17:09:40,8,4,17.1,0
 6133,2016/08/15,17:09:50,8,4,17.8,0
 6134,2016/08/15,17:10:00,8,4,17.6,0
 6135,2016/08/15,17:10:11,8,4,17,0
 6136,2016/08/15,17:10:21,8,4,16.6,0
 6137,2016/08/15,17:10:31,7.6,4,15.1,0
 6138,2016/08/15,17:10:41,7.4,4.2,15,0
 6139,2016/08/15,17:10:51,8,4.3,15,0
 6140,2016/08/15,17:11:01,7.1,4,15,0
 6141,2016/08/15,17:11:11,7,4,15,0
 6142,2016/08/15,17:11:21,7,4.2,15,0
 6143,2016/08/15,17:11:31,7.9,5,15.3,0
 6144,2016/08/15,17:11:41,7.5,5,15.1,0
 6145,2016/08/15,17:11:51,7,5,15,0
 6146,2016/08/15,17:12:02,7,5,15,0
 6147,2016/08/15,17:12:12,7,5,15.3,0
 6148,2016/08/15,17:12:22,7,5,15.1,0
 6149,2016/08/15,17:12:32,7,5,15,0
 6150,2016/08/15,17:12:42,6.9,4.2,15,0
 6151,2016/08/15,17:12:52,6,4,15,0
 6152,2016/08/15,17:13:02,7,4,15,0
 6153,2016/08/15,17:13:12,6.4,4,15,0
 6154,2016/08/15,17:13:22,6,4,15,0
 6155,2016/08/15,17:13:32,6,4,14.1,0
 6156,2016/08/15,17:13:42,6,4,14,0
 6157,2016/08/15,17:13:53,6,4,14,0
 6158,2016/08/15,17:14:03,6,3.2,14,0
 6159,2016/08/15,17:14:13,6,3.7,14.4,0
 6160,2016/08/15,17:14:23,6,4,14.6,0
 6161,2016/08/15,17:14:33,6,4,14,0
 6162,2016/08/15,17:14:43,6,4,14,0
 6163,2016/08/15,17:14:53,6,4,14.4,0
 6164,2016/08/15,17:15:03,6,4,15,0
 6165,2016/08/15,17:15:13,6,4,15.4,0
 6166,2016/08/15,17:15:23,6,4,15.1,0
 6167,2016/08/15,17:15:33,5.8,4.7,15,0
 6168,2016/08/15,17:15:44,5.1,5,15,0
 6169,2016/08/15,17:15:54,5.5,4.7,15,0
 6170,2016/08/15,17:16:04,6,4,15,0
 6171,2016/08/15,17:16:14,5.3,4.2,15,0
 6172,2016/08/15,17:16:24,5,5,14.6,0
 6173,2016/08/15,17:16:34,5,5,13.1,0
 6174,2016/08/15,17:16:44,5,5,13,0
 6175,2016/08/15,17:16:54,5,5,13,0
 6176,2016/08/15,17:17:04,5,4.7,13.4,0
 6177,2016/08/15,17:17:14,5,4,13.1,0
 6178,2016/08/15,17:17:24,5,4,12.6,0
 6179,2016/08/15,17:17:34,5,4,12,0
 6180,2016/08/15,17:17:45,5,4,11.1,0
 6181,2016/08/15,17:17:55,5,4,11,0
 6182,2016/08/15,17:18:05,5,4,11.4,0
 6183,2016/08/15,17:18:15,4.7,4,12,0
 6184,2016/08/15,17:18:25,4,4.3,12,0
 6185,2016/08/15,17:18:35,4,5,12,0
 6186,2016/08/15,17:18:45,4.8,5,12.4,0
 6187,2016/08/15,17:18:55,5,5,12,0
 6188,2016/08/15,17:19:05,5,5,12.9,0
 6189,2016/08/15,17:19:15,4.5,5,13,0
 6190,2016/08/15,17:19:25,5,5,13,0
 6191,2016/08/15,17:19:35,5,5,12,0
 6192,2016/08/15,17:19:46,5,5,12,0
 6193,2016/08/15,17:19:56,5,5,12,0
 6194,2016/08/15,17:20:06,5,5,12,0
 6195,2016/08/15,17:20:16,5,5,12,0
 6196,2016/08/15,17:20:26,5,5,11.5,0
 6197,2016/08/15,17:20:36,5,5,12,0
 6198,2016/08/15,17:20:46,5,5,12,0
 6199,2016/08/15,17:20:56,5,5,12,0
 6200,2016/08/15,17:21:06,5.8,5,12,0
 6201,2016/08/15,17:21:16,5.1,5,12,0
 6202,2016/08/15,17:21:26,5,5,11.5,0
 6203,2016/08/15,17:21:36,5,4.7,11.9,0
 6204,2016/08/15,17:21:46,5,4.5,12,0
 6205,2016/08/15,17:21:57,5,4,12,0
 6206,2016/08/15,17:22:07,5,4.3,12,0
 6207,2016/08/15,17:22:17,5,4.5,12,0
 6208,2016/08/15,17:22:27,5,5,11.5,0
 6209,2016/08/15,17:22:37,5,5,11,0
 6210,2016/08/15,17:22:47,5,4.1,11,0
 6211,2016/08/15,17:22:57,5,4,12,0
 6212,2016/08/15,17:23:07,4,4,11.5,0
 6213,2016/08/15,17:23:17,4,4,12,0
 6214,2016/08/15,17:23:27,4.4,4,11.5,0
 6215,2016/08/15,17:23:37,5,4,11,0
 6216,2016/08/15,17:23:47,5,4,11,0
 6217,2016/08/15,17:23:57,5,4,12,0
 6218,2016/08/15,17:24:08,5,4.3,11,0
 6219,2016/08/15,17:24:18,5,5,11,0
 6220,2016/08/15,17:24:28,5,5,11,0
 6221,2016/08/15,17:24:38,5,5,11,0
 6222,2016/08/15,17:24:48,5,5,11,0
 6223,2016/08/15,17:24:58,6,5,12,0
 6224,2016/08/15,17:25:08,6,5,12,0
 6225,2016/08/15,17:25:18,6,5,12,0
 6226,2016/08/15,17:25:28,6.5,5,11,0
 6227,2016/08/15,17:25:38,7,5,11,0
 6228,2016/08/15,17:25:48,7,5,11.5,0
 6229,2016/08/15,17:25:58,7,5,12,0
 6230,2016/08/15,17:26:09,7,5.8,12,0
 6231,2016/08/15,17:26:19,6.9,6,12,0
 6232,2016/08/15,17:26:29,6,6,12,0
 6233,2016/08/15,17:26:39,6,6,12,0
 6234,2016/08/15,17:26:49,6,6,12,0
 6235,2016/08/15,17:26:59,6,6,12,0
 6236,2016/08/15,17:27:09,5.9,6,12,0
 6237,2016/08/15,17:27:19,5.6,6,12,0
 6238,2016/08/15,17:27:29,5.9,6,12.5,0
 6239,2016/08/15,17:27:39,5.6,6,13,0
 6240,2016/08/15,17:27:49,5.9,6.4,13,0
 6241,2016/08/15,17:27:59,5.6,7,12.9,0
 6242,2016/08/15,17:28:09,5.3,7,12,0
 6243,2016/08/15,17:28:19,5,7,12,0
 6244,2016/08/15,17:28:30,5,7.4,12,0
 6245,2016/08/15,17:28:40,5,7.5,12.4,0
 6246,2016/08/15,17:28:50,5,8,12,0
 6247,2016/08/15,17:29:00,5,8,12,0
 6248,2016/08/15,17:29:10,5,7.6,12.5,0
 6249,2016/08/15,17:29:20,5,7,13,0
 6250,2016/08/15,17:29:30,5,7,13,0
 6251,2016/08/15,17:29:40,5,7,13,0
 6252,2016/08/15,17:29:50,4.8,7,12.9,0
 6253,2016/08/15,17:30:00,4,7.9,12,0
 6254,2016/08/15,17:30:10,3.8,7.1,12,0
 6255,2016/08/15,17:30:20,4,7,12.4,0
 6256,2016/08/15,17:30:31,4,7,12,0
 6257,2016/08/15,17:30:41,4.2,6.6,13,0
 6258,2016/08/15,17:30:51,5,6.9,13,0
 6259,2016/08/15,17:31:01,5,6.1,12.4,0
 6260,2016/08/15,17:31:11,5,6,12.5,0
 6261,2016/08/15,17:31:21,5,6,12.4,0
 6262,2016/08/15,17:31:31,5,6,12,0
 6263,2016/08/15,17:31:41,5,6,11.4,0
 6264,2016/08/15,17:31:51,5.2,5,11.5,0
 6265,2016/08/15,17:32:01,5.2,5,12,0
 6266,2016/08/15,17:32:11,5.7,5,12,0
 6267,2016/08/15,17:32:21,6,5,12.1,0
 6268,2016/08/15,17:32:31,6,5,13,0
 6269,2016/08/15,17:32:41,6,5,12.5,0
 6270,2016/08/15,17:32:52,6,5,12.4,0
 6271,2016/08/15,17:33:02,6,5,11.9,0
 6272,2016/08/15,17:33:12,6,5,11.6,0
 6273,2016/08/15,17:33:22,6,5,11.9,0
 6274,2016/08/15,17:33:32,6,5,11.6,0
 6275,2016/08/15,17:33:42,6,5,11.4,0
 6276,2016/08/15,17:33:52,6.3,5,11.6,0
 6277,2016/08/15,17:34:02,7,5,12,0
 6278,2016/08/15,17:34:12,7,5,12,0
 6279,2016/08/15,17:34:22,7,5,12,0
 6280,2016/08/15,17:34:32,7,5,11.9,0
 6281,2016/08/15,17:34:42,7.8,5.4,11,0
 6282,2016/08/15,17:34:52,7.1,6,11.1,0
 6283,2016/08/15,17:35:02,7,6,12,0
 6284,2016/08/15,17:35:13,7,6,11.9,0
 6285,2016/08/15,17:35:23,7,6,11.1,0
 6286,2016/08/15,17:35:33,7,6,12.6,0
 6287,2016/08/15,17:35:43,7,6,13,0
 6288,2016/08/15,17:35:53,7,6,13,0
 6289,2016/08/15,17:36:03,7,6,13,0
 6290,2016/08/15,17:36:13,7,6,13,0
 6291,2016/08/15,17:36:23,7,6,13,0
 6292,2016/08/15,17:36:33,7,6,13,0
 6293,2016/08/15,17:36:43,7,6,13,0
 6294,2016/08/15,17:36:53,6.5,6,13.1,0
 6295,2016/08/15,17:37:03,6,6,14,0
 6296,2016/08/15,17:37:13,6,6.5,14.6,0
 6297,2016/08/15,17:37:23,6,7,14.8,0
 6298,2016/08/15,17:37:34,6,6.5,14,0
 6299,2016/08/15,17:37:44,6,6,14,0
 6300,2016/08/15,17:37:54,6,6,14.5,0
 6301,2016/08/15,17:38:04,6,6,14.1,0
 6302,2016/08/15,17:38:14,6,6,14.3,0
 6303,2016/08/15,17:38:24,6,6,14.1,0
 6304,2016/08/15,17:38:34,6,7,15,0
 6305,2016/08/15,17:38:44,6,7,15,0
 6306,2016/08/15,17:38:54,5.7,7,15,0
 6307,2016/08/15,17:39:04,6,7,14.8,0
 6308,2016/08/15,17:39:14,5,7,14,0
 6309,2016/08/15,17:39:24,5,7,13.8,0
 6310,2016/08/15,17:39:34,6,7,12.8,0
 6311,2016/08/15,17:39:45,6,7,12,0
 6312,2016/08/15,17:39:55,6,7,12,0
 6313,2016/08/15,17:40:05,6,7,12,0
 6314,2016/08/15,17:40:15,6,7,12,0
 6315,2016/08/15,17:40:25,6,7.5,11.3,0
 6316,2016/08/15,17:40:35,6.5,8,11,0
 6317,2016/08/15,17:40:45,6.5,7.4,11,0
 6318,2016/08/15,17:40:55,7,7,10.3,0
 6319,2016/08/15,17:41:05,7,6.9,10,0
 6320,2016/08/15,17:41:15,7,6,10,0
 6321,2016/08/15,17:41:25,7,6,10,0
 6322,2016/08/15,17:41:35,7,6,10,0
 6323,2016/08/15,17:41:45,7,6,10,0
 6324,2016/08/15,17:41:56,7,6,10,0
 6325,2016/08/15,17:42:06,7,6,10.2,0
 6326,2016/08/15,17:42:16,7,6,11,0
 6327,2016/08/15,17:42:26,7,6,10.5,0
 6328,2016/08/15,17:42:36,7,6.4,11,0
 6329,2016/08/15,17:42:46,7,6,11,0
 6330,2016/08/15,17:42:56,7,7,11,0
 6331,2016/08/15,17:43:06,7,7,11.2,0
 6332,2016/08/15,17:43:16,7,7,11.8,0
 6333,2016/08/15,17:43:26,7,7,11.7,0
 6334,2016/08/15,17:43:36,7.6,7,12,0
 6335,2016/08/15,17:43:46,8,7,12.7,0
 6336,2016/08/15,17:43:56,8,8,12.5,0
 6337,2016/08/15,17:44:06,7.6,8,12.8,0
 6338,2016/08/15,17:44:17,8,8,12.2,0
 6339,2016/08/15,17:44:27,8,8,12.8,0
 6340,2016/08/15,17:44:37,8,8,12.5,0
 6341,2016/08/15,17:44:47,8,8,12,0
 6342,2016/08/15,17:44:57,8,7.5,12,0
 6343,2016/08/15,17:45:07,8,7.9,12,0
 6344,2016/08/15,17:45:17,8,7,12,0
 6345,2016/08/15,17:45:27,8,7,11.8,0
 6346,2016/08/15,17:45:37,8,7,11,0
 6347,2016/08/15,17:45:47,8,7,11,0
 6348,2016/08/15,17:45:57,8,7,11,0
 6349,2016/08/15,17:46:07,8,7,10.2,0
 6350,2016/08/15,17:46:17,7.3,7,10,0
 6351,2016/08/15,17:46:27,7,7,10,0
 6352,2016/08/15,17:46:38,7,7,9.5,0
 6353,2016/08/15,17:46:48,7,7,10,0
 6354,2016/08/15,17:46:58,7,7,9.7,0
 6355,2016/08/15,17:47:08,7.2,7,9,0
 6356,2016/08/15,17:47:18,7.7,7,9,0
 6357,2016/08/15,17:47:28,7,7,9,0
 6358,2016/08/15,17:47:38,7,7,9,0
 6359,2016/08/15,17:47:48,7,7,9.2,0
 6360,2016/08/15,17:47:58,7,7,10,0
 6361,2016/08/15,17:48:08,7,7,9.5,0
 6362,2016/08/15,17:48:18,7,7,9.7,0
 6363,2016/08/15,17:48:28,7,7,9.7,0
 6364,2016/08/15,17:48:38,7,7,10,0
 6365,2016/08/15,17:48:48,7,7.6,10.7,0
 6366,2016/08/15,17:48:58,7,7.4,10.2,0
 6367,2016/08/15,17:49:09,7,7,10,0
 6368,2016/08/15,17:49:19,7,7,10.7,0
 6369,2016/08/15,17:49:29,7,7,11.7,0
 6370,2016/08/15,17:49:39,6.5,7,12,0
 6371,2016/08/15,17:49:49,6.5,7,12,0
 6372,2016/08/15,17:49:59,7,7,12,0
 6373,2016/08/15,17:50:09,7,7,12,0
 6374,2016/08/15,17:50:19,7,7,11.5,0
 6375,2016/08/15,17:50:29,7,7,12,0
 6376,2016/08/15,17:50:39,6.6,6.8,12,0
 6377,2016/08/15,17:50:49,6,6,12,0
 6378,2016/08/15,17:50:59,6.3,6,12.8,0
 6379,2016/08/15,17:51:09,7,6,13,0
 6380,2016/08/15,17:51:19,6.5,6,13,0
 6381,2016/08/15,17:51:30,7,6,13,0
 6382,2016/08/15,17:51:40,7,6,13,0
 6383,2016/08/15,17:51:50,7,6.6,12.7,0
 6384,2016/08/15,17:52:00,7,7,12,0
 6385,2016/08/15,17:52:10,7,7,12,0
 6386,2016/08/15,17:52:20,7,7,12,0
 6387,2016/08/15,17:52:30,7,7,12.8,0
 6388,2016/08/15,17:52:40,7,7,13,0
 6389,2016/08/15,17:52:50,7,7.1,12.7,0
 6390,2016/08/15,17:53:00,7,7.3,12,0
 6391,2016/08/15,17:53:10,7,7,11.7,0
 6392,2016/08/15,17:53:20,7,7.6,11.8,0
 6393,2016/08/15,17:53:30,7.9,8,11.2,0
 6394,2016/08/15,17:53:40,8,8,10.2,0
 6395,2016/08/15,17:53:50,8,7.8,10,0
 6396,2016/08/15,17:54:01,8,7.1,10,0
 6397,2016/08/15,17:54:11,7.1,8,10,0
 6398,2016/08/15,17:54:21,7,7.3,9.7,0
 6399,2016/08/15,17:54:31,7,7,9.3,0
 6400,2016/08/15,17:54:41,7,7,9.7,0
 6401,2016/08/15,17:54:51,7,7,9,0
 6402,2016/08/15,17:55:01,7,6.3,9,0
 6403,2016/08/15,17:55:11,7,6,8.5,0
 6404,2016/08/15,17:55:21,7,6,9,0
 6405,2016/08/15,17:55:31,7,6,9,0
 6406,2016/08/15,17:55:41,7,6,9,0
 6407,2016/08/15,17:55:51,7,6,9,0
 6408,2016/08/15,17:56:01,7,6,9.3,0
 6409,2016/08/15,17:56:11,7,6,10,0
 6410,2016/08/15,17:56:21,7,6,10.3,0
 6411,2016/08/15,17:56:32,7,5.8,11,0
 6412,2016/08/15,17:56:42,7,5,11,0
 6413,2016/08/15,17:56:52,7,5,11,0
 6414,2016/08/15,17:57:02,7,5.7,10.6,0
 6415,2016/08/15,17:57:12,7.5,5.5,10.3,0
 6416,2016/08/15,17:57:22,7,6,11,0
 6417,2016/08/15,17:57:32,7,5.3,11.8,0
 6418,2016/08/15,17:57:42,7.5,5,11.6,0
 6419,2016/08/15,17:57:52,7,5,11.8,0
 6420,2016/08/15,17:58:02,7,5,11.1,0
 6421,2016/08/15,17:58:12,7.5,5,11,0
 6422,2016/08/15,17:58:22,8,5.7,11,0
 6423,2016/08/15,17:58:32,8,5.8,11,0
 6424,2016/08/15,17:58:42,8,5,10.5,0
 6425,2016/08/15,17:58:52,7.9,5.2,10.6,0
 6426,2016/08/15,17:59:03,7.5,6,10.3,0
 6427,2016/08/15,17:59:13,8,6,11.3,0
 6428,2016/08/15,17:59:23,8,6,12,0
 6429,2016/08/15,17:59:33,8,6,12,0
 6430,2016/08/15,17:59:43,7.4,6,12,0
 6431,2016/08/15,17:59:53,7,6,11.6,0
 6432,2016/08/15,18:00:03,7,6.7,11,0
 6433,2016/08/15,18:00:13,7,7,11.4,0
 6434,2016/08/15,18:00:23,7,7.2,11.6,0
 6435,2016/08/15,18:00:33,7,8,11,0
 6436,2016/08/15,18:00:43,7,8,11,0
 6437,2016/08/15,18:00:53,7,8,11,0
 6438,2016/08/15,18:01:03,6.4,8,11,0
 6439,2016/08/15,18:01:13,6,8,10.6,0
 6440,2016/08/15,18:01:23,6,8,10,0
 6441,2016/08/15,18:01:34,6,8,10,0
 6442,2016/08/15,18:01:44,6,8,10,0
 6443,2016/08/15,18:01:54,6,8,10,0
 6444,2016/08/15,18:02:04,6,8,10,0
 6445,2016/08/15,18:02:14,6,8,10,0
 6446,2016/08/15,18:02:24,6,8,10,0
 6447,2016/08/15,18:02:34,6,7.5,10.9,0
 6448,2016/08/15,18:02:44,6,7.2,10.1,0
 6449,2016/08/15,18:02:54,6,7.2,10,0
 6450,2016/08/15,18:03:04,6,8,10.4,0
 6451,2016/08/15,18:03:14,6,7.7,11,0
 6452,2016/08/15,18:03:24,6,7,11,0
 6453,2016/08/15,18:03:34,6,7,11,0
 6454,2016/08/15,18:03:44,6,7,11.9,0
 6455,2016/08/15,18:03:54,6,7,12,0
 6456,2016/08/15,18:04:04,6,7,12,0
 6457,2016/08/15,18:04:15,6.2,7,12,0
 6458,2016/08/15,18:04:25,6.2,7,11.6,0
 6459,2016/08/15,18:04:35,6,7,11,0
 6460,2016/08/15,18:04:45,6,7,11.9,0
 6461,2016/08/15,18:04:55,6,7,12,0
 6462,2016/08/15,18:05:05,6,7,11,0
 6463,2016/08/15,18:05:15,6.3,7,11.5,0
 6464,2016/08/15,18:05:25,6.5,7,11,0
 6465,2016/08/15,18:05:35,7,7,11.9,0
 6466,2016/08/15,18:05:45,6.7,7,12,0
 6467,2016/08/15,18:05:55,6.8,7,12,0
 6468,2016/08/15,18:06:05,7,7,12,0
 6469,2016/08/15,18:06:15,6.5,7,11,0
 6470,2016/08/15,18:06:25,7,6.2,11,0
 6471,2016/08/15,18:06:36,6.2,6,11,0
 6472,2016/08/15,18:06:46,6,6,10,0
 6473,2016/08/15,18:06:56,6,6,10,0
 6474,2016/08/15,18:07:06,6,6.3,10,0
 6475,2016/08/15,18:07:16,6,7,10,0
 6476,2016/08/15,18:07:26,6,7,10,0
 6477,2016/08/15,18:07:36,6,7,10,0
 6478,2016/08/15,18:07:46,6,7,10,0
 6479,2016/08/15,18:07:56,6,7,9.5,0
 6480,2016/08/15,18:08:06,6,7,9,0
 6481,2016/08/15,18:08:16,6.3,7,9,0
 6482,2016/08/15,18:08:26,7,7,9,0
 6483,2016/08/15,18:08:36,6.1,7,9,0
 6484,2016/08/15,18:08:46,6,7,9,0
 6485,2016/08/15,18:08:57,6,7,9,0
 6486,2016/08/15,18:09:07,6.4,7,9.9,0
 6487,2016/08/15,18:09:17,6.5,7.3,10,0
 6488,2016/08/15,18:09:27,6.5,7.1,9.5,0
 6489,2016/08/15,18:09:37,7,7,9,0
 6490,2016/08/15,18:09:47,7,7,9,0
 6491,2016/08/15,18:09:57,7,7,10,0
 6492,2016/08/15,18:10:07,7,7,10,0
 6493,2016/08/15,18:10:17,6.6,6.5,10,0
 6494,2016/08/15,18:10:27,6,7,10,0
 6495,2016/08/15,18:10:37,6,7,9.5,0
 6496,2016/08/15,18:10:47,6,7,9,0
 6497,2016/08/15,18:10:58,6,6.5,9.5,0
 6498,2016/08/15,18:11:08,6,7,9,0
 6499,2016/08/15,18:11:18,6,7,9,0
 6500,2016/08/15,18:11:28,6,7,9.5,0
 6501,2016/08/15,18:11:38,6,7,9.5,0
 6502,2016/08/15,18:11:48,6,7,9,0
 6503,2016/08/15,18:11:58,6,7.8,9,0
 6504,2016/08/15,18:12:08,6,8,9,0
 6505,2016/08/15,18:12:18,6,8,9,0
 6506,2016/08/15,18:12:28,6,8,9.5,0
 6507,2016/08/15,18:12:38,6,7.5,10,0
 6508,2016/08/15,18:12:48,6,8,10,0
 6509,2016/08/15,18:12:58,6,7.5,10,0
 6510,2016/08/15,18:13:09,6,7.5,10,0
 6511,2016/08/15,18:13:19,6.5,7.5,10,0
 6512,2016/08/15,18:13:29,7,7.6,9.5,0
 6513,2016/08/15,18:13:39,7,7.9,10,0
 6514,2016/08/15,18:13:49,7,7.6,10,0
 6515,2016/08/15,18:13:59,7,7.5,9,0
 6516,2016/08/15,18:14:09,7,7,9,0
 6517,2016/08/15,18:14:19,7,7,9,0
 6518,2016/08/15,18:14:29,7,7,9,0
 6519,2016/08/15,18:14:39,6.9,7,9.4,0
 6520,2016/08/15,18:14:49,6,7,9,0
 6521,2016/08/15,18:14:59,6,7,8.4,0
 6522,2016/08/15,18:15:09,6,7,8,0
 6523,2016/08/15,18:15:20,6,7,8,0
 6524,2016/08/15,18:15:30,6.6,7,8,0
 6525,2016/08/15,18:15:40,7,7,8,0
 6526,2016/08/15,18:15:50,7,7,8.5,0
 6527,2016/08/15,18:16:00,6.5,7,9,0
 6528,2016/08/15,18:16:10,7,7,8.4,0
 6529,2016/08/15,18:16:20,7,7,8,0
 6530,2016/08/15,18:16:30,7,6.6,8.4,0
 6531,2016/08/15,18:16:40,7,6.9,8,0
 6532,2016/08/15,18:16:50,7,7,8.9,0
 6533,2016/08/15,18:17:00,7,7,8.5,0
 6534,2016/08/15,18:17:10,7,7,8,0
 6535,2016/08/15,18:17:21,7,7,9,0
 6536,2016/08/15,18:17:31,7,7,9,0
 6537,2016/08/15,18:17:41,7,7,9,0
 6538,2016/08/15,18:17:51,6.8,7,9,0
 6539,2016/08/15,18:18:01,6,7,9,0
 6540,2016/08/15,18:18:11,6.6,7,9,0
 6541,2016/08/15,18:18:21,7,7.9,8.4,0
 6542,2016/08/15,18:18:31,7,8,8.5,0
 6543,2016/08/15,18:18:41,6.3,8,9,0
 6544,2016/08/15,18:18:51,6.1,8,9,0
 6545,2016/08/15,18:19:01,6.5,8.9,9,0
 6546,2016/08/15,18:19:11,7,9,9,0
 6547,2016/08/15,18:19:21,7,8.5,9,0
 6548,2016/08/15,18:19:32,7,9,9.6,0
 6549,2016/08/15,18:19:42,7,8.5,10,0
 6550,2016/08/15,18:19:52,7,8.4,10,0
 6551,2016/08/15,18:20:02,7,9,10,0
 6552,2016/08/15,18:20:12,7,9,10,0
 6553,2016/08/15,18:20:22,7,9,10,0
 6554,2016/08/15,18:20:32,7,9,10,0
 6555,2016/08/15,18:20:42,7,9,10,0
 6556,2016/08/15,18:20:52,7,9,10,0
 6557,2016/08/15,18:21:02,7,9,10,0
 6558,2016/08/15,18:21:12,7,9,10,0
 6559,2016/08/15,18:21:22,7,8,9.4,0
 6560,2016/08/15,18:21:33,7,8,9.6,0
 6561,2016/08/15,18:21:43,7,8,10,0
 6562,2016/08/15,18:21:53,7,8,9.9,0
 6563,2016/08/15,18:22:03,7.4,8,8.5,0
 6564,2016/08/15,18:22:13,7,8,8.9,0
 6565,2016/08/15,18:22:23,7,8,8,0
 6566,2016/08/15,18:22:33,7,8,8,0
 6567,2016/08/15,18:22:43,7,7.5,8,0
 6568,2016/08/15,18:22:53,7,7,8,0
 6569,2016/08/15,18:23:03,7,7,8,0
 6570,2016/08/15,18:23:13,7,7,8.1,0
 6571,2016/08/15,18:23:23,7.5,7,8.3,0
 6572,2016/08/15,18:23:34,7,7,8,0
 6573,2016/08/15,18:23:44,7.8,7,8,0
 6574,2016/08/15,18:23:54,8,8,8,0
 6575,2016/08/15,18:24:04,8,8,8,0
 6576,2016/08/15,18:24:14,8,8,8.6,0
 6577,2016/08/15,18:24:24,8,8,9,0
 6578,2016/08/15,18:24:34,7.1,8,9,0
 6579,2016/08/15,18:24:44,7,8,9,0
 6580,2016/08/15,18:24:54,7,8,9.1,0
 6581,2016/08/15,18:25:04,7,8,9.8,0
 6582,2016/08/15,18:25:14,7,8,9,0
 6583,2016/08/15,18:25:24,7.4,8,9,0
 6584,2016/08/15,18:25:35,8,8,9,0
 6585,2016/08/15,18:25:45,8,8,8.8,0
 6586,2016/08/15,18:25:55,7.5,8,8.5,0
 6587,2016/08/15,18:26:05,8,8,8.1,0
 6588,2016/08/15,18:26:15,7,8,8.8,0
 6589,2016/08/15,18:26:25,7,8,8,0
 6590,2016/08/15,18:26:35,7,8,8,0
 6591,2016/08/15,18:26:45,7,9,8,0
 6592,2016/08/15,18:26:55,7,9,8,0
 6593,2016/08/15,18:27:05,7,9,7.3,0
 6594,2016/08/15,18:27:15,7,9,7,0
 6595,2016/08/15,18:27:25,7,8.5,7,0
 6596,2016/08/15,18:27:36,7,9,7,0
 6597,2016/08/15,18:27:46,7,9,7.6,0
 6598,2016/08/15,18:27:56,7,9.5,8,0
 6599,2016/08/15,18:28:06,7,9,8,0
 6600,2016/08/15,18:28:16,7,9.5,8,0
 6601,2016/08/15,18:28:26,6.9,10,8,0
 6602,2016/08/15,18:28:36,6,10,8,0
 6603,2016/08/15,18:28:46,6,10,8,0
 6604,2016/08/15,18:28:56,6,9.4,8,0
 6605,2016/08/15,18:29:06,6,9,8.2,0
 6606,2016/08/15,18:29:16,6,9,9,0
 6607,2016/08/15,18:29:27,6,9,8.5,0
 6608,2016/08/15,18:29:37,6,9,9,0
 6609,2016/08/15,18:29:47,7,9,9,0
 6610,2016/08/15,18:29:57,7,9,9,0
 6611,2016/08/15,18:30:07,7,9,9,0
 6612,2016/08/15,18:30:17,7.5,9,8.3,0
 6613,2016/08/15,18:30:27,7.6,8.9,8,0
 6614,2016/08/15,18:30:37,8,8.5,8,0
 6615,2016/08/15,18:30:47,8,8.9,8,0
 6616,2016/08/15,18:30:57,8.6,8,8,0
 6617,2016/08/15,18:31:07,9,8,8,0
 6618,2016/08/15,18:31:17,9,8,7.3,0
 6619,2016/08/15,18:31:28,9,9,7,0
 6620,2016/08/15,18:31:38,9,8.4,7,0
 6621,2016/08/15,18:31:48,9,8.5,7,0
 6622,2016/08/15,18:31:58,8.5,8,7,0
 6623,2016/08/15,18:32:08,9,8.6,7,0
 6624,2016/08/15,18:32:18,9,9,7,0
 6625,2016/08/15,18:32:28,8.8,9,7,0
 6626,2016/08/15,18:32:38,8.6,9,7,0
 6627,2016/08/15,18:32:48,8.3,9,7,0
 6628,2016/08/15,18:32:58,8,9,7,0
 6629,2016/08/15,18:33:08,8,9,7,0
 6630,2016/08/15,18:33:18,8,9,7.7,0
 6631,2016/08/15,18:33:29,7.8,9,8.7,0
 6632,2016/08/15,18:33:39,7,9,9,0
 6633,2016/08/15,18:33:49,7,8.4,8.5,0
 6634,2016/08/15,18:33:59,7,8.6,9,0
 6635,2016/08/15,18:34:09,7,9,9,0
 6636,2016/08/15,18:34:19,7.2,9,9,0
 6637,2016/08/15,18:34:29,8,9,9,0
 6638,2016/08/15,18:34:39,8,9,9.2,0
 6639,2016/08/15,18:34:49,8,9,10,0
 6640,2016/08/15,18:34:59,8,8.9,10,0
 6641,2016/08/15,18:35:09,8,8,9.2,0
 6642,2016/08/15,18:35:19,8,8,9,0
 6643,2016/08/15,18:35:29,8,8,9,0
 6644,2016/08/15,18:35:40,7.6,8,9,0
 6645,2016/08/15,18:35:50,8.2,8,8.2,0
 6646,2016/08/15,18:36:00,9,8.6,8,0
 6647,2016/08/15,18:36:10,9,8.9,8,0
 6648,2016/08/15,18:36:20,9,8,8,0
 6649,2016/08/15,18:36:30,9,8,7.2,0
 6650,2016/08/15,18:36:40,9,8,7,0
 6651,2016/08/15,18:36:50,9,8,7.2,0
 6652,2016/08/15,18:37:00,8.2,8,8,0
 6653,2016/08/15,18:37:10,8,8,8,0
 6654,2016/08/15,18:37:20,8,8,7.5,0
 6655,2016/08/15,18:37:30,8,8.6,8,0
 6656,2016/08/15,18:37:41,8,9,8,0
 6657,2016/08/15,18:37:51,8,9,8,0
 6658,2016/08/15,18:38:01,8,9,8.8,0
 6659,2016/08/15,18:38:11,8,9,9,0
 6660,2016/08/15,18:38:21,8,9,9,0
 6661,2016/08/15,18:38:31,8,9,9,0
 6662,2016/08/15,18:38:41,8,9,9,0
 6663,2016/08/15,18:38:51,8,9,9,0
 6664,2016/08/15,18:39:01,8,9,9,0
 6665,2016/08/15,18:39:11,8,9,9,0
 6666,2016/08/15,18:39:21,8,9,9,0
 6667,2016/08/15,18:39:31,8,9.6,9,0
 6668,2016/08/15,18:39:41,8,10,9,0
 6669,2016/08/15,18:39:52,8,10,9,0
 6670,2016/08/15,18:40:02,8.9,10,9,0
 6671,2016/08/15,18:40:12,9,10,9,0
 6672,2016/08/15,18:40:22,9,10,8.7,0
 6673,2016/08/15,18:40:32,9.4,10,8,0
 6674,2016/08/15,18:40:42,10,10,8,0
 6675,2016/08/15,18:40:52,10,10,8.8,0
 6676,2016/08/15,18:41:02,10,10.5,9,0
 6677,2016/08/15,18:41:12,9.5,10,9,0
 6678,2016/08/15,18:41:22,10,10.2,9,0
 6679,2016/08/15,18:41:32,9,11,9,0
 6680,2016/08/15,18:41:42,9,11,9,0
 6681,2016/08/15,18:41:52,9,11,8.7,0
 6682,2016/08/15,18:42:03,9,10.3,8.3,0
 6683,2016/08/15,18:42:13,9,10,8.6,0
 6684,2016/08/15,18:42:23,9,10.7,8.3,0
 6685,2016/08/15,18:42:33,9,11,9,0
 6686,2016/08/15,18:42:43,9,11,9,0
 6687,2016/08/15,18:42:53,8.5,10.3,9,0
 6688,2016/08/15,18:43:03,8.5,10,9,0
 6689,2016/08/15,18:43:13,8,10,9,0
 6690,2016/08/15,18:43:23,8,10,8.1,0
 6691,2016/08/15,18:43:33,8,10,8,0
 6692,2016/08/15,18:43:43,9,10.7,8,0
 6693,2016/08/15,18:43:53,9,10.8,8,0
 6694,2016/08/15,18:44:03,9,10.2,8,0
 6695,2016/08/15,18:44:14,9.5,11,8.3,0
 6696,2016/08/15,18:44:24,10,11,9,0
 6697,2016/08/15,18:44:34,10,11,8.6,0
 6698,2016/08/15,18:44:44,10,11,8.8,0
 6699,2016/08/15,18:44:54,10,11,8.6,0
 6700,2016/08/15,18:45:04,10,11,8,0
 6701,2016/08/15,18:45:14,9.4,11,8,0
 6702,2016/08/15,18:45:24,9,11,8,0
 6703,2016/08/15,18:45:34,10,10.3,8,0
 6704,2016/08/15,18:45:44,10,10,8,0
 6705,2016/08/15,18:45:54,9.3,10,8,0
 6706,2016/08/15,18:46:04,9.6,10,8,0
 6707,2016/08/15,18:46:14,10,10,8,0
 6708,2016/08/15,18:46:25,9.3,10,8,0
 6709,2016/08/15,18:46:35,9.5,9.7,8,0
 6710,2016/08/15,18:46:45,9,9.2,8,0
 6711,2016/08/15,18:46:55,9,10,7.1,0
 6712,2016/08/15,18:47:05,9,9.7,7,0
 6713,2016/08/15,18:47:15,9,9,7,0
 6714,2016/08/15,18:47:25,9,9,7,0
 6715,2016/08/15,18:47:35,9,9,7,0
 6716,2016/08/15,18:47:45,9,9,7.9,0
 6717,2016/08/15,18:47:55,9,9.7,7.6,0
 6718,2016/08/15,18:48:05,9,10,7,0
 6719,2016/08/15,18:48:15,9,10,7,0
 6720,2016/08/15,18:48:25,9,10,7.9,0
 6721,2016/08/15,18:48:35,9,10,8,0
 6722,2016/08/15,18:48:46,9,10,8,0
 6723,2016/08/15,18:48:56,9,10,8,0
 6724,2016/08/15,18:49:06,9,10,8,0
 6725,2016/08/15,18:49:16,9.7,10,7.6,0
 6726,2016/08/15,18:49:26,10,10,7,0
 6727,2016/08/15,18:49:36,10,10,7,0
 6728,2016/08/15,18:49:46,10,10,7.4,0
 6729,2016/08/15,18:49:56,10.7,10,8,0
 6730,2016/08/15,18:50:06,11,10,8,0
 6731,2016/08/15,18:50:16,11,10,7.1,0
 6732,2016/08/15,18:50:26,11,10,7,0
 6733,2016/08/15,18:50:36,11.3,10,7,0
 6734,2016/08/15,18:50:47,11.2,10,7,0
 6735,2016/08/15,18:50:57,11.3,10.8,7,0
 6736,2016/08/15,18:51:07,12,11,7,0
 6737,2016/08/15,18:51:17,12,11,7,0
 6738,2016/08/15,18:51:27,11.5,10.2,7.4,0
 6739,2016/08/15,18:51:37,11.2,10,7.5,0
 6740,2016/08/15,18:51:47,11,10.8,7.5,0
 6741,2016/08/15,18:51:57,10.5,11,8,0
 6742,2016/08/15,18:52:07,11,11,7.5,0
 6743,2016/08/15,18:52:17,10.1,11,7.5,0
 6744,2016/08/15,18:52:27,10,11,7.9,0
 6745,2016/08/15,18:52:37,10,11,8,0
 6746,2016/08/15,18:52:47,10,11,8,0
 6747,2016/08/15,18:52:58,10,11,8.4,0
 6748,2016/08/15,18:53:08,10,11,9,0
 6749,2016/08/15,18:53:18,10,11,9,0
 6750,2016/08/15,18:53:28,10,10.2,9,0
 6751,2016/08/15,18:53:38,10,10.8,9,0
 6752,2016/08/15,18:53:48,10,11,9,0
 6753,2016/08/15,18:53:58,10,11,9,0
 6754,2016/08/15,18:54:08,10,11,9,0
 6755,2016/08/15,18:54:18,10.4,11,9,0
 6756,2016/08/15,18:54:28,11,11.8,9,0
 6757,2016/08/15,18:54:38,10.6,12,9,0
 6758,2016/08/15,18:54:48,10,12,9,0
 6759,2016/08/15,18:54:59,10,12,9,0
 6760,2016/08/15,18:55:09,10,12,8,0
 6761,2016/08/15,18:55:19,10,12.8,8,0
 6762,2016/08/15,18:55:29,10,13,8,0
 6763,2016/08/15,18:55:39,10,13,8,0
 6764,2016/08/15,18:55:49,10,13,8,0
 6765,2016/08/15,18:55:59,10,13,7,0
 6766,2016/08/15,18:56:09,10,13,7,0
 6767,2016/08/15,18:56:19,10.5,13,7,0
 6768,2016/08/15,18:56:29,11,13,7,0
 6769,2016/08/15,18:56:39,11,13,7,0
 6770,2016/08/15,18:56:49,10,13,6.5,0
 6771,2016/08/15,18:56:59,10.5,12.1,6.5,0
 6772,2016/08/15,18:57:10,11,12,7,0
 6773,2016/08/15,18:57:20,11,12,7,0
 6774,2016/08/15,18:57:30,11,12,7,0
 6775,2016/08/15,18:57:40,11,12,7,0
 6776,2016/08/15,18:57:50,11,11.6,7,0
 6777,2016/08/15,18:58:00,11,11.3,7,0
 6778,2016/08/15,18:58:10,11,12,7,0
 6779,2016/08/15,18:58:20,11,12,7,0
 6780,2016/08/15,18:58:30,11,11.5,7,0
 6781,2016/08/15,18:58:40,11,11.6,7,0
 6782,2016/08/15,18:58:50,11.5,11.8,7,0
 6783,2016/08/15,18:59:00,12,12,8,0
 6784,2016/08/15,18:59:11,12,12,8,0
 6785,2016/08/15,18:59:21,12,12,8,0
 6786,2016/08/15,18:59:31,12,12,8,0
 6787,2016/08/15,18:59:41,12.1,12,8,0
 6788,2016/08/15,18:59:51,13,12,8,0
 6789,2016/08/15,19:00:01,13,12,8,0
 6790,2016/08/15,19:00:11,13,12,8,0
 6791,2016/08/15,19:00:21,13.1,12,8,0
 6792,2016/08/15,19:00:31,14,12,8.5,0
 6793,2016/08/15,19:00:41,14,12.9,8.5,0
 6794,2016/08/15,19:00:51,14,13,9,0
 6795,2016/08/15,19:01:01,14,13,9,0
 6796,2016/08/15,19:01:11,14,13.9,9,0
 6797,2016/08/15,19:01:22,13.3,14,8.9,0
 6798,2016/08/15,19:01:32,12.3,14,8,0
 6799,2016/08/15,19:01:42,13,14,8,0
 6800,2016/08/15,19:01:52,13,14,8,0
 6801,2016/08/15,19:02:02,13,14,7.4,0
 6802,2016/08/15,19:02:12,12.8,14,7.5,0
 6803,2016/08/15,19:02:22,12,14,7.9,0
 6804,2016/08/15,19:02:32,12,14.4,7,0
 6805,2016/08/15,19:02:42,12,15,7,0
 6806,2016/08/15,19:02:52,12,15,7,0
 6807,2016/08/15,19:03:02,12,15,7,0
 6808,2016/08/15,19:03:12,12,15,6.4,0
 6809,2016/08/15,19:03:22,12,15,6,0
 6810,2016/08/15,19:03:33,12,15,6,0
 6811,2016/08/15,19:03:43,12,15,6,0
 6812,2016/08/15,19:03:53,12,15,6,0
 6813,2016/08/15,19:04:03,12,15.4,6,0
 6814,2016/08/15,19:04:13,12,16,6,0
 6815,2016/08/15,19:04:23,12,16,6,0
 6816,2016/08/15,19:04:33,12,16,7,0
 6817,2016/08/15,19:04:43,12,16,6.4,0
 6818,2016/08/15,19:04:53,12,16,6,0
 6819,2016/08/15,19:05:03,12,16,6.5,0
 6820,2016/08/15,19:05:13,12,16,7,0
 6821,2016/08/15,19:05:23,12,16,7,0
 6822,2016/08/15,19:05:33,12,16,6.9,0
 6823,2016/08/15,19:05:44,12,16,6,0
 6824,2016/08/15,19:05:54,12,16.4,6.1,0
 6825,2016/08/15,19:06:04,12.8,17,7,0
 6826,2016/08/15,19:06:14,13,17,7,0
 6827,2016/08/15,19:06:24,13.8,17,7,0
 6828,2016/08/15,19:06:34,13.5,17,7,0
 6829,2016/08/15,19:06:44,14,17,7.5,0
 6830,2016/08/15,19:06:54,14,17,7,0
 6831,2016/08/15,19:07:04,14,17,7,0
 6832,2016/08/15,19:07:14,14.4,17,7.1,0
 6833,2016/08/15,19:07:24,15,17,7.4,0
 6834,2016/08/15,19:07:34,15.4,17,7,0
 6835,2016/08/15,19:07:44,15.5,17,7,0
 6836,2016/08/15,19:07:55,15,17,7,0
 6837,2016/08/15,19:08:05,15,17.5,7,0
 6838,2016/08/15,19:08:15,15,17.5,7,0
 6839,2016/08/15,19:08:25,15,17,7,0
 6840,2016/08/15,19:08:35,14.5,17,7,0
 6841,2016/08/15,19:08:45,14,17,7.6,0
 6842,2016/08/15,19:08:55,14.9,17,8,0
 6843,2016/08/15,19:09:05,14.5,17,8,0
 6844,2016/08/15,19:09:15,15,17,8,0
 6845,2016/08/15,19:09:25,14.5,17.5,7.9,0
 6846,2016/08/15,19:09:35,14,18,7.6,0
 6847,2016/08/15,19:09:45,14,17,8,0
 6848,2016/08/15,19:09:55,14.5,17,8,0
 6849,2016/08/15,19:10:06,15,17,8,0
 6850,2016/08/15,19:10:16,15,17,8,0
 6851,2016/08/15,19:10:26,15,17,8.1,0
 6852,2016/08/15,19:10:36,15,16,8.3,0
 6853,2016/08/15,19:10:46,16,16,8.6,0
 6854,2016/08/15,19:10:56,15.9,16,9,0
 6855,2016/08/15,19:11:06,15,15.5,8.8,0
 6856,2016/08/15,19:11:16,15.4,15,8,0
 6857,2016/08/15,19:11:26,15,15,8,0
 6858,2016/08/15,19:11:36,15,15,8,0
 6859,2016/08/15,19:11:46,15.5,15,8,0
 6860,2016/08/15,19:11:56,15.9,15,8,0
 6861,2016/08/15,19:12:06,15.6,15,8,0
 6862,2016/08/15,19:12:17,16,15.5,8,0
 6863,2016/08/15,19:12:27,15.9,16,8,0
 6864,2016/08/15,19:12:37,15,15.5,8,0
 6865,2016/08/15,19:12:47,15,16,8,0
 6866,2016/08/15,19:12:57,15,16,8,0
 6867,2016/08/15,19:13:07,14.9,16,8,0
 6868,2016/08/15,19:13:17,14.5,15.5,8,0
 6869,2016/08/15,19:13:27,14.6,15.5,8,0
 6870,2016/08/15,19:13:37,15,16,7.8,0
 6871,2016/08/15,19:13:47,15,16,7,0
 6872,2016/08/15,19:13:57,15,16,7,0
 6873,2016/08/15,19:14:07,15.5,16,7,0
 6874,2016/08/15,19:14:18,15,16,7,0
 6875,2016/08/15,19:14:28,15.2,16,7,0
 6876,2016/08/15,19:14:38,16,15.5,7.5,0
 6877,2016/08/15,19:14:48,16,15.4,7,0
 6878,2016/08/15,19:14:58,16,15,7,0
 6879,2016/08/15,19:15:08,16,15,7,0
 6880,2016/08/15,19:15:18,16,15.5,7,0
 6881,2016/08/15,19:15:28,16,15.4,6.8,0
 6882,2016/08/15,19:15:38,16,15,6,0
 6883,2016/08/15,19:15:48,16,16,6.7,0
 6884,2016/08/15,19:15:58,16,16,7,0
 6885,2016/08/15,19:16:08,16,16,7,0
 6886,2016/08/15,19:16:18,16,16,7,0
 6887,2016/08/15,19:16:29,15.2,16,7,0
 6888,2016/08/15,19:16:39,15,16,7.7,0
 6889,2016/08/15,19:16:49,15,16,8,0
 6890,2016/08/15,19:16:59,15,16,8,0
 6891,2016/08/15,19:17:09,15,16,8,0
 6892,2016/08/15,19:17:19,15,16,8.2,0
 6893,2016/08/15,19:17:29,15,16,9,0
 6894,2016/08/15,19:17:39,15.2,16,9,0
 6895,2016/08/15,19:17:49,16,15.4,8.3,0
 6896,2016/08/15,19:17:59,16,15.5,8,0
 6897,2016/08/15,19:18:09,16,16,8,0
 6898,2016/08/15,19:18:19,16,15.4,8,0
 6899,2016/08/15,19:18:29,16.8,15,8,0
 6900,2016/08/15,19:18:40,17,15,8.2,0
 6901,2016/08/15,19:18:50,17,15.1,9,0
 6902,2016/08/15,19:19:00,17,15.4,9,0
 6903,2016/08/15,19:19:10,17,15,8.8,0
 6904,2016/08/15,19:19:20,17,15,8,0
 6905,2016/08/15,19:19:30,17,15,8,0
 6906,2016/08/15,19:19:40,17,15,8,0
 6907,2016/08/15,19:19:50,17,15,8,0
 6908,2016/08/15,19:20:00,17,15,8,0
 6909,2016/08/15,19:20:10,16.5,15,8,0
 6910,2016/08/15,19:20:20,17,15,8,0
 6911,2016/08/15,19:20:30,17,15,8,0
 6912,2016/08/15,19:20:40,17,15,8,0
 6913,2016/08/15,19:20:51,17,15,8,0
 6914,2016/08/15,19:21:01,16.6,15,8,0
 6915,2016/08/15,19:21:11,16.8,15,8,0
 6916,2016/08/15,19:21:21,16.5,14.9,7.2,0
 6917,2016/08/15,19:21:31,17,14,7,0
 6918,2016/08/15,19:21:41,17,14,7,0
 6919,2016/08/15,19:21:51,17,14,7,0
 6920,2016/08/15,19:22:01,17,14,7,0
 6921,2016/08/15,19:22:11,17,14.1,7,0
 6922,2016/08/15,19:22:21,17,15,7,0
 6923,2016/08/15,19:22:31,17,15,7,0
 6924,2016/08/15,19:22:41,17.5,15,7,0
 6925,2016/08/15,19:22:51,17,15,7.7,0
 6926,2016/08/15,19:23:02,17,15,8,0
 6927,2016/08/15,19:23:12,17,15,7.2,0
 6928,2016/08/15,19:23:22,17,15.6,7.7,0
 6929,2016/08/15,19:23:32,16,15.8,7.7,0
 6930,2016/08/15,19:23:42,16,15.6,7,0
 6931,2016/08/15,19:23:52,16.5,16,7.7,0
 6932,2016/08/15,19:24:02,17,16,8,0
 6933,2016/08/15,19:24:12,17,16.1,8,0
 6934,2016/08/15,19:24:22,17,17,8,0
 6935,2016/08/15,19:24:32,17,17,8.8,0
 6936,2016/08/15,19:24:42,16.5,17,9,0
 6937,2016/08/15,19:24:52,17,17,8.7,0
 6938,2016/08/15,19:25:02,17,17,8,0
 6939,2016/08/15,19:25:13,17,17,8,0
 6940,2016/08/15,19:25:23,17,17,8.3,0
 6941,2016/08/15,19:25:33,17,17,8.7,0
 6942,2016/08/15,19:25:43,17,17,8.8,0
 6943,2016/08/15,19:25:53,17,17,8.7,0
 6944,2016/08/15,19:26:03,17,17,8.8,0
 6945,2016/08/15,19:26:13,17,17.1,9,0
 6946,2016/08/15,19:26:23,17,18,8.7,0
 6947,2016/08/15,19:26:33,16.4,18,8.8,0
 6948,2016/08/15,19:26:43,16,18,9,0
 6949,2016/08/15,19:26:53,16,18,8.7,0
 6950,2016/08/15,19:27:03,16,17.8,8.8,0
 6951,2016/08/15,19:27:13,15.9,17,8.7,0
 6952,2016/08/15,19:27:24,15,17.6,8.8,0
 6953,2016/08/15,19:27:34,15,17.5,9,0
 6954,2016/08/15,19:27:44,15,18,9,0
 6955,2016/08/15,19:27:54,15,18,9,0
 6956,2016/08/15,19:28:04,15,18,9,0
 6957,2016/08/15,19:28:14,15,17.3,9,0
 6958,2016/08/15,19:28:24,15.1,17,9,0
 6959,2016/08/15,19:28:34,15.3,17,8.2,0
 6960,2016/08/15,19:28:44,15.6,17,8.8,0
 6961,2016/08/15,19:28:54,16,17,9,0
 6962,2016/08/15,19:29:04,16,17,9,0
 6963,2016/08/15,19:29:14,16,16.8,8.6,0
 6964,2016/08/15,19:29:24,16,16,8.8,0
 6965,2016/08/15,19:29:35,16,16,9.3,0
 6966,2016/08/15,19:29:45,16.1,16,10,0
 6967,2016/08/15,19:29:55,17,16,9.1,0
 6968,2016/08/15,19:30:05,17,16,9,0
 6969,2016/08/15,19:30:15,17.2,16,9,0
 6970,2016/08/15,19:30:25,17.8,16,9,0
 6971,2016/08/15,19:30:35,17,16,9,0
 6972,2016/08/15,19:30:45,17,16,9,0
 6973,2016/08/15,19:30:55,17,16,9,0
 6974,2016/08/15,19:31:05,17,16,9,0
 6975,2016/08/15,19:31:15,17,16,8.6,0
 6976,2016/08/15,19:31:25,17,16,8.3,0
 6977,2016/08/15,19:31:35,17.5,16,9,0
 6978,2016/08/15,19:31:46,17,16.2,9,0
 6979,2016/08/15,19:31:56,17,17,8.1,0
 6980,2016/08/15,19:32:06,17,17,7.6,0
 6981,2016/08/15,19:32:16,16.1,17,7,0
 6982,2016/08/15,19:32:26,17,17.2,7,0
 6983,2016/08/15,19:32:36,17,18,7.3,0
 6984,2016/08/15,19:32:46,16.2,17.7,8,0
 6985,2016/08/15,19:32:56,16,17,7.6,0
 6986,2016/08/15,19:33:06,16.8,17,7,0
 6987,2016/08/15,19:33:16,17,17.2,7,0
 6988,2016/08/15,19:33:26,17,17.2,7,0
 6989,2016/08/15,19:33:36,17,17.2,7,0
 6990,2016/08/15,19:33:47,17,18,7.9,0
 6991,2016/08/15,19:33:57,16.7,18,8,0
 6992,2016/08/15,19:34:07,16,18,8,0
 6993,2016/08/15,19:34:17,16,17.7,8,0
 6994,2016/08/15,19:34:27,16,17,8,0
 6995,2016/08/15,19:34:37,16,17,8,0
 6996,2016/08/15,19:34:47,15.6,17,8,0
 6997,2016/08/15,19:34:57,15.3,17,8,0
 6998,2016/08/15,19:35:07,16,16.2,8,0
 6999,2016/08/15,19:35:17,16,16,8,0
 7000,2016/08/15,19:35:27,16,16,8,0
 7001,2016/08/15,19:35:37,15.6,16,8,0
 7002,2016/08/15,19:35:47,15,16,8,0
 7003,2016/08/15,19:35:58,15,16,8,0
 7004,2016/08/15,19:36:08,15,16,8,0
 7005,2016/08/15,19:36:18,15,16,7.1,0
 7006,2016/08/15,19:36:28,15,16,7,0
 7007,2016/08/15,19:36:38,15.5,16,7,0
 7008,2016/08/15,19:36:48,15,16,7,0
 7009,2016/08/15,19:36:58,15.4,16,7,0
 7010,2016/08/15,19:37:08,16,16,7.5,0
 7011,2016/08/15,19:37:18,16.5,16,7.5,0
 7012,2016/08/15,19:37:28,16,16,7,0
 7013,2016/08/15,19:37:38,16,16,7,0
 7014,2016/08/15,19:37:48,15.2,16.8,7.9,0
 7015,2016/08/15,19:37:59,16,16.2,7.5,0
 7016,2016/08/15,19:38:09,16,16,7,0
 7017,2016/08/15,19:38:19,16,16,7.4,0
 7018,2016/08/15,19:38:29,16,16,8,0
 7019,2016/08/15,19:38:39,16,16,8,0
 7020,2016/08/15,19:38:49,16,16,8,0
 7021,2016/08/15,19:38:59,16,16,8.5,0
 7022,2016/08/15,19:39:09,16,16.3,8.9,0
 7023,2016/08/15,19:39:19,16,17,9,0
 7024,2016/08/15,19:39:29,16,17,9,0
 7025,2016/08/15,19:39:39,15,16.2,9,0
 7026,2016/08/15,19:39:49,15,16,8.5,0
 7027,2016/08/15,19:40:00,15,16,8,0
 7028,2016/08/15,19:40:10,15.5,16,8,0
 7029,2016/08/15,19:40:20,16,16.8,8,0
 7030,2016/08/15,19:40:30,16,17.3,8,0
 7031,2016/08/15,19:40:40,16,18,8,0
 7032,2016/08/15,19:40:50,16,18,8,0
 7033,2016/08/15,19:41:00,16,17.7,8,0
 7034,2016/08/15,19:41:10,16,17.8,8,0
 7035,2016/08/15,19:41:20,16,17.5,8,0
 7036,2016/08/15,19:41:30,16,17.2,8,0
 7037,2016/08/15,19:41:40,16,17,7.5,0
 7038,2016/08/15,19:41:50,16,17.3,7,0
 7039,2016/08/15,19:42:00,16,18,7,0
 7040,2016/08/15,19:42:11,16,18,7.4,0
 7041,2016/08/15,19:42:21,16,17.5,8,0
 7042,2016/08/15,19:42:31,15.8,18,8.4,0
 7043,2016/08/15,19:42:41,15.5,18,8.5,0
 7044,2016/08/15,19:42:51,15,18,8,0
 7045,2016/08/15,19:43:01,15.6,18,8,0
 7046,2016/08/15,19:43:11,16,18,8.5,0
 7047,2016/08/15,19:43:21,16,18,9,0
 7048,2016/08/15,19:43:31,16.2,18,9,0
 7049,2016/08/15,19:43:41,16.3,18,8,0
 7050,2016/08/15,19:43:51,16,18,8,0
 7051,2016/08/15,19:44:01,16,18,8,0
 7052,2016/08/15,19:44:12,16.2,18,8,0
 7053,2016/08/15,19:44:22,17,18,8,0
 7054,2016/08/15,19:44:32,17,18,8,0
 7055,2016/08/15,19:44:42,17,18,8,0
 7056,2016/08/15,19:44:52,17,17.6,8,0
 7057,2016/08/15,19:45:02,17.7,17,8,0
 7058,2016/08/15,19:45:12,18,17,7,0
 7059,2016/08/15,19:45:22,18,17,7.5,0
 7060,2016/08/15,19:45:32,18,17,8,0
 7061,2016/08/15,19:45:42,18,17,7.5,0
 7062,2016/08/15,19:45:52,18,17.3,7,0
 7063,2016/08/15,19:46:02,17.7,18,7,0
 7064,2016/08/15,19:46:12,17.8,18,7,0
 7065,2016/08/15,19:46:23,18,18,7,0
 7066,2016/08/15,19:46:33,18,18,8,0
 7067,2016/08/15,19:46:43,18,18,8,0
 7068,2016/08/15,19:46:53,17.6,18,8,0
 7069,2016/08/15,19:47:03,17.5,18.9,8,0
 7070,2016/08/15,19:47:13,17.5,19,8,0
 7071,2016/08/15,19:47:23,17.3,19.9,8.5,0
 7072,2016/08/15,19:47:33,18,20,9,0
 7073,2016/08/15,19:47:43,17.6,20,9,0
 7074,2016/08/15,19:47:53,17.8,20,9,0
 7075,2016/08/15,19:48:03,18,20,9,0
 7076,2016/08/15,19:48:13,18,20,10,0
 7077,2016/08/15,19:48:24,18,20,10,0
 7078,2016/08/15,19:48:34,18,20.4,10,0
 7079,2016/08/15,19:48:44,18,20.5,10,0
 7080,2016/08/15,19:48:54,18,21,10,0
 7081,2016/08/15,19:49:04,18.4,20.6,9.9,0
 7082,2016/08/15,19:49:14,19,20.5,9,0
 7083,2016/08/15,19:49:24,18.1,20,9,0
 7084,2016/08/15,19:49:34,18,19.1,9,0
 7085,2016/08/15,19:49:44,18,19,9,0
 7086,2016/08/15,19:49:54,17.6,19,9,0
 7087,2016/08/15,19:50:04,17.5,19,8.4,0
 7088,2016/08/15,19:50:14,17,19.4,8,0
 7089,2016/08/15,19:50:25,17,19.1,8,0
 7090,2016/08/15,19:50:35,17,19,7.9,0
 7091,2016/08/15,19:50:45,17,18.6,7.5,0
 7092,2016/08/15,19:50:55,17,18,8,0
 7093,2016/08/15,19:51:05,17,18,8,0
 7094,2016/08/15,19:51:15,17,18,8,0
 7095,2016/08/15,19:51:25,17,18,8,0
 7096,2016/08/15,19:51:35,16.9,18,8,0
 7097,2016/08/15,19:51:45,16,18.9,8,0
 7098,2016/08/15,19:51:55,16,19,8,0
 7099,2016/08/15,19:52:05,16,19.4,8,0
 7100,2016/08/15,19:52:15,16,19,8,0
 7101,2016/08/15,19:52:26,16,19,8,0
 7102,2016/08/15,19:52:36,16,19,8.1,0
 7103,2016/08/15,19:52:46,16.1,19,9,0
 7104,2016/08/15,19:52:56,17,19,9,0
 7105,2016/08/15,19:53:06,17,19,9,0
 7106,2016/08/15,19:53:16,17,19,8.9,0
 7107,2016/08/15,19:53:26,17.1,19,8.5,0
 7108,2016/08/15,19:53:36,18,19,8.6,0
 7109,2016/08/15,19:53:46,18,19,9,0
 7110,2016/08/15,19:53:56,18,18.5,9,0
 7111,2016/08/15,19:54:06,18,19,9,0
 7112,2016/08/15,19:54:16,18,19,9,0
 7113,2016/08/15,19:54:27,18,19,9,0
 7114,2016/08/15,19:54:37,18,19.5,9,0
 7115,2016/08/15,19:54:47,18,19,8.9,0
 7116,2016/08/15,19:54:57,18,19,8.6,0
 7117,2016/08/15,19:55:07,18,19.4,9,0
 7118,2016/08/15,19:55:17,18,19.5,9,0
 7119,2016/08/15,19:55:27,18.1,20,9,0
 7120,2016/08/15,19:55:37,19,20.4,9,0
 7121,2016/08/15,19:55:47,19,21,9,0
 7122,2016/08/15,19:55:57,18.8,21,9,0
 7123,2016/08/15,19:56:07,18,21,8.5,0
 7124,2016/08/15,19:56:17,18,20,9,0
 7125,2016/08/15,19:56:28,18.7,20,9,0
 7126,2016/08/15,19:56:38,19,20,9,0
 7127,2016/08/15,19:56:48,19,20,9,0
 7128,2016/08/15,19:56:58,19,20,9,0
 7129,2016/08/15,19:57:08,19,20,9,0
 7130,2016/08/15,19:57:18,19.2,20,9,0
 7131,2016/08/15,19:57:28,20,20,9,0
 7132,2016/08/15,19:57:38,20,20.5,9,0
 7133,2016/08/15,19:57:48,20,20,9,0
 7134,2016/08/15,19:57:58,20,20.5,9,0
 7135,2016/08/15,19:58:08,19.2,20.5,9,0
 7136,2016/08/15,19:58:18,19.2,20,9,0
 7137,2016/08/15,19:58:28,20,20,9,0
 7138,2016/08/15,19:58:39,20,20,9.1,0
 7139,2016/08/15,19:58:49,20,20,9.3,0
 7140,2016/08/15,19:58:59,20,20,9,0
 7141,2016/08/15,19:59:09,19.7,19.5,9,0
 7142,2016/08/15,19:59:19,19.5,20,9,0
 7143,2016/08/15,19:59:29,19.2,20,9,0
 7144,2016/08/15,19:59:39,19,20,9,0
 7145,2016/08/15,19:59:49,19.7,20,9,0
 7146,2016/08/15,19:59:59,19.8,21,9,0
 7147,2016/08/15,20:00:09,20,20.5,9,0
 7148,2016/08/15,20:00:19,20.3,21,9,0
 7149,2016/08/15,20:00:29,21,20,9,0
 7150,2016/08/15,20:00:40,21,20,9,0
 7151,2016/08/15,20:00:50,21,20,9,0
 7152,2016/08/15,20:01:00,21,20,9,0
 7153,2016/08/15,20:01:10,21.3,20.5,9,0
 7154,2016/08/15,20:01:20,22,21,9,0
 7155,2016/08/15,20:01:30,21.6,21,9,0
 7156,2016/08/15,20:01:40,21.5,21,9,0
 7157,2016/08/15,20:01:50,21.5,21,9,0
 7158,2016/08/15,20:02:00,21,20.9,9,0
 7159,2016/08/15,20:02:10,21,20,9.7,0
 7160,2016/08/15,20:02:20,21,20,10,0
 7161,2016/08/15,20:02:30,21,20,10,0
 7162,2016/08/15,20:02:41,21,20,9.3,0
 7163,2016/08/15,20:02:51,21,19.5,9.2,0
 7164,2016/08/15,20:03:01,21,19.5,9.3,0
 7165,2016/08/15,20:03:11,20.5,20,9,0
 7166,2016/08/15,20:03:21,20,20,9,0
 7167,2016/08/15,20:03:31,20,20,9,0
 7168,2016/08/15,20:03:41,20,19.4,9,0
 7169,2016/08/15,20:03:51,20,19.5,9,0
 7170,2016/08/15,20:04:01,20,19,9.7,0
 7171,2016/08/15,20:04:11,20,19.5,10,0
 7172,2016/08/15,20:04:21,20,20,9.3,0
 7173,2016/08/15,20:04:31,20,20,9,0
 7174,2016/08/15,20:04:42,20,20,8.8,0
 7175,2016/08/15,20:04:52,20.1,19.5,8.7,0
 7176,2016/08/15,20:05:02,20.4,19.9,9,0
 7177,2016/08/15,20:05:12,20,19,9,0
 7178,2016/08/15,20:05:22,20,19,9.5,0
 7179,2016/08/15,20:05:32,19.9,19.5,9,0
 7180,2016/08/15,20:05:42,19,19,9,0
 7181,2016/08/15,20:05:52,19,19,9,0
 7182,2016/08/15,20:06:02,19,19,9,0
 7183,2016/08/15,20:06:12,19,19,9,0
 7184,2016/08/15,20:06:22,18.8,19,9,0
 7185,2016/08/15,20:06:32,18,19.1,9,0
 7186,2016/08/15,20:06:42,18.5,19.4,9,0
 7187,2016/08/15,20:06:53,18,19,9,0
 7188,2016/08/15,20:07:03,18.2,18.9,9,0
 7189,2016/08/15,20:07:13,19,18.6,9.7,0
 7190,2016/08/15,20:07:23,19,19,9.2,0
 7191,2016/08/15,20:07:33,19,19,9,0
 7192,2016/08/15,20:07:43,19,19,9,0
 7193,2016/08/15,20:07:53,19,19.1,9.2,0
 7194,2016/08/15,20:08:03,19,19.4,10,0
 7195,2016/08/15,20:08:13,19,19,10,0
 7196,2016/08/15,20:08:23,19,19,10,0
 7197,2016/08/15,20:08:33,18.3,19,10,0
 7198,2016/08/15,20:08:43,18,19,10,0
 7199,2016/08/15,20:08:53,18.2,19,10,0
 7200,2016/08/15,20:09:04,19,19,10,0
 7201,2016/08/15,20:09:14,18.2,19,10,0
 7202,2016/08/15,20:09:24,18,19,9.2,0
 7203,2016/08/15,20:09:34,18,19.5,9,0
 7204,2016/08/15,20:09:44,18,19,9,0
 7205,2016/08/15,20:09:54,18,19,9,0
 7206,2016/08/15,20:10:04,18,19,9,0
 7207,2016/08/15,20:10:14,18,19,9,0
 7208,2016/08/15,20:10:24,18,19,8.2,0
 7209,2016/08/15,20:10:34,18,19.1,8,0
 7210,2016/08/15,20:10:44,18,20,8,0
 7211,2016/08/15,20:10:54,18,20.6,8.8,0
 7212,2016/08/15,20:11:05,18,21,9,0
 7213,2016/08/15,20:11:15,18.8,21.6,9,0
 7214,2016/08/15,20:11:25,19,22,9,0
 7215,2016/08/15,20:11:35,19,22,9,0
 7216,2016/08/15,20:11:45,19,22,9.3,0
 7217,2016/08/15,20:11:55,18.7,22,10,0
 7218,2016/08/15,20:12:05,18.3,21.5,10,0
 7219,2016/08/15,20:12:15,18.1,22,10,0
 7220,2016/08/15,20:12:25,18.5,22,9.7,0
 7221,2016/08/15,20:12:35,18,22,9,0
 7222,2016/08/15,20:12:45,18,22,9,0
 7223,2016/08/15,20:12:55,18,22,9.8,0
 7224,2016/08/15,20:13:05,18,21.8,9.2,0
 7225,2016/08/15,20:13:16,18,21,9.8,0
 7226,2016/08/15,20:13:26,18,20.3,9.2,0
 7227,2016/08/15,20:13:36,18,20,9,0
 7228,2016/08/15,20:13:46,18,20,9,0
 7229,2016/08/15,20:13:56,18,20,9,0
 7230,2016/08/15,20:14:06,18.4,20,8.2,0
 7231,2016/08/15,20:14:16,19,19.3,8,0
 7232,2016/08/15,20:14:26,19,19,7.7,0
 7233,2016/08/15,20:14:36,19,19.4,7,0
 7234,2016/08/15,20:14:46,19.9,19,7,0
 7235,2016/08/15,20:14:56,20,19,7.3,0
 7236,2016/08/15,20:15:06,20,19,8,0
 7237,2016/08/15,20:15:16,20.4,19,8,0
 7238,2016/08/15,20:15:27,20,19,8,0
 7239,2016/08/15,20:15:37,20,19,8,0
 7240,2016/08/15,20:15:47,20.9,19.7,8,0
 7241,2016/08/15,20:15:57,21,20,8,0
 7242,2016/08/15,20:16:07,21,20,7.6,0
 7243,2016/08/15,20:16:17,20.5,20,7.3,0
 7244,2016/08/15,20:16:27,21,20,8,0
 7245,2016/08/15,20:16:37,21.5,20,8,0
 7246,2016/08/15,20:16:47,21.5,20,8,0
 7247,2016/08/15,20:16:57,22,20.7,8.3,0
 7248,2016/08/15,20:17:07,22,21,9,0
 7249,2016/08/15,20:17:17,22,21,8.5,0
 7250,2016/08/15,20:17:27,22,20.8,8.6,0
 7251,2016/08/15,20:17:37,22,20,8,0
 7252,2016/08/15,20:17:48,21,20.7,8.8,0
 7253,2016/08/15,20:17:58,21.9,21,9,0
 7254,2016/08/15,20:18:08,21,21,9,0
 7255,2016/08/15,20:18:18,21,21,9,0
 7256,2016/08/15,20:18:28,21,20.5,8.6,0
 7257,2016/08/15,20:18:38,21,21,8,0
 7258,2016/08/15,20:18:48,21,21,8,0
 7259,2016/08/15,20:18:58,21,21.5,8,0
 7260,2016/08/15,20:19:08,20.5,21,8,0
 7261,2016/08/15,20:19:18,20.9,21,8.8,0
 7262,2016/08/15,20:19:28,20,21,8.1,0
 7263,2016/08/15,20:19:38,20,21,8,0
 7264,2016/08/15,20:19:48,20,21,8,0
 7265,2016/08/15,20:19:59,20,21,8,0
 7266,2016/08/15,20:20:09,20,21,8.4,0
 7267,2016/08/15,20:20:19,20,20.2,9,0
 7268,2016/08/15,20:20:29,20,20,9,0
 7269,2016/08/15,20:20:39,20,20,9,0
 7270,2016/08/15,20:20:49,20.5,20,9,0
 7271,2016/08/15,20:20:59,20,20,9,0
 7272,2016/08/15,20:21:09,20,20,9.4,0
 7273,2016/08/15,20:21:19,20,19.7,10,0
 7274,2016/08/15,20:21:29,19.8,19,10,0
 7275,2016/08/15,20:21:39,19,19,10,0
 7276,2016/08/15,20:21:49,19,19,10,0
 7277,2016/08/15,20:21:59,18.8,18.7,10,0
 7278,2016/08/15,20:22:09,18,18.7,10,0
 7279,2016/08/15,20:22:20,18.1,19,10,0
 7280,2016/08/15,20:22:30,19,19,10,0
 7281,2016/08/15,20:22:40,19,19,9.6,0
 7282,2016/08/15,20:22:50,19,19,9,0
 7283,2016/08/15,20:23:00,19.2,18.2,9,0
 7284,2016/08/15,20:23:10,20,18.5,9.4,0
 7285,2016/08/15,20:23:20,20,18,10,0
 7286,2016/08/15,20:23:30,20,18,10,0
 7287,2016/08/15,20:23:40,20,18,10,0
 7288,2016/08/15,20:23:50,20.7,18.5,10,0
 7289,2016/08/15,20:24:00,21,18.7,9.1,0
 7290,2016/08/15,20:24:10,21,19,9.5,0
 7291,2016/08/15,20:24:20,21,19,9,0
 7292,2016/08/15,20:24:31,21,19,9,0
 7293,2016/08/15,20:24:41,21,18.5,9.9,0
 7294,2016/08/15,20:24:51,21,18.2,10,0
 7295,2016/08/15,20:25:01,20.5,18.5,10,0
 7296,2016/08/15,20:25:11,20.7,18.3,10,0
 7297,2016/08/15,20:25:21,20,19,10,0
 7298,2016/08/15,20:25:31,20,19,10,0
 7299,2016/08/15,20:25:41,20,19,9.5,0
 7300,2016/08/15,20:25:51,19.7,19,9,0
 7301,2016/08/15,20:26:01,19.8,19,9,0
 7302,2016/08/15,20:26:11,19.1,19,9.4,0
 7303,2016/08/15,20:26:21,19,19,9,0
 7304,2016/08/15,20:26:31,19,19,9,0
 7305,2016/08/15,20:26:41,19.3,19.5,9.5,0
 7306,2016/08/15,20:26:52,19.6,19,9,0
 7307,2016/08/15,20:27:02,19,19.8,9.4,0
 7308,2016/08/15,20:27:12,19,20,9,0
 7309,2016/08/15,20:27:22,19,19.7,9,0
 7310,2016/08/15,20:27:32,19,19.8,9,0
 7311,2016/08/15,20:27:42,19,19.2,9,0
 7312,2016/08/15,20:27:52,19,19,8.5,0
 7313,2016/08/15,20:28:02,18.6,19,8,0
 7314,2016/08/15,20:28:12,18.4,18.2,8.9,0
 7315,2016/08/15,20:28:22,18.1,18,9,0
 7316,2016/08/15,20:28:32,18,18,9,0
 7317,2016/08/15,20:28:42,18.9,18,9,0
 7318,2016/08/15,20:28:52,18.6,18,9,0
 7319,2016/08/15,20:29:03,18,18,9,0
 7320,2016/08/15,20:29:13,18,18,9,0
 7321,2016/08/15,20:29:23,17.1,18,9,0
 7322,2016/08/15,20:29:33,18,18,9,0
 7323,2016/08/15,20:29:43,18.9,18,9,0
 7324,2016/08/15,20:29:53,18.5,18,9,0
 7325,2016/08/15,20:30:03,18.4,18,9,0
 7326,2016/08/15,20:30:13,19,18.8,8.5,0
 7327,2016/08/15,20:30:23,19,19,8.5,0
 7328,2016/08/15,20:30:33,19,19,8.5,0
 7329,2016/08/15,20:30:43,19,19,8,0
 7330,2016/08/15,20:30:53,19.4,19,8,0
 7331,2016/08/15,20:31:03,19.5,19,8.5,0
 7332,2016/08/15,20:31:13,20,18.6,9,0
 7333,2016/08/15,20:31:24,20,18,9,0
 7334,2016/08/15,20:31:34,20,18.3,8.5,0
 7335,2016/08/15,20:31:44,20.4,18.1,8,0
 7336,2016/08/15,20:31:54,20.5,18,9,0
 7337,2016/08/15,20:32:04,20.4,18,9,0
 7338,2016/08/15,20:32:14,20.5,18,9,0
 7339,2016/08/15,20:32:24,20,18,9,0
 7340,2016/08/15,20:32:34,20.9,18.3,9,0
 7341,2016/08/15,20:32:44,21,18.1,9,0
 7342,2016/08/15,20:32:54,21,18.8,9,0
 7343,2016/08/15,20:33:04,21,18.1,9,0
 7344,2016/08/15,20:33:14,21,18,9,0
 7345,2016/08/15,20:33:24,20.5,18.9,9,0
 7346,2016/08/15,20:33:34,21,19,10,0
 7347,2016/08/15,20:33:45,20.5,19,10,0
 7348,2016/08/15,20:33:55,20,19,10.4,0
 7349,2016/08/15,20:34:05,20,19,10,0
 7350,2016/08/15,20:34:15,20,19.4,11,0
 7351,2016/08/15,20:34:25,20,19.1,10.4,0
 7352,2016/08/15,20:34:35,20,19,10,0
 7353,2016/08/15,20:34:45,20,19.5,10,0
 7354,2016/08/15,20:34:55,20,19,10,0
 7355,2016/08/15,20:35:05,20,19,10,0
 7356,2016/08/15,20:35:15,20,19,10.5,0
 7357,2016/08/15,20:35:25,20,19,10.4,0
 7358,2016/08/15,20:35:35,20,19.5,10,0
 7359,2016/08/15,20:35:45,20,19.5,10.9,0
 7360,2016/08/15,20:35:56,19.9,19,10,0
 7361,2016/08/15,20:36:06,19,18.1,9.4,0
 7362,2016/08/15,20:36:16,19,18,9.5,0
 7363,2016/08/15,20:36:26,19,18,9.4,0
 7364,2016/08/15,20:36:36,19,18,9,0
 7365,2016/08/15,20:36:46,19,18,9,0
 7366,2016/08/15,20:36:56,19,18,9,0
 7367,2016/08/15,20:37:06,19,18.9,9,0
 7368,2016/08/15,20:37:16,19,19,9,0
 7369,2016/08/15,20:37:26,19,19,9,0
 7370,2016/08/15,20:37:36,19,19,8.4,0
 7371,2016/08/15,20:37:46,18.8,19,8,0
 7372,2016/08/15,20:37:56,18,19,8,0
 7373,2016/08/15,20:38:07,18.1,18.5,8,0
 7374,2016/08/15,20:38:17,19,19,8,0
 7375,2016/08/15,20:38:27,19,19,8,0
 7376,2016/08/15,20:38:37,19,19.9,8,0
 7377,2016/08/15,20:38:47,19,19,8,0
 7378,2016/08/15,20:38:57,19.7,19.4,8.6,0
 7379,2016/08/15,20:39:07,20,20,8.4,0
 7380,2016/08/15,20:39:17,20,20,8.6,0
 7381,2016/08/15,20:39:27,19.3,20,8.4,0
 7382,2016/08/15,20:39:37,19,19,8,0
 7383,2016/08/15,20:39:47,19,19,8,0
 7384,2016/08/15,20:39:57,19,19,8,0
 7385,2016/08/15,20:40:07,19,19,8,0
 7386,2016/08/15,20:40:18,19,19,8,0
 7387,2016/08/15,20:40:28,19,19,8,0
 7388,2016/08/15,20:40:38,19,19,8,0
 7389,2016/08/15,20:40:48,19.2,19,8,0
 7390,2016/08/15,20:40:58,19.5,18,8,0
 7391,2016/08/15,20:41:08,19.2,18.5,8.6,0
 7392,2016/08/15,20:41:18,19,18.9,8.9,0
 7393,2016/08/15,20:41:28,19,19,8,0
 7394,2016/08/15,20:41:38,18.5,19,8,0
 7395,2016/08/15,20:41:48,19,19,8,0
 7396,2016/08/15,20:41:58,19,18,8,0
 7397,2016/08/15,20:42:08,19,18.9,8,0
 7398,2016/08/15,20:42:19,19.3,19,8,0
 7399,2016/08/15,20:42:29,19.2,18.5,8,0
 7400,2016/08/15,20:42:39,19.8,18.9,8,0
 7401,2016/08/15,20:42:49,20,18.5,8,0
 7402,2016/08/15,20:42:59,20,18,8.1,0
 7403,2016/08/15,20:43:09,19.5,18.5,9,0
 7404,2016/08/15,20:43:19,19.1,18.5,9,0
 7405,2016/08/15,20:43:29,19.3,18,9,0
 7406,2016/08/15,20:43:39,20,18,8.3,0
 7407,2016/08/15,20:43:49,20,18,8.6,0
 7408,2016/08/15,20:43:59,20.3,17.5,9,0
 7409,2016/08/15,20:44:09,21,18,9,0
 7410,2016/08/15,20:44:19,21,18,9,0
 7411,2016/08/15,20:44:30,20.6,18,9,0
 7412,2016/08/15,20:44:40,20,18,9,0
 7413,2016/08/15,20:44:50,19.6,18,9,0
 7414,2016/08/15,20:45:00,19.4,18,9,0
 7415,2016/08/15,20:45:10,19,18.5,9,0
 7416,2016/08/15,20:45:20,19,18,9.6,0
 7417,2016/08/15,20:45:30,19,18,9.8,0
 7418,2016/08/15,20:45:40,19,18,9.1,0
 7419,2016/08/15,20:45:50,19.9,18,9.5,0
 7420,2016/08/15,20:46:00,19.1,18,10,0
 7421,2016/08/15,20:46:10,19.9,18,10,0
 7422,2016/08/15,20:46:20,20,18,9.3,0
 7423,2016/08/15,20:46:30,20,18,9,0
 7424,2016/08/15,20:46:41,19,17,9,0
 7425,2016/08/15,20:46:51,19,17,9,0
 7426,2016/08/15,20:47:01,19,17,9,0
 7427,2016/08/15,20:47:11,19,17,9,0
 7428,2016/08/15,20:47:21,19,17,9,0
 7429,2016/08/15,20:47:31,19.5,16.4,9.1,0
 7430,2016/08/15,20:47:41,19.5,16,9.3,0
 7431,2016/08/15,20:47:51,20,16,9,0
 7432,2016/08/15,20:48:01,19.5,16,9,0
 7433,2016/08/15,20:48:11,19,16,9,0
 7434,2016/08/15,20:48:21,18.5,16,8.5,0
 7435,2016/08/15,20:48:31,18,17,9,0
 7436,2016/08/15,20:48:41,17.9,16.4,8.3,0
 7437,2016/08/15,20:48:51,17,16,8.7,0
 7438,2016/08/15,20:49:02,17,16,8.8,0
 7439,2016/08/15,20:49:12,17,16,8,0
 7440,2016/08/15,20:49:22,17,16,8,0
 7441,2016/08/15,20:49:32,17,15.5,8.2,0
 7442,2016/08/15,20:49:42,17,16,8.8,0
 7443,2016/08/15,20:49:52,17,16,8,0
 7444,2016/08/15,20:50:02,16.9,16,8,0
 7445,2016/08/15,20:50:12,16,16,8,0
 7446,2016/08/15,20:50:22,16,16,8,0
 7447,2016/08/15,20:50:32,16,16,8,0
 7448,2016/08/15,20:50:42,16.5,16,8,0
 7449,2016/08/15,20:50:52,17,15.9,8,0
 7450,2016/08/15,20:51:02,17,15,8,0
 7451,2016/08/15,20:51:13,17,15,8.7,0
 7452,2016/08/15,20:51:23,17,15,9,0
 7453,2016/08/15,20:51:33,17,15.5,8.5,0
 7454,2016/08/15,20:51:43,17,15,9,0
 7455,2016/08/15,20:51:53,16.3,15,9,0
 7456,2016/08/15,20:52:03,16.6,15,9,0
 7457,2016/08/15,20:52:13,17,15,9.7,0
 7458,2016/08/15,20:52:23,17,14.9,10.5,0
 7459,2016/08/15,20:52:33,17,14,10,0
 7460,2016/08/15,20:52:43,17.1,14.6,10,0
 7461,2016/08/15,20:52:53,17.8,15,10,0
 7462,2016/08/15,20:53:03,17,15,10,0
 7463,2016/08/15,20:53:13,17,15,10,0
 7464,2016/08/15,20:53:24,17,14.5,10,0
 7465,2016/08/15,20:53:34,17,15,10,0
 7466,2016/08/15,20:53:44,16.5,15,10,0
 7467,2016/08/15,20:53:54,17,15,10,0
 7468,2016/08/15,20:54:04,17,15,10,0
 7469,2016/08/15,20:54:14,17,15,10,0
 7470,2016/08/15,20:54:24,17,15,10,0
 7471,2016/08/15,20:54:34,16.8,15,10,0
 7472,2016/08/15,20:54:44,16,15.6,9.2,0
 7473,2016/08/15,20:54:54,16,16.6,9,0
 7474,2016/08/15,20:55:04,16,17,9,0
 7475,2016/08/15,20:55:14,16,17,9,0
 7476,2016/08/15,20:55:24,16,17,9,0
 7477,2016/08/15,20:55:35,15.5,17.1,9,0
 7478,2016/08/15,20:55:45,15.2,17.9,9,0
 7479,2016/08/15,20:55:55,16,17,9,0
 7480,2016/08/15,20:56:05,16,17.1,9.2,0
 7481,2016/08/15,20:56:15,16,17.4,9.2,0
 7482,2016/08/15,20:56:25,16,17.1,8.7,0
 7483,2016/08/15,20:56:35,16,18,8.7,0
 7484,2016/08/15,20:56:45,16,18,9,0
 7485,2016/08/15,20:56:55,16,18,9,0
 7486,2016/08/15,20:57:05,16,18,8.5,0
 7487,2016/08/15,20:57:15,16,18,9,0
 7488,2016/08/15,20:57:25,16,17.3,9,0
 7489,2016/08/15,20:57:35,16,16.8,9,0
 7490,2016/08/15,20:57:45,16,16,9,0
 7491,2016/08/15,20:57:56,16,16.1,9,0
 7492,2016/08/15,20:58:06,16,17,9,0
 7493,2016/08/15,20:58:16,15.6,17,9,0
 7494,2016/08/15,20:58:26,15,17,9.3,0
 7495,2016/08/15,20:58:36,15,17,9.7,0
 7496,2016/08/15,20:58:46,15,17,9,0
 7497,2016/08/15,20:58:56,15,17,9,0
 7498,2016/08/15,20:59:06,15,16.3,9,0
 7499,2016/08/15,20:59:16,15,16,9,0
 7500,2016/08/15,20:59:26,15,16,9,0
 7501,2016/08/15,20:59:36,15,15.3,9,0
 7502,2016/08/15,20:59:46,15,15.1,9,0
 7503,2016/08/15,20:59:56,15.4,16,9,0
 7504,2016/08/15,21:00:06,16,16,9,0
 7505,2016/08/15,21:00:17,16,16,9,0
 7506,2016/08/15,21:00:27,16,15.8,9,0
 7507,2016/08/15,21:00:37,16,15,9,0
 7508,2016/08/15,21:00:47,16.5,15,9,0
 7509,2016/08/15,21:00:57,17,15,9,0
 7510,2016/08/15,21:01:07,17,15,9,0
 7511,2016/08/15,21:01:17,17,15,9,0
 7512,2016/08/15,21:01:27,17,15,9,0
 7513,2016/08/15,21:01:37,18,15.7,8.7,0
 7514,2016/08/15,21:01:47,18,16,8,0
 7515,2016/08/15,21:01:57,18,16.7,8,0
 7516,2016/08/15,21:02:07,18,17,8,0
 7517,2016/08/15,21:02:17,17.5,16.8,8,0
 7518,2016/08/15,21:02:28,17,16,8,0
 7519,2016/08/15,21:02:38,17,16,8,0
 7520,2016/08/15,21:02:48,17,16,8,0
 7521,2016/08/15,21:02:58,17,16.2,8.5,0
 7522,2016/08/15,21:03:08,17,17,8,0
 7523,2016/08/15,21:03:18,17,17,8,0
 7524,2016/08/15,21:03:28,16.5,17,8,0
 7525,2016/08/15,21:03:38,16.4,17,8,0
 7526,2016/08/15,21:03:48,16,17.2,8,0
 7527,2016/08/15,21:03:58,16,18,8,0
 7528,2016/08/15,21:04:08,15.5,17.3,8,0
 7529,2016/08/15,21:04:18,16,17,8,0
 7530,2016/08/15,21:04:28,16,17.2,8.3,0
 7531,2016/08/15,21:04:38,16,17.3,9,0
 7532,2016/08/15,21:04:49,15.2,17,9,0
 7533,2016/08/15,21:04:59,16,17.7,9,0
 7534,2016/08/15,21:05:09,16,18,9,0
 7535,2016/08/15,21:05:19,16,18,9,0
 7536,2016/08/15,21:05:29,15.5,18,9,0
 7537,2016/08/15,21:05:39,16,18,9,0
 7538,2016/08/15,21:05:49,16,18,9,0
 7539,2016/08/15,21:05:59,16,18,9.3,0
 7540,2016/08/15,21:06:09,16,18,10,0
 7541,2016/08/15,21:06:19,16,17.7,10,0
 7542,2016/08/15,21:06:29,16,17,9.5,0
 7543,2016/08/15,21:06:39,16,17.2,10,0
 7544,2016/08/15,21:06:49,16.1,18,10,0
 7545,2016/08/15,21:07:00,16.4,17.2,9.6,0
 7546,2016/08/15,21:07:10,16,17,9,0
 7547,2016/08/15,21:07:20,16,17,9,0
 7548,2016/08/15,21:07:30,16,17,9,0
 7549,2016/08/15,21:07:40,16,17.7,9,0
 7550,2016/08/15,21:07:50,16,18,9.5,0
 7551,2016/08/15,21:08:00,16.6,18,9,0
 7552,2016/08/15,21:08:10,17,18,9,0
 7553,2016/08/15,21:08:20,17,18,9,0
 7554,2016/08/15,21:08:30,17,18,9,0
 7555,2016/08/15,21:08:40,17,18,9,0
 7556,2016/08/15,21:08:50,17,18.2,9,0
 7557,2016/08/15,21:09:00,17,18.2,9,0
 7558,2016/08/15,21:09:10,16.8,18.5,9,0
 7559,2016/08/15,21:09:21,16,18,9,0
 7560,2016/08/15,21:09:31,16.7,18.2,9,0
 7561,2016/08/15,21:09:41,17,19,9,0
 7562,2016/08/15,21:09:51,17,19,9,0
 7563,2016/08/15,21:10:01,17,19,8.1,0
 7564,2016/08/15,21:10:11,17,19,8.5,0
 7565,2016/08/15,21:10:21,17,19,8.4,0
 7566,2016/08/15,21:10:31,17.2,19,9,0
 7567,2016/08/15,21:10:41,17.5,19.3,9,0
 7568,2016/08/15,21:10:51,18,19.7,9.9,0
 7569,2016/08/15,21:11:01,18,19,9.6,0
 7570,2016/08/15,21:11:11,18,19,9,0
 7571,2016/08/15,21:11:21,18,19,9,0
 7572,2016/08/15,21:11:31,18.3,19.3,9.4,0
 7573,2016/08/15,21:11:42,19,20,10,0
 7574,2016/08/15,21:11:52,19,20,10,0
 7575,2016/08/15,21:12:02,19,20,9.5,0
 7576,2016/08/15,21:12:12,19,20,10,0
 7577,2016/08/15,21:12:22,19,19.5,9.5,0
 7578,2016/08/15,21:12:32,19,19.7,10,0
 7579,2016/08/15,21:12:42,19,19.5,10,0
 7580,2016/08/15,21:12:52,19,19,9.5,0
 7581,2016/08/15,21:13:02,19,19,9,0
 7582,2016/08/15,21:13:12,18.6,19,9.5,0
 7583,2016/08/15,21:13:22,18.3,19,9,0
 7584,2016/08/15,21:13:32,19,19,9.9,0
 7585,2016/08/15,21:13:42,18.6,19,9.5,0
 7586,2016/08/15,21:13:53,18,19,9,0
 7587,2016/08/15,21:14:03,18,18.7,9,0
 7588,2016/08/15,21:14:13,18,18,9,0
 7589,2016/08/15,21:14:23,18,18,9,0
 7590,2016/08/15,21:14:33,17.6,18,9.9,0
 7591,2016/08/15,21:14:43,17,18,10,0
 7592,2016/08/15,21:14:53,17.9,18,10,0
 7593,2016/08/15,21:15:03,18,18,9.5,0
 7594,2016/08/15,21:15:13,18,18,9,0
 7595,2016/08/15,21:15:23,17.6,18,9.9,0
 7596,2016/08/15,21:15:33,17,18.5,9,0
 7597,2016/08/15,21:15:43,17.9,18,9,0
 7598,2016/08/15,21:15:53,17,18,9,0
 7599,2016/08/15,21:16:03,17.4,18,9,0
 7600,2016/08/15,21:16:14,17.5,18,9,0
 7601,2016/08/15,21:16:24,18,18,9,0
 7602,2016/08/15,21:16:34,18,18.3,9,0
 7603,2016/08/15,21:16:44,18,18.5,9,0
 7604,2016/08/15,21:16:54,18,18.6,9,0
 7605,2016/08/15,21:17:04,18,18,9,0
 7606,2016/08/15,21:17:14,18,18,9,0
 7607,2016/08/15,21:17:24,18,18,9,0
 7608,2016/08/15,21:17:34,18.5,18,9,0
 7609,2016/08/15,21:17:44,18.9,18,9,0
 7610,2016/08/15,21:17:54,18,18,9,0
 7611,2016/08/15,21:18:04,18.5,18.3,9,0
 7612,2016/08/15,21:18:14,19,19,9,0
 7613,2016/08/15,21:18:25,19,19,9,0
 7614,2016/08/15,21:18:35,19,19,10,0
 7615,2016/08/15,21:18:45,19,18.1,9,0
 7616,2016/08/15,21:18:55,19,18.3,9,0
 7617,2016/08/15,21:19:05,19,18.1,10,0
 7618,2016/08/15,21:19:15,19,17.5,9,0
 7619,2016/08/15,21:19:25,19,18,9,0
 7620,2016/08/15,21:19:35,19,18,9,0
 7621,2016/08/15,21:19:45,19.4,18,9,0
 7622,2016/08/15,21:19:55,19,18.8,9,0
 7623,2016/08/15,21:20:05,19,19.9,9,0
 7624,2016/08/15,21:20:15,19.6,20,9,0
 7625,2016/08/15,21:20:25,20,20,9.5,0
 7626,2016/08/15,21:20:35,19.4,19.1,9,0
 7627,2016/08/15,21:20:46,19,19.4,9,0
 7628,2016/08/15,21:20:56,19,19.1,9.4,0
 7629,2016/08/15,21:21:06,19,19,9,0
 7630,2016/08/15,21:21:16,19,19.4,9,0
 7631,2016/08/15,21:21:26,19,20,9,0
 7632,2016/08/15,21:21:36,19,20,9,0
 7633,2016/08/15,21:21:46,19,20,9,0
 7634,2016/08/15,21:21:56,19,20,9,0
 7635,2016/08/15,21:22:06,19,19.6,9,0
 7636,2016/08/15,21:22:16,19,19,9,0
 7637,2016/08/15,21:22:26,19,18.6,9,0
 7638,2016/08/15,21:22:36,19,18,8.4,0
 7639,2016/08/15,21:22:46,18.3,18,8,0
 7640,2016/08/15,21:22:56,18,18,8,0
 7641,2016/08/15,21:23:07,18,18,8,0
 7642,2016/08/15,21:23:17,18,17.6,8,0
 7643,2016/08/15,21:23:27,18,17,8,0
 7644,2016/08/15,21:23:37,18,17,8,0
 7645,2016/08/15,21:23:47,18,17,8,0
 7646,2016/08/15,21:23:57,18,16.5,8,0
 7647,2016/08/15,21:24:07,18,16.5,8,0
 7648,2016/08/15,21:24:17,18.2,17,8,0
 7649,2016/08/15,21:24:27,18.7,17,8.4,0
 7650,2016/08/15,21:24:37,18.7,17,8.5,0
 7651,2016/08/15,21:24:47,19,17,9,0
 7652,2016/08/15,21:24:57,19,17,9,0
 7653,2016/08/15,21:25:07,19,17,9,0
 7654,2016/08/15,21:25:17,19.7,17,9,0
 7655,2016/08/15,21:25:27,20,17,9.6,0
 7656,2016/08/15,21:25:38,20.7,17,10,0
 7657,2016/08/15,21:25:48,21,17,9.9,0
 7658,2016/08/15,21:25:58,21.2,17,9.5,0
 7659,2016/08/15,21:26:08,22,17.4,9.1,0
 7660,2016/08/15,21:26:18,22,18,10,0
 7661,2016/08/15,21:26:28,22,18,10,0
 7662,2016/08/15,21:26:38,22,18,10,0
 7663,2016/08/15,21:26:48,22,17.5,10,0
 7664,2016/08/15,21:26:58,22,17,10,0
 7665,2016/08/15,21:27:08,21.7,17,9.9,0
 7666,2016/08/15,21:27:18,21,17,9.1,0
 7667,2016/08/15,21:27:28,21,17,10,0
 7668,2016/08/15,21:27:38,21,17,10,0
 7669,2016/08/15,21:27:48,21,17,10,0
 7670,2016/08/15,21:27:58,20.5,17,10,0
 7671,2016/08/15,21:28:09,20.2,17,9.5,0
 7672,2016/08/15,21:28:19,20,17,10,0
 7673,2016/08/15,21:28:29,20,17,10,0
 7674,2016/08/15,21:28:39,20,17,10,0
 7675,2016/08/15,21:28:49,19.5,17,10,0
 7676,2016/08/15,21:28:59,20,17,9.4,0
 7677,2016/08/15,21:29:09,20,17,9.1,0
 7678,2016/08/15,21:29:19,20,17,10,0
 7679,2016/08/15,21:29:29,20,17.5,10,0
 7680,2016/08/15,21:29:39,20,18,10,0
 7681,2016/08/15,21:29:49,20,18.5,10,0
 7682,2016/08/15,21:29:59,20,19,10,0
 7683,2016/08/15,21:30:09,20,19,10,0
 7684,2016/08/15,21:30:19,20.4,18,9.3,0
 7685,2016/08/15,21:30:29,20.4,18,9,0
 7686,2016/08/15,21:30:39,21,18.5,8.8,0
 7687,2016/08/15,21:30:50,21,18.5,8.6,0
 7688,2016/08/15,21:31:00,20.5,19,9,0
 7689,2016/08/15,21:31:10,20,18,9,0
 7690,2016/08/15,21:31:20,20,18,9,0
 7691,2016/08/15,21:31:30,20,18,9.6,0
 7692,2016/08/15,21:31:40,20,17,10,0
 7693,2016/08/15,21:31:50,20.5,17,9.3,0
 7694,2016/08/15,21:32:00,20.5,17,9,0
 7695,2016/08/15,21:32:10,21,16,9.1,0
 7696,2016/08/15,21:32:20,21,16,10,0
 7697,2016/08/15,21:32:30,20.5,16,10,0
 7698,2016/08/15,21:32:40,21,16,10,0
 7699,2016/08/15,21:32:50,20,16,10,0
 7700,2016/08/15,21:33:00,20,16.5,10,0
 7701,2016/08/15,21:33:10,20.4,17,10,0
 7702,2016/08/15,21:33:21,20,17,10,0
 7703,2016/08/15,21:33:31,20.5,17,10,0
 7704,2016/08/15,21:33:41,20.5,17,10,0
 7705,2016/08/15,21:33:51,20,17,10,0
 7706,2016/08/15,21:34:01,20,17,10,0
 7707,2016/08/15,21:34:11,19.9,18,10,0
 7708,2016/08/15,21:34:21,19.5,19,10,0
 7709,2016/08/15,21:34:31,19,19.5,10,0
 7710,2016/08/15,21:34:41,19,19,10,0
 7711,2016/08/15,21:34:51,19.1,19,10,0
 7712,2016/08/15,21:35:01,20,19,10,0
 7713,2016/08/15,21:35:11,19.4,19,10,0
 7714,2016/08/15,21:35:21,19,19,10,0
 7715,2016/08/15,21:35:31,18.9,18.4,10,0
 7716,2016/08/15,21:35:41,18.5,18,10,0
 7717,2016/08/15,21:35:51,18.5,18,10,0
 7718,2016/08/15,21:36:02,18,17.9,10,0
 7719,2016/08/15,21:36:12,18,17.5,10,0
 7720,2016/08/15,21:36:22,18.1,17.4,10,0
 7721,2016/08/15,21:36:32,18.5,17,9.8,0
 7722,2016/08/15,21:36:42,19,17,9,0
 7723,2016/08/15,21:36:52,19,17,9,0
 7724,2016/08/15,21:37:02,19.1,16.4,9,0
 7725,2016/08/15,21:37:12,19.4,16,9,0
 7726,2016/08/15,21:37:22,19,16,9,0
 7727,2016/08/15,21:37:32,19,16,9,0
 7728,2016/08/15,21:37:42,19.5,16.5,9,0
 7729,2016/08/15,21:37:52,19.7,16.5,9,0
 7730,2016/08/15,21:38:02,20,16.5,9,0
 7731,2016/08/15,21:38:12,20,16.5,9,0
 7732,2016/08/15,21:38:22,20,16.5,9,0
 7733,2016/08/15,21:38:32,20,17,8.8,0
 7734,2016/08/15,21:38:43,19.8,17,8.5,0
 7735,2016/08/15,21:38:53,19.5,17,8,0
 7736,2016/08/15,21:39:03,19,16.9,8,0
 7737,2016/08/15,21:39:13,19,16,8.2,0
 7738,2016/08/15,21:39:23,18.3,16.5,9,0
 7739,2016/08/15,21:39:33,18,16,9,0
 7740,2016/08/15,21:39:43,18,16,8.7,0
 7741,2016/08/15,21:39:53,18,16,8.7,0
 7742,2016/08/15,21:40:03,18,15.9,9,0
 7743,2016/08/15,21:40:13,18,15,9.7,0
 7744,2016/08/15,21:40:23,18,15.1,9.7,0
 7745,2016/08/15,21:40:33,18,15.4,9,0
 7746,2016/08/15,21:40:43,18,15,9,0
 7747,2016/08/15,21:40:53,18,15,9,0
 7748,2016/08/15,21:41:03,18,15,9.2,0
 7749,2016/08/15,21:41:14,18,15.1,10,0
 7750,2016/08/15,21:41:24,18,16,10,0
 7751,2016/08/15,21:41:34,18,16,10,0
 7752,2016/08/15,21:41:44,18,15.5,10,0
 7753,2016/08/15,21:41:54,18.7,15.5,9.7,0
 7754,2016/08/15,21:42:04,18.5,16,9,0
 7755,2016/08/15,21:42:14,19,16,9,0
 7756,2016/08/15,21:42:24,18.6,16,9,0
 7757,2016/08/15,21:42:34,18.5,16,8.7,0
 7758,2016/08/15,21:42:44,18.3,16,8,0
 7759,2016/08/15,21:42:54,19,15.9,8.7,0
 7760,2016/08/15,21:43:04,19,15.6,9,0
 7761,2016/08/15,21:43:14,18.1,16,9,0
 7762,2016/08/15,21:43:24,18,16,9,0
 7763,2016/08/15,21:43:34,18,16,8.7,0
 7764,2016/08/15,21:43:45,17.1,15.8,8,0
 7765,2016/08/15,21:43:55,17,15,8,0
 7766,2016/08/15,21:44:05,17,15,8,0
 7767,2016/08/15,21:44:15,17.3,15,8,0
 7768,2016/08/15,21:44:25,18,15,8,0
 7769,2016/08/15,21:44:35,18,15,8.8,0
 7770,2016/08/15,21:44:45,18,15,9,0
 7771,2016/08/15,21:44:55,17.5,14.3,9,0
 7772,2016/08/15,21:45:05,18,14,9,0
 7773,2016/08/15,21:45:15,17.6,14.1,9,0
 7774,2016/08/15,21:45:25,17,15,9,0
 7775,2016/08/15,21:45:35,17,15,9,0
 7776,2016/08/15,21:45:45,17,15,9,0
 7777,2016/08/15,21:45:55,17.3,14.8,9,0
 7778,2016/08/15,21:46:05,18,14,9,0
 7779,2016/08/15,21:46:15,18,14,9.8,0
 7780,2016/08/15,21:46:26,18,14,10,0
 7781,2016/08/15,21:46:36,17.6,14.1,10,0
 7782,2016/08/15,21:46:46,17,15,10,0
 7783,2016/08/15,21:46:56,17,15,10,0
 7784,2016/08/15,21:47:06,16.5,15,9.5,0
 7785,2016/08/15,21:47:16,16,15,10,0
 7786,2016/08/15,21:47:26,16,15,9.2,0
 7787,2016/08/15,21:47:36,16,15,9,0
 7788,2016/08/15,21:47:46,16,15.5,9,0
 7789,2016/08/15,21:47:56,15.5,15,9,0
 7790,2016/08/15,21:48:06,15.5,15,9,0
 7791,2016/08/15,21:48:16,15,15,9,0
 7792,2016/08/15,21:48:26,15,15,9,0
 7793,2016/08/15,21:48:37,15,15.7,9,0
 7794,2016/08/15,21:48:47,15,16,8.1,0
 7795,2016/08/15,21:48:57,14.5,16.2,8,0
 7796,2016/08/15,21:49:07,14.4,17,8.3,0
 7797,2016/08/15,21:49:17,14.5,17,9,0
 7798,2016/08/15,21:49:27,14.5,17.5,9,0
 7799,2016/08/15,21:49:37,14,17,9,0
 7800,2016/08/15,21:49:47,14,17,9,0
 7801,2016/08/15,21:49:57,15,17,9.3,0
 7802,2016/08/15,21:50:07,15.5,17,9.6,0
 7803,2016/08/15,21:50:17,15.5,17,9,0
 7804,2016/08/15,21:50:27,16,17,9,0
 7805,2016/08/15,21:50:37,16,17,9,0
 7806,2016/08/15,21:50:47,16,17,9,0
 7807,2016/08/15,21:50:58,16,16.3,9,0
 7808,2016/08/15,21:51:08,17,16,9.3,0
 7809,2016/08/15,21:51:18,17,16,10,0
 7810,2016/08/15,21:51:28,17.5,15.3,10,0
 7811,2016/08/15,21:51:38,18,15,10,0
 7812,2016/08/15,21:51:48,18,15,9.1,0
 7813,2016/08/15,21:51:58,18,15,9,0
 7814,2016/08/15,21:52:08,18.5,15,9,0
 7815,2016/08/15,21:52:18,18,15,9,0
 7816,2016/08/15,21:52:28,18,15,9.5,0
 7817,2016/08/15,21:52:38,16.5,15,9.8,0
 7818,2016/08/15,21:52:48,17,14.2,10,0
 7819,2016/08/15,21:52:58,17,14.2,10,0
 7820,2016/08/15,21:53:08,17,15,10,0
 7821,2016/08/15,21:53:18,17,15,10,0
 7822,2016/08/15,21:53:29,16.9,15,10,0
 7823,2016/08/15,21:53:39,16.5,15,10,0
 7824,2016/08/15,21:53:49,16.4,15,10,0
 7825,2016/08/15,21:53:59,16,15,10,0
 7826,2016/08/15,21:54:09,16,14.2,10,0
 7827,2016/08/15,21:54:19,16.9,14,10,0
 7828,2016/08/15,21:54:29,16,14,10,0
 7829,2016/08/15,21:54:39,16,14,10,0
 7830,2016/08/15,21:54:49,16,14,10,0
 7831,2016/08/15,21:54:59,16,14,10,0
 7832,2016/08/15,21:55:09,16,14,9.1,0
 7833,2016/08/15,21:55:19,16,14.2,9,0
 7834,2016/08/15,21:55:29,16,15,9,0
 7835,2016/08/15,21:55:39,16,15,9,0
 7836,2016/08/15,21:55:49,16,15.2,9,0
 7837,2016/08/15,21:56:00,16,15.5,9,0
 7838,2016/08/15,21:56:10,16,16,9,0
 7839,2016/08/15,21:56:20,16,16,9.9,0
 7840,2016/08/15,21:56:30,16,16,10,0
 7841,2016/08/15,21:56:40,15.8,16.7,10,0
 7842,2016/08/15,21:56:50,15,17,9.6,0
 7843,2016/08/15,21:57:00,15,17,9.4,0
 7844,2016/08/15,21:57:10,15.5,17,9.1,0
 7845,2016/08/15,21:57:20,15.7,17,9.9,0
 7846,2016/08/15,21:57:30,16,17,10,0
 7847,2016/08/15,21:57:40,16,17,10,0
 7848,2016/08/15,21:57:50,16,17,10,0
 7849,2016/08/15,21:58:00,16,16.7,10,0
 7850,2016/08/15,21:58:10,16,16,10.4,0
 7851,2016/08/15,21:58:21,16,16,10,0
 7852,2016/08/15,21:58:31,16,16,10.4,0
 7853,2016/08/15,21:58:41,15.5,16,11,0
 7854,2016/08/15,21:58:51,16,16,11,0
 7855,2016/08/15,21:59:01,15.5,16,10,0
 7856,2016/08/15,21:59:11,16,15.7,10,0
 7857,2016/08/15,21:59:21,16,15,10,0
 7858,2016/08/15,21:59:31,16,15,9.5,0
 7859,2016/08/15,21:59:41,15.3,14.7,9,0
 7860,2016/08/15,21:59:51,15,14,9.9,0
 7861,2016/08/15,22:00:01,15,14,9.5,0
 7862,2016/08/15,22:00:11,15,14.3,9,0
 7863,2016/08/15,22:00:21,14.2,15,9,0
 7864,2016/08/15,22:00:31,14.5,14.2,9,0
 7865,2016/08/15,22:00:42,14.7,14.3,9,0
 7866,2016/08/15,22:00:52,15,15,9,0
 7867,2016/08/15,22:01:02,15,15,8.5,0
 7868,2016/08/15,22:01:12,15,14.2,8,0
 7869,2016/08/15,22:01:22,15,14.3,8,0
 7870,2016/08/15,22:01:32,15,15,8,0
 7871,2016/08/15,22:01:42,15,14.5,8,0
 7872,2016/08/15,22:01:52,15,14.2,8,0
 7873,2016/08/15,22:02:02,15,14,8,0
 7874,2016/08/15,22:02:12,15,14,8,0
 7875,2016/08/15,22:02:22,15,14,8,0
 7876,2016/08/15,22:02:32,15.8,14,8,0
 7877,2016/08/15,22:02:42,16,13.1,8,0
 7878,2016/08/15,22:02:52,15.2,13,8,0
 7879,2016/08/15,22:03:03,16,12.1,8,0
 7880,2016/08/15,22:03:13,16,12,8,0
 7881,2016/08/15,22:03:23,16,11.1,8.5,0
 7882,2016/08/15,22:03:33,16,11,9,0
 7883,2016/08/15,22:03:43,16,11,9,0
 7884,2016/08/15,22:03:53,16,10.6,9,0
 7885,2016/08/15,22:04:03,16,10,9,0
 7886,2016/08/15,22:04:13,15.2,10,8.5,0
 7887,2016/08/15,22:04:23,15.3,10,9,0
 7888,2016/08/15,22:04:33,16,10,9,0
 7889,2016/08/15,22:04:43,16,10,9,0
 7890,2016/08/15,22:04:53,16,10,9,0
 7891,2016/08/15,22:05:03,16,9.6,9,0
 7892,2016/08/15,22:05:13,16,9.8,9,0
 7893,2016/08/15,22:05:23,16,9.6,9,0
 7894,2016/08/15,22:05:34,16,9.3,10,0
 7895,2016/08/15,22:05:44,16,9.6,9.5,0
 7896,2016/08/15,22:05:54,16,9,9,0
 7897,2016/08/15,22:06:04,15.1,9,9,0
 7898,2016/08/15,22:06:14,15,9,9,0
 7899,2016/08/15,22:06:24,15,9,9,0
 7900,2016/08/15,22:06:34,15,9,9,0
 7901,2016/08/15,22:06:44,15,9,9,0
 7902,2016/08/15,22:06:54,14.5,9,9,0
 7903,2016/08/15,22:07:04,14,9,9,0
 7904,2016/08/15,22:07:14,14,9,9,0
 7905,2016/08/15,22:07:24,14,9,9,0
 7906,2016/08/15,22:07:34,14,9.4,9,0
 7907,2016/08/15,22:07:44,13.5,9.5,9,0
 7908,2016/08/15,22:07:54,13.5,10,9,0
 7909,2016/08/15,22:08:04,13,10,9,0
 7910,2016/08/15,22:08:15,13,10,9,0
 7911,2016/08/15,22:08:25,13,10,9,0
 7912,2016/08/15,22:08:35,13,10,10,0
 7913,2016/08/15,22:08:45,13,10.4,10,0
 7914,2016/08/15,22:08:55,13,11,10,0
 7915,2016/08/15,22:09:05,13,11,10,0
 7916,2016/08/15,22:09:15,12.5,11,10,0
 7917,2016/08/15,22:09:25,13,11.4,10,0
 7918,2016/08/15,22:09:35,12.4,11.1,10,0
 7919,2016/08/15,22:09:45,12,11,10,0
 7920,2016/08/15,22:09:55,12.4,11,11,0
 7921,2016/08/15,22:10:05,12,11,10.5,0
 7922,2016/08/15,22:10:15,12,11,11,0
 7923,2016/08/15,22:10:25,12,11,11,0
 7924,2016/08/15,22:10:35,12.5,11,10.4,0
 7925,2016/08/15,22:10:45,12,11,10,0
 7926,2016/08/15,22:10:56,12,11,10,0
 7927,2016/08/15,22:11:06,12,11.4,10,0
 7928,2016/08/15,22:11:16,12,11.1,10,0
 7929,2016/08/15,22:11:26,12,11,10,0
 7930,2016/08/15,22:11:36,12,11,10,0
 7931,2016/08/15,22:11:46,12,11,10,0
 7932,2016/08/15,22:11:56,12,10.5,10,0
 7933,2016/08/15,22:12:06,12,10,10,0
 7934,2016/08/15,22:12:16,12,10,10,0
 7935,2016/08/15,22:12:26,12,10,10,0
 7936,2016/08/15,22:12:36,12,10,10,0
 7937,2016/08/15,22:12:46,12,10,10,0
 7938,2016/08/15,22:12:56,11.8,10,10,0
 7939,2016/08/15,22:13:06,11,9.5,10,0
 7940,2016/08/15,22:13:16,11,9.5,10,0
 7941,2016/08/15,22:13:26,11,9,10,0
 7942,2016/08/15,22:13:37,11,8.5,10,0
 7943,2016/08/15,22:13:47,11,8,9.9,0
 7944,2016/08/15,22:13:57,11,8,9.5,0
 7945,2016/08/15,22:14:07,11,8,9.6,0
 7946,2016/08/15,22:14:17,11,8,9.9,0
 7947,2016/08/15,22:14:27,11,8,9.6,0
 7948,2016/08/15,22:14:37,11,8,10,0
 7949,2016/08/15,22:14:47,11,8.9,10,0
 7950,2016/08/15,22:14:57,11,9,10,0
 7951,2016/08/15,22:15:07,11,8.5,10,0
 7952,2016/08/15,22:15:17,11,8,9.4,0
 7953,2016/08/15,22:15:27,11,8,9.1,0
 7954,2016/08/15,22:15:37,11,8,10,0
 7955,2016/08/15,22:15:47,11.5,8.4,10,0
 7956,2016/08/15,22:15:57,11,8,10,0
 7957,2016/08/15,22:16:07,11,8.5,10,0
 7958,2016/08/15,22:16:18,11,8.5,10,0
 7959,2016/08/15,22:16:28,11.7,8.5,10,0
 7960,2016/08/15,22:16:38,12,8,10.1,0
 7961,2016/08/15,22:16:48,12,8,11,0
 7962,2016/08/15,22:16:58,12,8,10.3,0
 7963,2016/08/15,22:17:08,11.2,8,10,0
 7964,2016/08/15,22:17:18,11,7,10,0
 7965,2016/08/15,22:17:28,11,7,10,0
 7966,2016/08/15,22:17:38,11,7,10,0
 7967,2016/08/15,22:17:48,11,7,10.5,0
 7968,2016/08/15,22:17:58,10.2,7,10,0
 7969,2016/08/15,22:18:08,10,7,10,0
 7970,2016/08/15,22:18:18,10,7,9.5,0
 7971,2016/08/15,22:18:28,10,7.5,9.3,0
 7972,2016/08/15,22:18:38,10,7.5,9.1,0
 7973,2016/08/15,22:18:48,10,8,10,0
 7974,2016/08/15,22:18:58,9.2,8,10,0
 7975,2016/08/15,22:19:09,9.8,8,10,0
 7976,2016/08/15,22:19:19,9.5,8,10,0
 7977,2016/08/15,22:19:29,9.5,8,10.1,0
 7978,2016/08/15,22:19:39,10,8,10.3,0
 7979,2016/08/15,22:19:49,10,8,10,0
 7980,2016/08/15,22:19:59,9.6,8,10,0
 7981,2016/08/15,22:20:09,9.5,8,10,0
 7982,2016/08/15,22:20:19,9.8,8,9.3,0
 7983,2016/08/15,22:20:29,10,8,9,0
 7984,2016/08/15,22:20:39,10,8,9,0
 7985,2016/08/15,22:20:49,10,8,9,0
 7986,2016/08/15,22:20:59,10,8,9.6,0
 7987,2016/08/15,22:21:09,9.6,8,10,0
 7988,2016/08/15,22:21:19,9,9,9.8,0
 7989,2016/08/15,22:21:29,9,9,9,0
 7990,2016/08/15,22:21:39,9,9,9,0
 7991,2016/08/15,22:21:49,8.6,9,8.3,0
 7992,2016/08/15,22:21:59,8,9,8,0
 7993,2016/08/15,22:22:10,8,9,8,0
 7994,2016/08/15,22:22:20,8,9,8,0
 7995,2016/08/15,22:22:30,8,9,8.7,0
 7996,2016/08/15,22:22:40,8,9.5,9,0
 7997,2016/08/15,22:22:50,8,10,9,0
 7998,2016/08/15,22:23:00,8,10,9,0
 7999,2016/08/15,22:23:10,8,10,9,0
 8000,2016/08/15,22:23:20,8,10,9,0
 8001,2016/08/15,22:23:30,8,10,9,0
 8002,2016/08/15,22:23:40,8,10,9,0
 8003,2016/08/15,22:23:50,8.9,9.4,9,0
 8004,2016/08/15,22:24:00,8,9,9,0
 8005,2016/08/15,22:24:10,9,9,9,0
 8006,2016/08/15,22:24:20,9.5,9,9,0
 8007,2016/08/15,22:24:30,10,9,9.2,0
 8008,2016/08/15,22:24:40,10,9,9.8,0
 8009,2016/08/15,22:24:50,10,9.5,9,0
 8010,2016/08/15,22:25:01,10,10,9,0
 8011,2016/08/15,22:25:11,10,9.4,9,0
 8012,2016/08/15,22:25:21,10,9,9,0
 8013,2016/08/15,22:25:31,10.5,9,9.5,0
 8014,2016/08/15,22:25:41,11,8.4,9,0
 8015,2016/08/15,22:25:51,11,8,9,0
 8016,2016/08/15,22:26:01,11,8,9.7,0
 8017,2016/08/15,22:26:11,11,8,10,0
 8018,2016/08/15,22:26:21,11,8,10,0
 8019,2016/08/15,22:26:31,11,8,10,0
 8020,2016/08/15,22:26:41,10,8,10,0
 8021,2016/08/15,22:26:51,10,8,10,0
 8022,2016/08/15,22:27:01,9.5,8.1,10,0
 8023,2016/08/15,22:27:11,9,8.9,10,0
 8024,2016/08/15,22:27:21,9,8,10,0
 8025,2016/08/15,22:27:31,9,8,10,0
 8026,2016/08/15,22:27:42,9,8,10,0
 8027,2016/08/15,22:27:52,9,8,10,0
 8028,2016/08/15,22:28:02,9,8,10,0
 8029,2016/08/15,22:28:12,9,8,10,0
 8030,2016/08/15,22:28:22,8.5,8,10,0
 8031,2016/08/15,22:28:32,8.5,8.6,9.2,0
 8032,2016/08/15,22:28:42,8,9,9,0
 8033,2016/08/15,22:28:52,8,9,9,0
 8034,2016/08/15,22:29:02,8,9,9.5,0
 8035,2016/08/15,22:29:12,8,9,9,0
 8036,2016/08/15,22:29:22,8.9,9,9,0
 8037,2016/08/15,22:29:32,8,9,9,0
 8038,2016/08/15,22:29:42,8,9,9.2,0
 8039,2016/08/15,22:29:52,8,9,9.5,0
 8040,2016/08/15,22:30:02,9,9.1,10,0
 8041,2016/08/15,22:30:12,9,10,9.5,0
 8042,2016/08/15,22:30:22,9,10.1,9.2,0
 8043,2016/08/15,22:30:33,9,11,9.8,0
 8044,2016/08/15,22:30:43,8.9,11,9.2,0
 8045,2016/08/15,22:30:53,8.5,11,9.8,0
 8046,2016/08/15,22:31:03,9,10.3,10.8,0
 8047,2016/08/15,22:31:13,9,10.1,11,0
 8048,2016/08/15,22:31:23,9,10.8,11,0
 8049,2016/08/15,22:31:33,9,10,11,0
 8050,2016/08/15,22:31:43,10,10.1,11,0
 8051,2016/08/15,22:31:53,10,10.8,11,0
 8052,2016/08/15,22:32:03,10,10,11.3,0
 8053,2016/08/15,22:32:13,10,10,11.7,0
 8054,2016/08/15,22:32:23,10,10.1,11,0
 8055,2016/08/15,22:32:33,10,10.8,11,0
 8056,2016/08/15,22:32:43,10,10,11,0
 8057,2016/08/15,22:32:53,10,9.3,11,0
 8058,2016/08/15,22:33:03,10,9,11,0
 8059,2016/08/15,22:33:13,10,9,11,0
 8060,2016/08/15,22:33:24,9.3,9,10.5,0
 8061,2016/08/15,22:33:34,9,9,10.2,0
 8062,2016/08/15,22:33:44,9,9,10,0
 8063,2016/08/15,22:33:54,9,8.3,9.7,0
 8064,2016/08/15,22:34:04,9,8,9,0
 8065,2016/08/15,22:34:14,9,8,9,0
 8066,2016/08/15,22:34:24,9,8.1,9,0
 8067,2016/08/15,22:34:34,9,8.5,8.7,0
 8068,2016/08/15,22:34:44,9,9,8,0
 8069,2016/08/15,22:34:54,9,9,8.8,0
 8070,2016/08/15,22:35:04,9,9,9,0
 8071,2016/08/15,22:35:14,9,9,9,0
 8072,2016/08/15,22:35:24,9,9.7,9,0
 8073,2016/08/15,22:35:34,9,10,9,0
 8074,2016/08/15,22:35:44,9.1,10,9,0
 8075,2016/08/15,22:35:54,10,10.2,9,0
 8076,2016/08/15,22:36:04,10,11,9,0
 8077,2016/08/15,22:36:15,10,10.5,9,0
 8078,2016/08/15,22:36:25,10,11,9,0
 8079,2016/08/15,22:36:35,9.5,11,9,0
 8080,2016/08/15,22:36:45,10,11,9,0
 8081,2016/08/15,22:36:55,10,10.8,9,0
 8082,2016/08/15,22:37:05,10,10,9,0
 8083,2016/08/15,22:37:15,9.3,10,9,0
 8084,2016/08/15,22:37:25,9,10,9,0
 8085,2016/08/15,22:37:35,9,10,9,0
 8086,2016/08/15,22:37:45,9,9.8,9,0
 8087,2016/08/15,22:37:55,9,9.2,9,0
 8088,2016/08/15,22:38:05,9,9.5,9,0
 8089,2016/08/15,22:38:15,8.8,10,9,0
 8090,2016/08/15,22:38:25,8.7,9.3,9,0
 8091,2016/08/15,22:38:35,9,9,9,0
 8092,2016/08/15,22:38:45,8.8,9,9.5,0
 8093,2016/08/15,22:38:56,8,9,9.8,0
 8094,2016/08/15,22:39:06,8,9,10,0
 8095,2016/08/15,22:39:16,8,9,10,0
 8096,2016/08/15,22:39:26,8,9,10,0
 8097,2016/08/15,22:39:36,8.2,9,9.6,0
 8098,2016/08/15,22:39:46,9,9.7,9.3,0
 8099,2016/08/15,22:39:56,9,9.5,10,0
 8100,2016/08/15,22:40:06,9,10,10,0
 8101,2016/08/15,22:40:16,9,10,10,0
 8102,2016/08/15,22:40:26,9.2,10,9.6,0
 8103,2016/08/15,22:40:36,10,9.7,9,0
 8104,2016/08/15,22:40:46,10,9.7,9,0
 8105,2016/08/15,22:40:56,10,10,9,0
 8106,2016/08/15,22:41:06,10,10.2,9,0
 8107,2016/08/15,22:41:16,10,10.2,9.4,0
 8108,2016/08/15,22:41:26,10,10,9.1,0
 8109,2016/08/15,22:41:37,10,10.2,9,0
 8110,2016/08/15,22:41:47,10,11,9,0
 8111,2016/08/15,22:41:57,10.2,11,9,0
 8112,2016/08/15,22:42:07,10.7,11,9,0
 8113,2016/08/15,22:42:17,10.7,11,8.6,0
 8114,2016/08/15,22:42:27,11,11,8.5,0
 8115,2016/08/15,22:42:37,11,11,8.9,0
 8116,2016/08/15,22:42:47,11.5,11,9,0
 8117,2016/08/15,22:42:57,11,11,9,0
 8118,2016/08/15,22:43:07,10.2,10.7,9,0
 8119,2016/08/15,22:43:17,10.3,10,9,0
 8120,2016/08/15,22:43:27,10.7,10.2,9,0
 8121,2016/08/15,22:43:37,10.8,11,8.6,0
 8122,2016/08/15,22:43:47,11,11,8,0
 8123,2016/08/15,22:43:57,11,11,8,0
 8124,2016/08/15,22:44:07,11,11,8.4,0
 8125,2016/08/15,22:44:18,11.3,11,9,0
 8126,2016/08/15,22:44:28,11.7,10.2,9,0
 8127,2016/08/15,22:44:38,11.8,10,9.9,0
 8128,2016/08/15,22:44:48,11.7,10.3,10,0
 8129,2016/08/15,22:44:58,11,11,9,0
 8130,2016/08/15,22:45:08,11,11,9,0
 8131,2016/08/15,22:45:18,11,11,9.4,0
 8132,2016/08/15,22:45:28,11,11,10,0
 8133,2016/08/15,22:45:38,11,11,10,0
 8134,2016/08/15,22:45:48,11,11,10,0
 8135,2016/08/15,22:45:58,10.6,11,10,0
 8136,2016/08/15,22:46:08,10,10.7,10,0
 8137,2016/08/15,22:46:18,10,10,10,0
 8138,2016/08/15,22:46:28,10,10,10,0
 8139,2016/08/15,22:46:38,10,10,10,0
 8140,2016/08/15,22:46:48,9.6,10.5,9,0
 8141,2016/08/15,22:46:59,9,10.8,9,0
 8142,2016/08/15,22:47:09,9,11,9,0
 8143,2016/08/15,22:47:19,9,10.2,9,0
 8144,2016/08/15,22:47:29,9,10,9,0
 8145,2016/08/15,22:47:39,9,10,9,0
 8146,2016/08/15,22:47:49,9,10,9,0
 8147,2016/08/15,22:47:59,9,10,8,0
 8148,2016/08/15,22:48:09,9,10,8,0
 8149,2016/08/15,22:48:19,9.4,10,8,0
 8150,2016/08/15,22:48:29,10,10,8,0
 8151,2016/08/15,22:48:39,10,10,8.9,0
 8152,2016/08/15,22:48:49,9.5,10.3,9,0
 8153,2016/08/15,22:48:59,9,10.1,9,0
 8154,2016/08/15,22:49:09,9,10.8,9,0
 8155,2016/08/15,22:49:19,9.5,11,9,0
 8156,2016/08/15,22:49:29,10,10.1,9,0
 8157,2016/08/15,22:49:40,10,10,9,0
 8158,2016/08/15,22:49:50,10.5,10.5,9,0
 8159,2016/08/15,22:50:00,11,10,9,0
 8160,2016/08/15,22:50:10,11,10,9,0
 8161,2016/08/15,22:50:20,11,10,9,0
 8162,2016/08/15,22:50:30,11,9.1,8.5,0
 8163,2016/08/15,22:50:40,12,8.6,9,0
 8164,2016/08/15,22:50:50,11.5,8.3,9,0
 8165,2016/08/15,22:51:00,12,9,9,0
 8166,2016/08/15,22:51:10,12,9,8,0
 8167,2016/08/15,22:51:20,12,9,8,0
 8168,2016/08/15,22:51:30,12,9,8,0
 8169,2016/08/15,22:51:40,12.5,9,8,0
 8170,2016/08/15,22:51:50,12,9,7.5,0
 8171,2016/08/15,22:52:00,12,9.8,8,0
 8172,2016/08/15,22:52:10,12,10,8,0
 8173,2016/08/15,22:52:21,11.4,10,8,0
 8174,2016/08/15,22:52:31,11,10,8,0
 8175,2016/08/15,22:52:41,11,10.5,8,0
 8176,2016/08/15,22:52:51,11,10.8,8,0
 8177,2016/08/15,22:53:01,10.9,11,8,0
 8178,2016/08/15,22:53:11,10.6,11,8.5,0
 8179,2016/08/15,22:53:21,11,11,8,0
 8180,2016/08/15,22:53:31,10.5,11,8.5,0
 8181,2016/08/15,22:53:41,11,11,8,0
 8182,2016/08/15,22:53:51,11,11,8,0
 8183,2016/08/15,22:54:01,11,11,8,0
 8184,2016/08/15,22:54:11,11,11,9,0
 8185,2016/08/15,22:54:21,11,11,9,0
 8186,2016/08/15,22:54:31,11,11,9,0
 8187,2016/08/15,22:54:41,11,11.5,9,0
 8188,2016/08/15,22:54:52,11.1,11,9,0
 8189,2016/08/15,22:55:02,12,11,9.9,0
 8190,2016/08/15,22:55:12,11.4,11,9,0
 8191,2016/08/15,22:55:22,11,11,10,0
 8192,2016/08/15,22:55:32,11,11,10,0
 8193,2016/08/15,22:55:42,10.9,10.6,9.4,0
 8194,2016/08/15,22:55:52,10.1,10,9,0
 8195,2016/08/15,22:56:02,10.9,10,9.5,0
 8196,2016/08/15,22:56:12,10,10,10,0
 8197,2016/08/15,22:56:22,10,10,10,0
 8198,2016/08/15,22:56:32,10,10,10,0
 8199,2016/08/15,22:56:42,10,10,10,0
 8200,2016/08/15,22:56:52,10,10,10,0
 8201,2016/08/15,22:57:02,10,9.1,9.4,0
 8202,2016/08/15,22:57:12,10,9,9,0
 8203,2016/08/15,22:57:22,10,9,8.9,0
 8204,2016/08/15,22:57:33,10,9,8.5,0
 8205,2016/08/15,22:57:43,10.2,9,8.4,0
 8206,2016/08/15,22:57:53,11,9,8,0
 8207,2016/08/15,22:58:03,11,9,8,0
 8208,2016/08/15,22:58:13,11,9,8,0
 8209,2016/08/15,22:58:23,11,9,8,0
 8210,2016/08/15,22:58:33,11,9,8,0
 8211,2016/08/15,22:58:43,11,9,8,0
 8212,2016/08/15,22:58:53,11,9,8.1,0
 8213,2016/08/15,22:59:03,11.7,9,9,0
 8214,2016/08/15,22:59:13,11.3,9,9,0
 8215,2016/08/15,22:59:23,11.2,9,9,0
 8216,2016/08/15,22:59:33,11.3,9,9,0
 8217,2016/08/15,22:59:43,11,9,9,0
 8218,2016/08/15,22:59:53,11,9,9,0
 8219,2016/08/15,23:00:03,11,9,9.6,0
 8220,2016/08/15,23:00:14,10.8,9,10,0
 8221,2016/08/15,23:00:24,10,9,10,0
 8222,2016/08/15,23:00:34,10,9,9.5,0
 8223,2016/08/15,23:00:44,10.7,9.9,10,0
 8224,2016/08/15,23:00:54,10.7,10,10,0
 8225,2016/08/15,23:01:04,10.2,10,10.6,0
 8226,2016/08/15,23:01:14,11,10,10.9,0
 8227,2016/08/15,23:01:24,11.5,10,10,0
 8228,2016/08/15,23:01:34,11.3,10,10,0
 8229,2016/08/15,23:01:44,12.3,10,9.9,0
 8230,2016/08/15,23:01:54,12.2,10,9.5,0
 8231,2016/08/15,23:02:04,12.3,10,9,0
 8232,2016/08/15,23:02:14,13,10,9,0
 8233,2016/08/15,23:02:24,13,10,9.6,0
 8234,2016/08/15,23:02:34,13,10,10,0
 8235,2016/08/15,23:02:44,13,10,10,0
 8236,2016/08/15,23:02:54,13,10,10,0
 8237,2016/08/15,23:03:05,13,10,10,0
 8238,2016/08/15,23:03:15,13,10,9.8,0
 8239,2016/08/15,23:03:25,12.7,10,9,0
 8240,2016/08/15,23:03:35,12,10,8.5,0
 8241,2016/08/15,23:03:45,11.2,10,9,0
 8242,2016/08/15,23:03:55,11,10.5,9,0
 8243,2016/08/15,23:04:05,11,11,9,0
 8244,2016/08/15,23:04:15,10.6,11,9,0
 8245,2016/08/15,23:04:25,10,11,9,0
 8246,2016/08/15,23:04:35,10,11,9,0
 8247,2016/08/15,23:04:45,10,11,9,0
 8248,2016/08/15,23:04:55,10,11,8.3,0
 8249,2016/08/15,23:05:05,10.8,11,8,0
 8250,2016/08/15,23:05:15,11,10.5,8,0
 8251,2016/08/15,23:05:25,11,11,8,0
 8252,2016/08/15,23:05:35,11.8,11,8.6,0
 8253,2016/08/15,23:05:45,12,11,9,0
 8254,2016/08/15,23:05:56,12,11,9,0
 8255,2016/08/15,23:06:06,12,11,9.6,0
 8256,2016/08/15,23:06:16,12,11,10,0
 8257,2016/08/15,23:06:26,12,10,10,0
 8258,2016/08/15,23:06:36,12,10,10,0
 8259,2016/08/15,23:06:46,12,10,10.6,0
 8260,2016/08/15,23:06:56,12,10,11,0
 8261,2016/08/15,23:07:06,12,10,10.8,0
 8262,2016/08/15,23:07:16,12,10,10,0
 8263,2016/08/15,23:07:26,11.6,10,10,0
 8264,2016/08/15,23:07:36,11,10,10.1,0
 8265,2016/08/15,23:07:46,11.4,10,11,0
 8266,2016/08/15,23:07:56,11.1,9.4,11,0
 8267,2016/08/15,23:08:06,10.6,9,10.5,0
 8268,2016/08/15,23:08:16,10.9,9,10.5,0
 8269,2016/08/15,23:08:26,10.1,9,11,0
 8270,2016/08/15,23:08:37,10,9,10.3,0
 8271,2016/08/15,23:08:47,10,9,10,0
 8272,2016/08/15,23:08:57,10,10,10,0
 8273,2016/08/15,23:09:07,10.5,10,10,0
 8274,2016/08/15,23:09:17,10.5,10,9.3,0
 8275,2016/08/15,23:09:27,10,10,9,0
 8276,2016/08/15,23:09:37,10,10,9,0
 8277,2016/08/15,23:09:47,10,10,9,0
 8278,2016/08/15,23:09:57,10,9.9,9,0
 8279,2016/08/15,23:10:07,9.5,9,9,0
 8280,2016/08/15,23:10:17,9,9.5,8.3,0
 8281,2016/08/15,23:10:27,9,10,8,0
 8282,2016/08/15,23:10:37,10,10,8,0
 8283,2016/08/15,23:10:47,10,10,8,0
 8284,2016/08/15,23:10:57,10,10,8,0
 8285,2016/08/15,23:11:07,10,10,8,0
 8286,2016/08/15,23:11:17,10.5,10,8,0
 8287,2016/08/15,23:11:27,11,10,8,0
 8288,2016/08/15,23:11:38,11,10,8,0
 8289,2016/08/15,23:11:48,11,10,8,0
 8290,2016/08/15,23:11:58,11,10,8,0
 8291,2016/08/15,23:12:08,11,10,8,0
 8292,2016/08/15,23:12:18,10,10,8,0
 8293,2016/08/15,23:12:28,10,9.5,8,0
 8294,2016/08/15,23:12:38,11,9.9,8,0
 8295,2016/08/15,23:12:48,11,9,8,0
 8296,2016/08/15,23:12:58,11.4,9,8.5,0
 8297,2016/08/15,23:13:08,11,9,8.7,0
 8298,2016/08/15,23:13:18,11,9,9,0
 8299,2016/08/15,23:13:28,11,9,8.7,0
 8300,2016/08/15,23:13:38,11,9,8,0
 8301,2016/08/15,23:13:48,11,9,8,0
 8302,2016/08/15,23:13:58,11,9,8,0
 8303,2016/08/15,23:14:08,11,9,8,0
 8304,2016/08/15,23:14:18,11.5,9,8,0
 8305,2016/08/15,23:14:29,11,9,8.2,0
 8306,2016/08/15,23:14:39,12,9,9,0
 8307,2016/08/15,23:14:49,12,9,9,0
 8308,2016/08/15,23:14:59,12,9,9,0
 8309,2016/08/15,23:15:09,12,9,9,0
 8310,2016/08/15,23:15:19,11.9,9.5,9,0
 8311,2016/08/15,23:15:29,11.6,9.6,8.5,0
 8312,2016/08/15,23:15:39,12,10,8.5,0
 8313,2016/08/15,23:15:49,12,10,9,0
 8314,2016/08/15,23:15:59,12.5,9.9,9,0
 8315,2016/08/15,23:16:09,12,9.6,9,0
 8316,2016/08/15,23:16:19,12,10,9,0
 8317,2016/08/15,23:16:29,12,9.3,9,0
 8318,2016/08/15,23:16:39,12.5,9,9,0
 8319,2016/08/15,23:16:49,12,9,8.5,0
 8320,2016/08/15,23:16:59,12,9.6,8.7,0
 8321,2016/08/15,23:17:09,12,10.1,8,0
 8322,2016/08/15,23:17:20,12,10.3,8.3,0
 8323,2016/08/15,23:17:30,12,10.6,8.2,0
 8324,2016/08/15,23:17:40,12,10.8,8,0
 8325,2016/08/15,23:17:50,12,10.6,8.3,0
 8326,2016/08/15,23:18:00,12,11,9,0
 8327,2016/08/15,23:18:10,12,10.8,9,0
 8328,2016/08/15,23:18:20,12.5,10.6,9,0
 8329,2016/08/15,23:18:30,11.4,11,8.2,0
 8330,2016/08/15,23:18:40,11,10.8,8,0
 8331,2016/08/15,23:18:50,11,10.1,8.3,0
 8332,2016/08/15,23:19:00,11,11,9,0
 8333,2016/08/15,23:19:10,11,11,9,0
 8334,2016/08/15,23:19:20,11,11,9,0
 8335,2016/08/15,23:19:30,11.6,11,8.2,0
 8336,2016/08/15,23:19:40,12,11,8.8,0
 8337,2016/08/15,23:19:50,12.4,11,9,0
 8338,2016/08/15,23:20:00,12.6,11,9,0
 8339,2016/08/15,23:20:10,12.3,11,9,0
 8340,2016/08/15,23:20:21,12,11,9,0
 8341,2016/08/15,23:20:31,12,11,9,0
 8342,2016/08/15,23:20:41,12,11,9,0
 8343,2016/08/15,23:20:51,12,11,9,0
 8344,2016/08/15,23:21:01,12,11,9,0
 8345,2016/08/15,23:21:11,12.5,11.2,9.3,0
 8346,2016/08/15,23:21:21,12.1,12,9.7,0
 8347,2016/08/15,23:21:31,12.3,11.3,9,0
 8348,2016/08/15,23:21:41,12,11,9,0
 8349,2016/08/15,23:21:51,12,11,9,0
 8350,2016/08/15,23:22:01,11.3,11,9,0
 8351,2016/08/15,23:22:11,11,11,9,0
 8352,2016/08/15,23:22:21,10.5,11,9,0
 8353,2016/08/15,23:22:31,11,11,9,0
 8354,2016/08/15,23:22:41,11.7,11,9,0
 8355,2016/08/15,23:22:51,12,11,9.3,0
 8356,2016/08/15,23:23:01,12,11,10,0
 8357,2016/08/15,23:23:12,12,11,10,0
 8358,2016/08/15,23:23:22,12.2,11,10,0
 8359,2016/08/15,23:23:32,13,11,9.6,0
 8360,2016/08/15,23:23:42,13,10.8,9,0
 8361,2016/08/15,23:23:52,13,10,9,0
 8362,2016/08/15,23:24:02,13,10.2,9,0
 8363,2016/08/15,23:24:12,13,11,9,0
 8364,2016/08/15,23:24:22,12.8,11,9,0
 8365,2016/08/15,23:24:32,12.7,11,9,0
 8366,2016/08/15,23:24:42,13,11,9.3,0
 8367,2016/08/15,23:24:52,13,11,10,0
 8368,2016/08/15,23:25:02,12.7,11,9.1,0
 8369,2016/08/15,23:25:12,11.7,11,9,0
 8370,2016/08/15,23:25:22,11.5,11,9.8,0
 8371,2016/08/15,23:25:32,11,11,9.1,0
 8372,2016/08/15,23:25:42,11,11,9,0
 8373,2016/08/15,23:25:52,10.7,10.5,9,0
 8374,2016/08/15,23:26:03,10,11,9,0
 8375,2016/08/15,23:26:13,10,11.7,9,0
 8376,2016/08/15,23:26:23,10,12,9,0
 8377,2016/08/15,23:26:33,10,11.7,8.5,0
 8378,2016/08/15,23:26:43,10.8,11.5,9,0
 8379,2016/08/15,23:26:53,11,11.7,9,0
 8380,2016/08/15,23:27:03,11,12,9,0
 8381,2016/08/15,23:27:13,11,12,9,0
 8382,2016/08/15,23:27:23,10.7,12,8.6,0
 8383,2016/08/15,23:27:33,10.8,12,8.4,0
 8384,2016/08/15,23:27:43,11,12,9,0
 8385,2016/08/15,23:27:53,11,12,9,0
 8386,2016/08/15,23:28:03,11,12,9,0
 8387,2016/08/15,23:28:13,11,12,9.9,0
 8388,2016/08/15,23:28:23,11,12.7,10,0
 8389,2016/08/15,23:28:33,11,12.2,10,0
 8390,2016/08/15,23:28:43,11.8,12,10,0
 8391,2016/08/15,23:28:54,12,12,10.4,0
 8392,2016/08/15,23:29:04,12,12,11,0
 8393,2016/08/15,23:29:14,12,12,10.1,0
 8394,2016/08/15,23:29:24,12,11.2,10,0
 8395,2016/08/15,23:29:34,12,11,10,0
 8396,2016/08/15,23:29:44,12,11,10,0
 8397,2016/08/15,23:29:54,12,11,10,0
 8398,2016/08/15,23:30:04,12.8,11,10,0
 8399,2016/08/15,23:30:14,12.6,11,10,0
 8400,2016/08/15,23:30:24,12,11,10,0
 8401,2016/08/15,23:30:34,12,11,10,0
 8402,2016/08/15,23:30:44,12,10.2,9.1,0
 8403,2016/08/15,23:30:54,12,10,9,0
 8404,2016/08/15,23:31:04,12,10,9,0
 8405,2016/08/15,23:31:14,11.1,10.3,9,0
 8406,2016/08/15,23:31:24,11,11,8,0
 8407,2016/08/15,23:31:35,11,11,8,0
 8408,2016/08/15,23:31:45,11.4,11,8,0
 8409,2016/08/15,23:31:55,12,11,8,0
 8410,2016/08/15,23:32:05,11.1,11.3,8,0
 8411,2016/08/15,23:32:15,11,12,8.4,0
 8412,2016/08/15,23:32:25,10.1,12,9,0
 8413,2016/08/15,23:32:35,10,12.5,9,0
 8414,2016/08/15,23:32:45,10.9,12.8,9,0
 8415,2016/08/15,23:32:55,11,13,9,0
 8416,2016/08/15,23:33:05,11,13,9,0
 8417,2016/08/15,23:33:15,11,13,9,0
 8418,2016/08/15,23:33:25,11.9,13,9,0
 8419,2016/08/15,23:33:35,12,13,9,0
 8420,2016/08/15,23:33:45,12,12.7,9,0
 8421,2016/08/15,23:33:55,12,12,9,0
 8422,2016/08/15,23:34:06,11.5,12,9.9,0
 8423,2016/08/15,23:34:16,11,12,10,0
 8424,2016/08/15,23:34:26,11,12,10,0
 8425,2016/08/15,23:34:36,11.5,11.2,10,0
 8426,2016/08/15,23:34:46,11,11,9,0
 8427,2016/08/15,23:34:56,11,11,9.5,0
 8428,2016/08/15,23:35:06,11,11,9.4,0
 8429,2016/08/15,23:35:16,11,11,10,0
 8430,2016/08/15,23:35:26,11,11,9,0
 8431,2016/08/15,23:35:36,10.5,11,9,0
 8432,2016/08/15,23:35:46,10,11,9,0
 8433,2016/08/15,23:35:56,9.5,11,9,0
 8434,2016/08/15,23:36:06,9.5,11.3,9,0
 8435,2016/08/15,23:36:16,9,11.6,9,0
 8436,2016/08/15,23:36:26,10,11,9,0
 8437,2016/08/15,23:36:36,10,11,8,0
 8438,2016/08/15,23:36:47,10,11.3,8,0
 8439,2016/08/15,23:36:57,10,12,8,0
 8440,2016/08/15,23:37:07,9.5,12,9,0
 8441,2016/08/15,23:37:17,10,12,8.5,0
 8442,2016/08/15,23:37:27,10,12,8,0
 8443,2016/08/15,23:37:37,10,11.1,8,0
 8444,2016/08/15,23:37:47,10,11,8,0
 8445,2016/08/15,23:37:57,10,11.5,8,0
 8446,2016/08/15,23:38:07,11,11,8,0
 8447,2016/08/15,23:38:17,11,11,8,0
 8448,2016/08/15,23:38:27,11.6,11,8,0
 8449,2016/08/15,23:38:37,11.5,11,8,0
 8450,2016/08/15,23:38:47,12,11,8,0
 8451,2016/08/15,23:38:57,11.9,11.3,8,0
 8452,2016/08/15,23:39:07,11.5,12,8,0
 8453,2016/08/15,23:39:18,11.1,11.1,8.5,0
 8454,2016/08/15,23:39:28,12,11,8.5,0
 8455,2016/08/15,23:39:38,12,11.5,9,0
 8456,2016/08/15,23:39:48,12,11,9,0
 8457,2016/08/15,23:39:58,12,11,9,0
 8458,2016/08/15,23:40:08,12,11,9,0
 8459,2016/08/15,23:40:18,12,11,9,0
 8460,2016/08/15,23:40:28,11.9,10.1,9,0
 8461,2016/08/15,23:40:38,11,10.9,9,0
 8462,2016/08/15,23:40:48,11,11,9,0
 8463,2016/08/15,23:40:58,9.9,11,8.9,0
 8464,2016/08/15,23:41:08,10.3,11.9,8,0
 8465,2016/08/15,23:41:18,10,11.1,8.5,0
 8466,2016/08/15,23:41:28,10,11,8.9,0
 8467,2016/08/15,23:41:38,10,11,8,0
 8468,2016/08/15,23:41:49,10,11,8,0
 8469,2016/08/15,23:41:59,10,11,7.4,0
 8470,2016/08/15,23:42:09,10,11,7,0
 8471,2016/08/15,23:42:19,10,11,7,0
 8472,2016/08/15,23:42:29,10,11,8,0
 8473,2016/08/15,23:42:39,10,11,8,0
 8474,2016/08/15,23:42:49,10,11,8,0
 8475,2016/08/15,23:42:59,10.1,11,8,0
 8476,2016/08/15,23:43:09,11,10.6,8,0
 8477,2016/08/15,23:43:19,11,10.9,8,0
 8478,2016/08/15,23:43:29,11,10.5,8,0
 8479,2016/08/15,23:43:39,11.2,10.6,8.5,0
 8480,2016/08/15,23:43:49,12,10.9,8.9,0
 8481,2016/08/15,23:43:59,12,11.4,8,0
 8482,2016/08/15,23:44:09,12,12,9,0
 8483,2016/08/15,23:44:19,12,12,9,0
 8484,2016/08/15,23:44:30,12,11.5,9,0
 8485,2016/08/15,23:44:40,12,11.5,9,0
 8486,2016/08/15,23:44:50,12,11,9,0
 8487,2016/08/15,23:45:00,12,11,9,0
 8488,2016/08/15,23:45:10,12.7,11.4,9,0
 8489,2016/08/15,23:45:20,13,12,9,0
 8490,2016/08/15,23:45:30,13,12,9.1,0
 8491,2016/08/15,23:45:40,13,12,10,0
 8492,2016/08/15,23:45:50,13,12,10,0
 8493,2016/08/15,23:46:00,13,12,10,0
 8494,2016/08/15,23:46:10,12.2,12,10,0
 8495,2016/08/15,23:46:20,12,11,9.4,0
 8496,2016/08/15,23:46:30,12,11,9,0
 8497,2016/08/15,23:46:40,12,10,9,0
 8498,2016/08/15,23:46:50,12,10,9.5,0
 8499,2016/08/15,23:47:01,12,10,9,0
 8500,2016/08/15,23:47:11,11.2,10,9,0
 8501,2016/08/15,23:47:21,11.7,10,9,0
 8502,2016/08/15,23:47:31,12,10.5,9,0
 8503,2016/08/15,23:47:41,12,10,9,0
 8504,2016/08/15,23:47:51,12,10,9,0
 8505,2016/08/15,23:48:01,12,10,8.5,0
 8506,2016/08/15,23:48:11,12.3,10,8.4,0
 8507,2016/08/15,23:48:21,13,9.5,8,0
 8508,2016/08/15,23:48:31,12.3,10,8,0
 8509,2016/08/15,23:48:41,13,10,8,0
 8510,2016/08/15,23:48:51,13.5,10,8,0
 8511,2016/08/15,23:49:01,13,10,8,0
 8512,2016/08/15,23:49:11,13,10,8,0
 8513,2016/08/15,23:49:21,13,10,8,0
 8514,2016/08/15,23:49:31,13,10.5,8,0
 8515,2016/08/15,23:49:42,13.5,12,8.6,0
 8516,2016/08/15,23:49:52,13,12,9,0
 8517,2016/08/15,23:50:02,13,12,8.8,0
 8518,2016/08/15,23:50:12,13,12,8.6,0
 8519,2016/08/15,23:50:22,13,12,9,0
 8520,2016/08/15,23:50:32,13,12,8.8,0
 8521,2016/08/15,23:50:42,13,12.5,8.6,0
 8522,2016/08/15,23:50:52,13,12.5,9,0
 8523,2016/08/15,23:51:02,13,12,9,0
 8524,2016/08/15,23:51:12,12.6,12,9,0
 8525,2016/08/15,23:51:22,12.8,13,9.5,0
 8526,2016/08/15,23:51:32,13,13,9,0
 8527,2016/08/15,23:51:42,12.1,13,9,0
 8528,2016/08/15,23:51:52,12,12.5,9,0
 8529,2016/08/15,23:52:02,12,12,9,0
 8530,2016/08/15,23:52:12,11.5,11,9,0
 8531,2016/08/15,23:52:23,12.4,11,9,0
 8532,2016/08/15,23:52:33,12,11,9,0
 8533,2016/08/15,23:52:43,12.9,11,8.5,0
 8534,2016/08/15,23:52:53,12,11,8.8,0
 8535,2016/08/15,23:53:03,12,11,8,0
 8536,2016/08/15,23:53:13,11.5,11,8,0
 8537,2016/08/15,23:53:23,11.9,11,8,0
 8538,2016/08/15,23:53:33,12,11,8,0
 8539,2016/08/15,23:53:43,12,10.9,8,0
 8540,2016/08/15,23:53:53,11,10,7.3,0
 8541,2016/08/15,23:54:03,11,10,7,0
 8542,2016/08/15,23:54:13,11.9,10.4,7,0
 8543,2016/08/15,23:54:23,12,10,7,0
 8544,2016/08/15,23:54:33,12,10,7,0
 8545,2016/08/15,23:54:43,12,10,7,0
 8546,2016/08/15,23:54:54,11,10,7,0
 8547,2016/08/15,23:55:04,11,10,7,0
 8548,2016/08/15,23:55:14,11,10,7.2,0
 8549,2016/08/15,23:55:24,11,10,7.3,0
 8550,2016/08/15,23:55:34,11,10,7,0
 8551,2016/08/15,23:55:44,11.5,10,7.7,0
 8552,2016/08/15,23:55:54,11.5,10,8,0
 8553,2016/08/15,23:56:04,11,10,8,0
 8554,2016/08/15,23:56:14,11.5,11,8,0
 8555,2016/08/15,23:56:24,12,11.4,8,0
 8556,2016/08/15,23:56:34,12,11,8,0
 8557,2016/08/15,23:56:44,12,11,8,0
 8558,2016/08/15,23:56:54,12,11,8,0
 8559,2016/08/15,23:57:04,11.9,11,8,0
 8560,2016/08/15,23:57:14,11.5,11,8,0
 8561,2016/08/15,23:57:24,11.9,12,8,0
 8562,2016/08/15,23:57:35,11.5,12,8,0
 8563,2016/08/15,23:57:45,12,12,8,0
 8564,2016/08/15,23:57:55,11.4,12,8,0
 8565,2016/08/15,23:58:05,11.5,12,8,0
 8566,2016/08/15,23:58:15,11,12,7.3,0
 8567,2016/08/15,23:58:25,10.5,12,7,0
 8568,2016/08/15,23:58:35,11,11.9,7.2,0
 8569,2016/08/15,23:58:45,10.4,11,8,0
 8570,2016/08/15,23:58:55,10,11,8,0
 8571,2016/08/15,23:59:05,10,11.1,8,0
 8572,2016/08/15,23:59:15,10,12,8,0
 8573,2016/08/15,23:59:25,10,12,8,0
 8574,2016/08/15,23:59:35,10.1,12,8,0
 8575,2016/08/15,23:59:45,11,12,8,0
 8576,2016/08/15,23:59:55,11,11.4,8,0
